pos,ref,castaneus_TW3,castaneus_PX,castaneus_CAST/EiJ,castaneus_TW2,castaneus_GX,castaneus_WH,castaneus_GZ,castaneus_TW1,castaneus_KM,domesticus_Ker_Gui05,domesticus_Ker_PJDA0908,domesticus_Ker_PJDA0907,domesticus_Ker_PJDA0901,domesticus_Ker_PJDA03,domesticus_Ker_PJDA01,domesticus_Ker_PAF0939,domesticus_Ker_PAF0933,domesticus_Ker_Mayes46,domesticus_Ker_Mayes34,domesticus_Ker_Mayes19,domesticus_Ker_Jack0922,domesticus_Ker_Jack0912,domesticus_Ker_IB06,domesticus_Ker_Couv0903,domesticus_LE_4221,domesticus_Crl_CD1_ICR,domesticus_Ker_Jack0902,domesticus_BG_4235,domesticus_HB_4242
51,A,-,A,A,-,A,A,A,A,A,A,A,A,A,A,A,A,A,A,A,A,A,A,A,A,A,A,A,A,A
55,G,T,T,T,T,T,T,T,T,T,G,G,G,G,G,G,G,G,G,G,G,G,G,G,G,G,G,G,A,T
131,G,A,G,G,A,G,G,G,G,G,G,G,G,G,G,G,G,G,G,G,G,G,G,G,G,G,G,G,G,G
165,A,C,C,C,C,C,C,C,C,C,A,A,A,A,A,A,A,A,A,A,A,A,A,A,A,A,A,A,A,A
201,T,C,T,T,C,T,T,T,T,T,T,T,T,T,T,T,T,T,T,T,T,T,T,T,T,T,T,T,T,T
233,A,A,A,A,A,A,A,A,A,A,A,A,A,A,A,A,A,A,A,A,A,A,A,A,A,A,A,A,A,T
322,T,T,T,T,T,T,T,T,T,T,T,T,T,T,T,T,T,T,T,T,T,T,T,T,T,C,T,T,T,T
348,C,T,T,T,T,T,T,T,T,T,C,C,C,C,C,C,C,C,C,C,C,C,C,C,C,C,C,C,C,C
367,A,C,A,A,C,A,A,A,A,A,A,A,A,A,A,A,A,A,A,A,A,A,A,A,A,A,A,A,A,A
433,C,C,C,C,C,C,C,C,C,C,C,C,C,C,C,C,C,C,C,C,C,C,C,C,C,C,C,C,C,A
455,G,A,A,A,A,A,A,A,A,A,G,G,G,G,G,G,G,G,G,G,G,G,G,G,G,G,G,G,A,A
486,A,A,A,A,A,G,A,A,A,A,A,A,A,A,A,A,A,A,A,A,A,A,A,A,A,A,A,A,A,A
487,A,A,A,A,A,G,A,A,A,A,A,A,A,A,A,A,A,A,A,A,A,A,A,A,A,A,A,A,A,A
517,C,C,C,C,C,C,C,C,C,C,T,T,T,T,T,T,T,T,T,T,T,T,T,T,T,C,C,T,C,C
572,T,C,C,C,C,C,C,C,C,C,T,T,T,T,T,T,T,T,T,T,T,T,T,T,T,T,T,T,T,T
840,A,A,G,A,A,A,A,A,A,A,A,A,A,A,A,A,A,A,A,A,A,A,A,A,A,A,A,A,A,A
847,T,T,G,T,T,T,T,T,T,T,T,T,T,T,T,T,T,T,T,T,T,T,T,T,T,T,T,T,T,T
857,A,A,T,A,A,A,A,A,A,A,A,A,A,A,A,A,A,A,A,A,A,A,A,A,A,A,A,A,A,A
866,T,T,T,T,T,T,T,A,T,T,T,T,T,T,T,T,T,T,T,T,T,T,T,T,T,T,T,T,T,T
917,C,C,C,C,C,C,C,T,C,C,C,C,C,C,C,C,C,C,C,C,C,C,C,C,C,C,C,C,C,C
947,T,T,A,A,T,A,A,A,A,A,T,T,T,T,T,T,T,T,T,T,T,T,T,T,T,T,T,T,T,T
959,C,C,C,C,C,C,C,C,C,C,C,C,C,C,C,C,C,C,C,C,C,C,C,C,C,T,C,C,C,C
961,T,T,T,T,T,T,T,T,T,T,T,T,T,T,T,T,T,T,T,T,T,T,T,T,T,T,T,T,T,C
964,G,A,A,A,A,A,A,A,A,A,G,G,G,G,G,G,G,G,G,G,G,G,G,G,G,G,G,G,G,G
1033,A,A,A,A,A,A,A,A,A,A,A,A,A,A,A,A,G,A,A,A,A,A,A,A,A,A,A,A,A,A
1072,T,T,C,C,T,C,C,T,C,C,T,T,T,T,T,T,T,T,T,T,T,T,T,T,T,T,T,T,T,T
1078,C,C,T,T,C,T,T,T,T,T,C,C,C,C,C,C,C,C,C,C,C,C,C,C,C,C,C,C,C,C
1084,A,G,G,G,G,G,G,G,G,G,A,A,A,A,A,A,A,A,A,A,A,A,A,A,A,A,A,A,A,A
1136,T,T,T,C,T,T,T,T,T,T,T,T,T,T,T,T,T,T,T,T,T,T,T,T,T,T,T,T,T,T
1185,C,T,C,C,T,C,C,C,C,C,C,C,C,C,C,C,C,C,C,C,C,C,C,C,C,C,C,C,C,C
1248,G,A,A,A,A,A,A,A,A,A,G,G,G,G,G,G,G,G,G,G,G,G,G,G,G,G,G,G,G,G
1450,A,A,G,G,A,G,G,G,G,G,A,A,A,A,A,A,A,A,A,A,A,A,A,A,A,A,A,A,A,A
1519,G,A,A,A,A,A,A,A,A,A,G,G,G,G,G,G,G,G,G,G,G,G,G,G,G,G,G,G,A,A
1521,T,C,C,C,C,C,C,C,C,C,T,T,T,T,T,T,T,T,T,T,T,T,T,T,T,T,T,T,T,T
1522,T,T,C,C,T,C,C,T,C,C,T,T,T,T,T,T,T,T,T,T,T,T,T,T,T,T,T,T,T,T
1590,G,G,G,G,G,G,G,G,G,G,G,G,G,G,G,G,G,G,G,G,G,G,G,G,G,G,G,G,A,G
1658,C,A,A,A,A,A,A,A,A,A,C,C,C,C,C,C,C,C,C,C,C,C,C,C,C,C,C,C,C,C
1673,T,C,C,C,C,C,C,C,C,C,T,T,T,T,T,T,T,T,T,T,T,T,T,T,T,T,T,T,T,T
1675,T,T,T,T,T,T,T,T,T,T,T,T,T,T,T,T,T,T,T,T,T,T,T,T,T,T,T,T,T,C
1704,T,T,T,C,T,T,T,T,T,T,T,T,T,T,T,T,T,T,T,T,T,T,T,T,T,T,T,T,T,T
1754,T,A,T,T,A,T,T,T,T,T,T,T,T,T,T,T,T,T,T,T,T,T,T,T,T,T,T,T,T,T
1791,A,G,G,G,G,G,G,G,G,G,A,A,A,A,A,A,A,A,A,A,A,A,A,A,A,A,A,A,A,A
1826,C,T,T,T,T,T,T,T,T,T,C,C,C,C,C,C,C,C,C,C,C,C,C,C,C,C,C,C,C,C
1835,A,A,A,A,A,A,A,G,A,A,A,A,A,A,A,A,A,A,A,A,A,A,A,A,A,A,A,A,A,A
1837,T,T,C,C,T,C,C,C,C,C,T,T,T,T,T,T,T,T,T,T,T,T,T,T,T,T,T,T,T,T
1841,C,T,T,T,T,T,T,T,T,T,C,C,C,C,C,C,C,C,C,C,C,C,C,C,C,C,C,C,C,C
1862,A,A,A,A,A,A,A,A,C,C,A,A,A,A,A,A,A,A,A,A,A,A,A,A,A,A,A,A,A,A
1863,C,C,C,T,C,T,C,C,C,C,C,C,C,C,C,C,C,C,C,C,C,C,C,C,C,C,C,C,C,C
1893,C,T,T,T,T,T,T,T,T,T,C,C,C,C,C,C,C,C,C,C,C,C,C,C,C,C,C,C,C,C
2185,A,G,G,G,G,G,G,G,G,G,A,A,A,A,A,A,A,A,A,A,A,A,A,A,A,A,A,A,A,A
2333,T,G,T,T,T,T,T,T,T,T,T,T,T,T,T,T,T,T,T,T,T,T,T,T,T,T,T,T,T,T
2340,G,A,A,A,A,A,A,A,G,A,A,A,A,A,A,A,A,A,A,A,A,A,A,A,A,A,G,A,A,A
2344,T,C,C,C,C,C,C,C,C,C,T,T,T,T,T,T,T,T,T,T,T,T,T,T,T,T,T,T,T,T
2525,C,T,C,C,T,T,C,T,C,C,C,C,C,C,C,C,C,C,C,C,C,C,C,C,C,C,C,C,T,C
2615,T,T,C,C,T,C,C,T,C,C,T,T,T,T,T,T,T,T,T,T,T,T,T,T,T,T,T,T,T,T
2722,t,T,T,T,T,T,T,T,T,T,T,T,T,T,T,T,T,T,T,T,T,T,T,T,T,T,T,T,T,C
2766,A,A,A,A,A,A,A,A,A,A,A,A,A,A,A,A,A,A,A,A,A,A,A,A,A,A,A,A,G,A
2781,G,A,G,G,A,G,G,G,G,G,G,G,G,G,G,G,G,G,G,G,G,G,G,G,G,G,G,G,G,G
2786,C,T,T,T,T,T,T,T,T,T,C,C,C,C,C,C,C,C,C,C,C,C,C,C,C,C,C,C,C,C
2798,C,C,C,C,T,C,C,C,T,T,C,C,C,C,C,C,C,C,C,C,C,C,C,C,C,C,C,C,T,T
2814,T,C,C,C,C,T,T,T,C,C,T,T,T,T,T,T,T,T,T,T,T,T,T,T,T,T,T,T,C,C
2839,A,A,A,A,A,A,A,A,A,A,A,A,A,A,A,A,A,A,A,A,A,A,A,A,A,A,A,A,A,G
2840,C,C,T,T,C,T,T,T,T,T,C,C,C,C,C,C,C,C,C,C,C,C,C,C,C,C,C,C,C,T
2865,A,A,G,G,A,G,G,G,G,G,A,A,A,A,A,A,A,A,A,A,A,A,A,A,A,A,A,A,A,A
2870,T,A,A,A,A,A,A,A,A,A,T,T,T,T,T,T,T,T,T,T,T,T,T,T,T,T,T,T,T,T
2885,T,C,C,C,C,A,C,C,C,A,T,T,T,T,T,T,T,T,T,T,T,T,T,T,T,T,T,T,T,T
2886,T,C,C,C,C,C,C,C,C,C,T,T,T,T,T,T,T,T,T,T,T,T,T,T,T,T,T,T,T,T
2918,T,T,C,C,T,C,C,C,C,C,T,T,T,T,T,T,T,T,T,T,T,T,T,T,T,T,T,T,T,T
2932,T,T,T,T,T,T,T,T,T,T,T,T,T,T,T,T,T,T,T,T,T,T,T,T,T,C,T,T,T,T
2954,A,A,G,G,A,G,G,A,G,G,A,A,A,A,A,A,A,A,A,A,A,A,A,A,A,A,A,A,A,A
3011,T,T,T,T,T,T,T,T,T,T,T,T,T,T,T,T,T,T,T,T,T,T,T,T,T,T,T,T,C,T
3048,C,T,T,T,T,T,T,T,T,T,C,C,C,C,C,C,C,C,C,C,C,C,C,C,C,C,C,C,C,C
3053,G,G,A,A,G,A,A,A,A,A,G,G,G,G,G,G,G,G,G,G,G,G,G,G,G,G,G,G,G,G
3056,T,C,T,T,C,T,T,T,T,T,T,T,T,T,T,T,T,T,T,T,T,T,T,T,T,T,T,T,T,T
3077,T,C,C,C,C,C,C,C,C,C,T,T,T,T,T,T,T,T,T,T,T,T,T,T,T,T,T,T,T,T
3089,T,C,C,C,C,C,C,C,C,C,T,T,T,T,T,T,T,T,T,T,T,T,T,T,T,T,T,T,T,T
3095,C,C,T,T,C,T,T,T,T,T,C,C,C,C,C,C,C,C,C,C,C,C,C,C,C,C,C,C,C,C
3099,C,C,T,T,C,T,T,T,T,T,C,C,C,C,C,C,C,C,C,C,C,C,C,C,C,C,C,C,C,C
3152,A,A,A,A,A,A,A,A,A,A,A,A,A,A,A,A,A,A,A,A,A,A,A,A,A,A,A,A,A,G
3209,T,C,T,T,C,T,T,T,T,T,T,T,T,T,T,T,T,T,T,T,T,T,T,T,T,T,T,T,T,T
3220,A,G,G,G,G,G,G,G,G,G,A,A,A,A,A,A,A,A,A,A,A,A,A,A,A,A,A,A,A,G
3221,T,T,T,T,T,T,T,T,T,T,T,T,T,T,T,T,T,T,T,T,T,T,T,T,T,T,T,T,C,T
3275,T,A,A,A,A,A,A,A,A,A,T,T,T,T,T,T,T,T,T,T,T,T,T,T,T,T,T,T,T,T
3278,G,A,A,A,A,A,A,A,A,A,G,G,G,G,G,G,G,G,G,G,G,G,G,G,G,G,G,G,G,G
3311,C,T,T,T,T,T,T,T,T,T,C,C,C,C,C,C,C,C,C,C,C,C,C,C,C,C,C,C,C,C
3317,C,T,T,T,T,T,T,T,C,T,C,C,C,C,C,C,C,C,C,C,C,C,C,C,C,C,C,C,C,C
3362,A,G,G,G,G,G,G,G,G,G,A,A,A,A,A,A,A,A,A,A,A,A,A,A,A,A,A,A,A,A
3443,T,T,C,C,T,C,C,C,C,C,T,T,T,T,T,T,T,T,T,T,T,T,T,T,T,T,T,T,T,T
3467,T,T,C,C,T,C,C,C,C,C,T,T,T,T,T,T,T,T,T,T,T,T,T,T,T,T,T,T,C,C
3476,C,T,C,C,T,C,C,C,C,C,C,C,C,C,C,C,C,C,C,C,C,C,C,C,C,C,C,C,C,C
3491,C,T,T,T,T,T,T,T,T,T,C,C,C,C,C,C,C,C,C,C,C,C,C,C,C,C,C,C,C,C
3497,C,T,T,T,T,T,T,T,T,T,C,C,C,C,C,C,C,C,C,C,C,C,C,C,C,C,C,C,C,C
3512,C,C,C,C,C,C,C,C,C,C,C,C,C,C,C,C,C,C,C,C,C,C,C,C,C,C,C,C,C,A
3537,G,G,A,A,G,A,A,A,A,A,G,G,G,G,G,G,G,G,G,G,G,G,G,G,G,G,G,G,G,G
3539,T,C,C,C,C,C,C,C,C,C,T,T,T,T,T,T,T,T,T,T,T,T,T,T,T,T,T,T,T,T
3546,C,T,C,C,T,C,C,C,C,C,C,C,C,C,C,C,C,C,C,C,C,C,C,C,C,C,C,C,C,C
3566,G,A,A,A,A,A,A,A,A,A,G,G,G,G,G,G,G,G,G,G,G,G,G,G,G,G,G,G,G,G
3573,G,G,G,G,G,G,G,G,G,G,G,G,G,G,G,G,G,G,G,G,G,G,G,G,G,G,G,G,G,T
3593,T,C,C,C,C,C,C,C,C,C,T,T,T,T,T,T,T,T,T,T,T,T,T,T,T,T,T,T,T,T
3599,T,C,C,C,C,C,C,C,C,C,T,T,T,T,T,T,T,T,T,T,T,T,T,T,T,T,T,T,C,C
3629,T,C,C,C,C,C,C,C,C,C,T,T,T,T,T,T,T,T,T,T,T,T,T,T,T,T,T,T,T,T
3630,C,T,T,T,T,T,T,T,T,T,C,C,C,C,C,C,C,C,C,C,C,C,C,C,C,C,C,C,C,C
3635,C,C,T,T,C,T,T,T,T,T,C,C,C,C,C,C,C,C,C,C,C,C,C,C,C,C,C,C,C,T
3653,T,T,T,T,T,T,T,T,T,T,T,T,T,T,T,T,T,T,T,T,T,T,T,T,T,T,T,T,T,C
3689,A,G,G,G,G,G,G,G,G,G,A,A,A,A,A,A,A,A,A,A,A,A,A,A,A,A,A,A,A,G
3692,A,A,A,A,A,A,A,A,A,A,A,A,A,A,A,A,A,A,A,A,A,A,A,A,A,A,A,A,G,A
3727,A,A,A,A,A,A,A,A,A,A,A,A,A,A,A,A,A,A,A,A,A,A,A,A,A,A,A,A,G,A
3757,C,T,T,T,T,T,T,T,T,T,C,C,C,C,C,C,C,C,C,C,C,C,C,C,C,C,C,C,C,C
3796,c,T,T,T,T,T,T,T,T,T,C,C,C,C,C,C,C,C,C,C,C,C,C,C,C,C,C,C,C,C
3817,c,T,T,T,T,T,T,T,T,T,C,C,C,C,C,C,C,C,C,C,C,C,C,C,C,C,C,C,C,C
3933,C,G,G,G,G,G,G,G,G,G,C,C,C,C,C,C,C,C,C,C,C,C,C,C,C,C,C,C,C,C
3946,C,T,C,C,T,C,C,C,C,C,C,C,C,C,C,C,C,C,C,C,C,C,C,C,C,C,C,C,C,C
4020,G,G,G,G,G,A,G,G,G,A,G,G,G,G,G,G,G,G,G,G,G,G,G,G,G,G,G,G,G,G
4048,C,C,T,T,C,T,T,T,T,T,C,C,C,C,C,C,C,C,C,C,C,C,C,C,C,C,C,C,C,C
4075,A,A,A,A,A,A,A,A,A,A,A,A,A,A,A,A,A,A,A,A,A,A,A,A,A,A,A,A,A,G
4090,C,T,T,T,T,T,T,T,T,T,C,C,C,C,C,C,C,C,C,C,C,C,C,C,C,C,C,C,C,C
4123,C,T,T,T,T,T,T,T,T,T,C,C,C,C,C,C,C,C,C,C,C,C,C,C,C,C,C,C,C,C
4147,T,T,T,T,T,T,T,T,T,T,T,T,T,T,T,T,T,T,T,T,T,T,T,T,T,T,T,T,T,C
4159,A,G,G,G,G,G,G,G,G,G,A,A,A,A,A,A,A,A,A,A,A,A,A,A,A,A,A,A,A,A
4162,A,A,A,A,A,A,A,A,A,A,A,A,A,A,A,A,A,A,A,A,A,A,A,A,A,A,A,A,G,A
4188,G,G,G,G,G,G,G,G,G,G,G,G,G,G,G,G,G,G,G,G,G,G,G,G,G,G,G,G,A,G
4189,T,C,C,C,C,C,C,C,C,C,T,T,T,T,T,T,T,T,T,T,T,T,T,T,T,T,T,T,T,T
4256,T,C,C,C,C,C,C,C,C,C,T,T,T,T,T,T,T,T,T,T,T,T,T,T,T,T,T,T,T,T
4264,A,G,G,G,G,G,G,G,G,G,A,A,A,A,A,A,A,A,A,A,A,A,A,A,A,A,A,A,A,A
4276,G,G,G,G,G,G,G,G,G,G,G,G,G,G,G,G,G,G,G,G,G,G,G,G,G,G,G,G,A,G
4297,T,C,C,C,C,C,C,C,C,C,T,T,T,T,T,T,T,T,T,T,T,T,T,T,T,T,T,T,T,T
4300,T,C,T,T,C,T,T,T,T,T,T,T,T,T,T,T,T,C,T,T,T,T,T,T,T,T,T,T,T,T
4324,T,C,C,C,C,C,C,C,C,C,T,T,T,T,T,T,T,T,T,T,T,T,T,T,T,T,T,T,C,C
4336,T,T,C,C,T,C,C,C,C,C,T,T,T,T,T,T,T,T,T,T,T,T,T,T,T,T,T,T,T,T
4342,T,C,C,C,C,C,C,C,C,C,T,T,T,T,T,T,T,T,T,T,T,T,T,T,T,T,T,T,T,T
4348,T,C,C,C,C,C,C,C,C,C,T,T,T,T,T,T,T,T,T,T,T,T,T,T,T,T,T,T,T,T
4354,G,G,G,G,G,G,G,G,G,G,G,G,G,G,G,G,G,G,G,G,G,C,C,G,G,G,G,G,G,G
4387,A,A,G,G,A,G,G,G,G,G,A,A,A,A,A,A,A,A,A,A,A,A,A,A,A,A,A,A,A,A
4408,G,A,A,A,A,A,A,A,A,A,G,G,G,G,G,G,G,G,G,G,G,G,G,G,G,G,G,G,A,A
4409,G,G,G,G,G,G,G,G,G,G,A,A,A,A,A,A,A,A,A,A,A,A,A,A,A,G,G,A,G,G
4456,T,T,C,C,T,C,C,C,C,C,T,T,T,T,T,T,T,T,T,T,T,T,T,T,T,T,T,T,T,T
4492,T,C,C,C,C,C,C,C,C,C,T,T,T,T,T,T,T,T,T,T,T,T,T,T,T,T,T,T,T,T
4516,T,A,A,A,A,A,A,A,A,A,T,T,T,T,T,T,T,T,T,T,T,T,T,T,T,T,T,T,T,T
4537,T,C,C,C,C,C,C,C,C,C,T,T,T,T,T,T,T,T,T,T,T,T,T,T,T,T,T,T,T,T
4546,T,C,C,C,C,C,C,C,C,C,T,T,T,T,T,T,T,T,T,T,T,T,T,T,T,T,T,T,T,T
4551,C,T,T,T,T,T,T,T,T,T,T,T,T,T,T,T,T,T,T,T,T,T,T,T,T,T,C,T,C,C
4570,T,C,C,C,C,C,C,C,C,C,T,T,T,T,T,T,T,T,T,T,T,T,T,T,T,T,T,T,T,T
4581,A,G,G,G,G,G,G,G,G,G,A,A,A,A,A,A,A,A,A,A,A,A,A,A,A,A,A,A,A,A
4624,T,C,C,C,C,C,C,C,C,C,T,T,T,T,T,T,T,T,T,T,T,T,T,T,T,T,T,T,T,T
4684,A,A,A,A,A,A,A,A,A,A,A,A,A,A,A,A,A,A,A,A,A,A,A,A,A,A,A,A,A,G
4693,C,T,T,T,T,T,T,T,T,T,C,C,C,C,C,C,C,C,C,C,C,C,C,C,C,C,C,C,C,C
4694,T,C,T,T,C,T,T,T,T,T,T,T,T,T,T,T,T,T,T,T,T,T,T,T,T,T,T,T,T,T
4706,A,A,A,A,A,A,A,A,A,A,A,A,A,A,A,A,A,A,A,A,A,A,A,A,A,A,A,A,G,A
4720,A,A,G,G,A,G,G,G,G,G,A,A,A,A,A,A,A,A,A,A,A,A,A,A,A,A,A,A,A,A
4732,C,T,T,T,T,T,T,T,T,T,C,C,C,C,C,C,C,C,C,C,C,C,C,C,C,C,C,C,T,T
4744,T,T,T,C,T,T,T,T,T,T,T,T,T,T,T,T,T,T,T,T,T,T,T,T,T,T,T,T,T,T
4751,A,A,C,A,A,A,A,A,A,A,A,A,A,A,A,A,A,A,A,A,A,A,A,A,A,A,A,A,A,A
4771,T,C,C,C,T,C,C,C,C,C,T,T,T,T,T,T,T,T,T,T,T,T,T,T,T,T,T,T,C,C
4774,A,C,C,C,A,C,C,C,C,C,A,A,A,A,A,A,A,A,A,A,A,A,A,A,A,A,A,A,A,A
4786,C,T,C,C,C,C,C,C,C,C,C,C,C,C,C,C,C,C,C,C,C,C,C,C,C,C,C,C,C,C
4792,T,C,T,T,T,T,T,T,T,T,T,T,T,T,T,T,T,T,T,T,T,T,T,T,T,T,T,T,T,T
4795,T,G,G,G,T,G,G,G,G,G,T,T,T,T,T,T,T,T,T,T,T,T,T,T,T,T,T,T,T,T
4811,A,C,A,A,A,A,A,A,A,A,A,A,A,A,A,A,A,A,A,A,A,A,A,A,A,A,A,A,A,A
4813,T,C,C,C,T,C,C,C,C,C,T,T,T,T,T,T,T,T,T,T,T,T,T,T,T,T,T,T,T,T
4816,A,C,A,A,A,A,A,A,A,A,A,A,A,A,A,A,A,A,A,A,A,A,A,A,A,A,A,A,A,A
4840,T,C,C,C,T,C,C,C,C,C,T,T,T,T,T,T,T,T,T,T,T,T,T,T,T,T,T,T,T,T
4860,A,C,A,A,A,A,A,A,A,A,A,A,A,A,A,A,A,A,A,A,A,A,A,A,A,A,A,A,A,A
4872,C,A,C,C,C,C,C,C,C,C,C,C,C,C,C,C,C,C,C,C,C,C,C,C,C,C,C,C,C,C
4884,T,C,C,C,C,C,C,C,C,C,T,T,T,T,T,T,T,T,T,T,T,T,T,T,T,T,T,T,T,T
4889,T,T,T,T,T,T,T,T,T,T,T,T,T,T,T,T,T,T,T,T,T,T,T,T,T,T,T,T,T,C
4895,A,C,A,A,A,A,A,A,A,A,A,A,A,A,A,A,A,A,A,A,A,A,A,A,A,A,A,A,A,A
4901,G,A,A,A,A,A,A,A,A,A,G,G,G,G,G,G,G,G,G,G,G,G,G,G,G,G,G,G,G,G
4912,C,T,T,T,T,T,T,T,T,T,C,C,C,C,C,C,C,C,C,C,C,C,C,C,C,C,C,C,C,C
4942,A,T,T,T,T,T,T,T,T,T,A,A,A,A,A,A,A,A,A,A,A,A,A,A,A,A,A,A,A,A
4943,A,T,A,A,A,A,A,A,A,A,A,A,A,A,A,A,A,A,A,A,A,A,A,A,A,A,A,A,A,A
4947,C,T,T,T,T,T,T,T,T,T,C,C,C,C,C,C,C,C,C,C,C,C,C,C,C,C,C,C,C,C
4948,C,T,C,C,C,C,C,C,C,C,C,C,C,C,C,C,C,C,C,C,C,C,C,C,C,C,C,C,C,C
4971,C,C,C,C,T,C,C,C,C,C,C,C,C,C,C,C,C,C,C,C,C,C,C,C,C,C,C,C,C,C
4988,C,C,T,T,C,T,T,T,T,T,C,C,C,C,C,C,C,C,C,C,C,C,C,C,C,C,C,C,C,C
5014,C,T,C,C,T,C,C,C,C,C,C,C,C,C,C,C,C,C,C,C,C,C,C,C,C,C,C,C,C,C
5045,C,T,C,C,T,C,C,C,C,C,C,C,C,C,C,C,C,C,C,C,C,C,C,C,C,C,C,C,C,C
5049,T,T,T,T,T,T,T,T,A,T,T,T,T,T,T,T,T,T,T,T,T,T,T,T,T,T,T,T,T,T
5077,C,G,C,C,C,C,C,C,C,C,C,C,C,C,C,C,C,C,C,C,C,C,C,C,C,C,C,C,C,C
5086,C,C,C,C,T,C,C,C,C,C,C,C,C,C,C,C,C,C,C,C,C,C,C,C,C,C,C,C,C,C
5088,A,G,G,G,G,G,G,G,G,G,A,A,A,A,A,A,A,A,A,A,A,A,A,A,A,A,A,A,A,A
5095,T,T,T,T,T,T,T,T,G,T,T,T,T,T,T,T,T,T,T,T,T,T,T,T,T,T,T,T,T,T
5103,A,G,A,A,G,A,A,A,A,A,A,A,A,A,A,A,A,A,A,A,A,A,A,A,A,A,A,A,A,A
5150,C,G,C,C,G,C,C,C,C,C,C,C,C,C,C,C,C,C,C,C,C,C,C,C,C,C,C,C,C,C
5157,C,T,C,C,T,C,C,C,C,C,C,C,C,C,C,C,C,C,C,C,C,C,C,C,C,C,C,C,C,C
5160,C,A,C,C,C,C,C,C,C,C,C,C,C,C,C,C,C,C,C,C,C,C,C,C,C,C,C,C,C,C
5163,C,T,C,C,T,C,C,C,C,C,C,C,C,C,C,C,C,C,C,C,C,C,C,C,C,C,C,C,C,C
5183,T,T,T,T,T,G,G,G,T,T,T,T,T,T,T,T,T,T,T,T,T,T,T,T,T,T,T,T,T,T
5186,C,C,C,C,C,G,G,G,C,G,C,C,C,C,C,C,C,C,C,C,C,C,C,C,C,C,C,C,C,C
5191,G,G,G,G,G,G,A,G,G,G,G,G,G,G,G,G,G,G,G,G,G,G,G,G,G,G,G,G,G,G
5203,G,G,G,G,G,G,A,G,G,A,G,G,G,G,G,G,G,G,G,G,G,G,G,G,G,G,G,G,G,G
5216,A,C,A,A,A,A,C,A,A,C,A,A,A,A,A,A,A,A,A,A,A,A,A,A,A,A,A,A,A,A
5222,G,A,G,G,G,G,A,G,G,G,G,G,G,G,G,G,G,G,G,G,G,G,G,G,G,G,G,G,G,G
5287,G,A,G,G,A,G,G,G,G,G,G,G,G,G,G,G,G,G,G,G,G,G,G,G,G,G,G,G,G,G
5381,C,A,A,A,A,A,A,A,A,A,C,C,C,C,C,C,C,C,C,C,C,C,C,C,C,C,C,C,C,C
5393,C,C,C,C,C,T,C,T,C,C,C,C,C,C,C,C,C,C,C,C,C,C,C,C,C,C,C,C,C,C
5396,A,A,A,A,A,A,A,A,A,A,A,A,A,A,A,A,A,A,A,A,A,A,A,A,A,A,A,A,G,A
5414,G,A,A,A,A,A,A,A,A,A,G,G,G,G,G,G,G,G,G,G,G,G,G,G,G,G,G,G,G,G
5417,T,T,T,T,T,C,T,C,T,T,T,T,T,T,T,T,T,T,T,T,T,T,T,T,T,T,T,T,T,T
5420,T,T,T,T,T,C,T,C,T,T,T,T,T,T,T,T,T,T,T,T,T,T,T,T,T,T,T,T,T,T
5429,T,C,T,T,C,T,T,T,T,T,T,T,T,T,T,T,T,T,T,T,T,T,T,T,T,T,T,T,T,T
5435,A,A,A,A,A,A,A,A,A,G,A,A,A,A,A,A,A,A,A,A,A,A,A,A,A,A,A,A,A,A
5489,C,T,T,T,T,C,T,C,T,T,C,C,C,C,C,C,C,C,C,C,C,C,C,C,C,C,C,C,C,C
5498,C,C,T,T,C,C,T,C,T,T,C,C,C,C,C,C,C,C,C,C,C,C,C,C,C,C,C,C,C,C
5504,T,C,T,T,C,T,T,T,T,T,T,T,T,T,T,T,T,T,T,T,T,T,T,T,T,T,T,T,T,T
5552,T,C,C,C,C,T,C,T,C,C,T,T,T,T,T,T,T,T,T,T,T,T,T,T,T,T,T,T,C,C
5588,C,C,T,T,C,T,T,T,T,T,C,C,C,C,C,C,C,C,C,C,C,C,C,C,C,C,C,C,C,C
5639,C,C,C,C,C,T,C,T,C,C,C,C,C,C,C,C,C,C,C,C,C,C,C,C,C,C,C,C,C,C
5691,G,G,G,G,G,G,G,G,G,G,G,G,G,G,G,G,G,G,G,G,G,G,G,G,G,G,G,G,A,G
5738,C,C,C,C,C,T,C,T,C,C,C,C,C,C,C,C,C,C,C,C,C,C,C,C,C,C,C,C,C,C
5759,C,C,C,T,C,C,T,C,T,T,C,C,C,C,C,C,C,C,C,C,C,C,C,C,C,C,C,C,C,C
5786,T,T,C,C,T,T,C,T,C,C,T,T,T,T,T,T,T,T,T,T,T,T,T,T,T,T,T,T,T,T
5789,A,A,G,G,A,A,G,A,G,G,A,A,A,A,A,A,A,A,A,A,A,A,A,A,A,A,A,A,A,A
5822,T,T,T,T,T,T,T,T,T,T,T,T,T,T,T,T,T,T,T,T,T,T,T,T,T,T,T,T,T,C
5828,T,C,C,C,C,C,C,C,C,C,T,T,T,T,T,T,T,T,T,T,T,T,T,T,T,T,T,T,T,T
5855,A,A,G,G,A,A,G,A,G,G,A,A,A,A,A,A,A,A,A,A,A,A,A,A,A,A,A,A,A,A
5861,G,A,A,A,A,A,A,A,A,A,G,G,G,G,G,G,G,G,G,G,G,G,G,G,G,G,G,G,G,G
5930,G,A,A,A,A,A,A,A,A,A,G,G,G,G,G,G,G,G,G,G,G,G,G,G,G,G,G,G,A,A
5955,C,T,C,C,T,T,C,T,C,C,C,C,C,C,C,C,C,C,C,C,C,C,C,C,C,C,C,C,C,C
5975,C,C,C,C,C,C,C,C,T,C,C,C,C,C,C,C,C,C,C,C,C,C,C,C,C,C,C,C,C,C
5990,T,T,T,T,T,T,T,T,T,T,T,T,T,T,T,T,T,T,T,T,T,T,T,T,T,T,T,T,T,C
6020,C,C,C,C,C,C,C,C,C,C,C,C,C,C,C,C,C,C,C,C,C,C,C,C,C,C,C,C,C,T
6023,G,A,A,A,A,A,A,A,A,A,G,G,G,G,G,G,G,G,G,G,G,G,G,G,G,G,G,G,A,A
6044,G,A,C,C,A,A,C,A,C,C,G,G,G,G,G,G,G,G,G,G,G,G,G,G,G,G,G,G,G,G
6065,T,C,C,C,C,C,C,C,C,C,T,T,T,T,T,T,T,T,T,T,T,T,T,T,T,T,T,T,T,T
6101,T,T,T,A,T,T,T,T,T,T,T,T,T,T,T,T,T,T,T,T,T,T,T,T,T,T,T,T,T,T
6113,C,T,T,T,T,T,T,T,T,T,C,C,C,C,C,C,C,C,C,C,C,C,C,C,C,C,C,C,C,C
6116,A,A,G,G,A,A,G,A,G,G,A,A,A,A,A,A,A,A,A,A,A,A,A,A,A,A,A,A,A,A
6134,C,C,C,C,C,C,C,C,C,C,C,C,C,C,C,C,C,C,C,C,C,C,C,C,C,C,C,C,C,A
6170,C,C,T,T,C,C,T,C,T,T,C,C,C,C,C,C,C,C,C,C,C,C,C,C,C,C,C,C,C,C
6173,T,T,C,C,T,T,C,T,C,C,T,T,T,T,T,T,T,T,T,T,T,T,T,T,T,T,T,T,T,T
6281,C,T,C,C,T,C,C,C,C,C,C,C,C,C,C,C,C,C,C,C,C,C,C,C,C,C,C,C,C,C
6332,T,T,C,C,T,C,C,C,C,C,T,T,T,T,T,T,T,T,T,T,T,T,T,T,T,T,T,T,T,T
6350,C,T,T,T,T,T,T,T,T,T,C,C,C,C,C,C,C,C,C,C,C,C,C,C,C,C,C,C,C,C
6371,T,T,C,C,T,C,C,C,C,C,T,T,T,T,T,T,T,T,T,T,T,T,T,T,T,T,T,T,T,T
6392,A,A,A,A,A,A,A,A,A,A,A,A,A,A,A,A,A,A,A,A,A,A,A,A,A,A,A,A,C,A
6399,T,C,C,C,C,C,C,C,C,C,T,T,T,T,T,T,T,T,T,T,T,T,T,T,T,T,T,T,T,T
6413,C,T,C,C,T,C,C,C,C,C,C,C,C,C,C,C,C,C,C,C,C,C,C,C,C,C,C,C,C,C
6425,G,A,A,A,A,A,A,A,A,A,G,G,G,G,G,G,G,G,G,G,G,G,G,G,G,G,G,G,G,G
6461,C,T,T,T,T,T,T,T,T,T,C,C,C,C,C,C,C,C,C,C,C,C,C,C,C,C,C,C,C,C
6488,T,T,C,C,T,C,C,C,C,C,T,T,T,T,T,T,T,T,T,T,T,T,T,T,T,T,T,T,T,T
6506,T,C,C,C,C,C,C,A,C,C,T,T,T,T,T,T,T,T,T,T,T,T,T,T,T,T,T,T,T,T
6575,C,C,C,C,C,C,C,C,C,C,C,C,C,C,C,C,C,C,C,C,C,C,C,C,C,C,C,C,T,C
6578,A,G,G,G,G,G,G,G,G,G,A,A,A,A,A,A,A,A,A,A,A,A,A,A,A,A,A,A,A,A
6620,G,A,A,A,A,A,A,A,A,A,G,G,G,G,G,G,G,G,G,G,G,G,G,G,G,G,G,G,A,A
6692,T,T,T,T,T,T,T,T,T,T,T,T,T,T,T,T,T,T,T,T,T,T,T,T,T,T,T,T,T,C
6731,G,G,G,A,G,G,G,G,A,G,G,G,G,G,G,G,G,G,G,G,G,G,G,G,G,G,G,G,G,G
6785,G,A,A,A,A,A,A,A,A,A,G,G,G,G,G,G,G,G,G,G,G,G,G,G,G,G,G,G,G,G
6791,T,C,C,C,C,C,C,C,C,C,T,T,T,T,T,T,T,T,T,T,T,T,T,T,T,T,T,T,T,T
6848,A,G,G,G,G,G,G,G,G,G,A,A,A,A,A,A,A,A,A,A,A,A,A,A,A,A,A,A,A,A
6857,T,C,C,C,C,C,C,C,C,C,T,T,T,T,T,T,T,T,T,T,T,T,T,T,T,T,T,T,T,T
6992,T,C,C,C,C,C,C,C,C,C,T,T,T,T,T,T,T,T,T,T,T,T,T,T,T,T,T,T,T,T
6996,T,C,C,C,C,C,C,C,C,C,T,T,T,T,T,T,T,T,T,T,T,T,T,T,T,T,T,T,T,T
7021,C,T,C,C,T,T,C,T,C,C,C,C,C,C,C,C,C,C,C,C,C,C,C,C,C,C,C,C,C,C
7037,C,T,T,T,T,T,T,T,T,T,C,C,C,C,C,C,C,C,C,C,C,C,C,C,C,C,C,C,C,C
7069,G,A,A,A,A,A,A,A,A,A,G,G,G,G,G,G,G,G,G,G,G,G,G,G,G,G,G,G,G,G
7135,C,T,T,T,T,T,T,T,T,T,C,C,C,C,C,C,C,C,C,C,C,C,C,C,C,C,C,C,C,C
7144,A,T,A,A,T,T,A,T,A,A,A,A,A,A,A,A,A,A,A,A,A,A,A,A,A,A,A,A,A,A
7193,G,G,G,G,G,G,G,G,G,G,G,G,G,G,A,G,G,G,G,G,G,G,G,G,G,G,G,G,G,G
7214,C,T,C,C,T,T,C,T,C,C,C,C,C,C,C,C,C,C,C,C,C,C,C,C,C,C,C,C,C,C
7228,C,T,C,C,T,T,C,T,C,C,C,C,C,C,C,C,C,C,C,C,C,C,C,C,C,C,C,C,C,C
7243,T,C,C,C,C,C,C,C,C,C,T,T,T,T,T,T,T,T,T,T,T,T,T,T,T,T,T,T,T,T
7267,T,T,C,T,T,T,C,T,T,T,T,T,T,T,T,T,T,T,T,T,T,T,T,T,T,T,T,T,T,T
7303,T,C,G,C,C,C,G,C,C,C,T,T,T,T,T,T,T,T,T,T,T,T,T,T,T,T,T,T,T,T
7339,A,G,A,G,G,G,A,G,G,G,A,A,A,A,A,A,A,A,A,A,A,A,A,A,A,A,A,A,A,A
7375,T,C,T,C,C,C,T,C,C,C,T,T,T,T,T,T,T,T,T,T,T,T,T,T,T,T,T,T,T,T
7379,A,A,A,A,A,A,A,A,A,A,A,A,A,A,A,A,A,A,A,A,A,A,A,A,A,A,A,G,A,A
7417,G,G,A,G,G,G,A,G,G,G,G,G,G,G,G,G,G,G,G,G,G,G,G,G,G,G,G,G,G,G
7433,C,C,T,C,C,C,C,C,C,C,C,C,C,C,C,C,C,C,C,C,C,C,C,C,C,C,C,C,C,C
7474,T,C,C,C,C,C,C,C,C,C,T,T,T,T,T,T,T,T,T,T,T,T,T,T,T,T,T,T,T,T
7480,T,T,T,T,T,T,T,T,T,T,T,T,T,T,T,T,T,T,T,T,T,T,T,T,T,T,T,T,T,C
7486,C,C,C,C,C,C,T,C,C,C,C,C,C,C,C,C,C,C,C,C,C,C,C,C,C,C,C,C,C,C
7489,C,T,T,T,T,T,T,T,T,T,C,C,C,C,C,C,C,C,C,C,C,C,C,C,C,C,C,C,C,C
7504,A,C,C,C,C,C,C,C,C,C,A,A,A,A,A,A,A,A,A,A,A,A,A,A,A,A,A,A,A,A
7505,G,G,G,G,G,G,A,G,G,G,G,G,G,G,G,G,G,G,G,G,G,G,G,G,G,G,G,G,G,G
7513,C,A,A,A,A,A,A,A,A,A,C,C,C,C,C,C,C,C,C,C,C,C,C,C,C,C,C,C,C,C
7534,C,C,T,C,C,C,T,C,C,C,C,C,C,C,C,C,C,C,C,C,C,C,C,C,C,C,C,C,C,C
7582,G,A,G,G,A,A,G,A,G,G,G,G,G,G,G,G,G,G,G,G,G,G,G,G,G,G,G,G,A,G
7591,T,T,T,T,T,T,T,T,T,T,C,C,C,C,C,C,C,C,C,C,C,C,C,C,C,T,T,C,T,T
7606,A,A,G,A,A,A,G,A,A,A,A,A,A,A,A,A,A,A,A,A,A,A,A,A,A,A,A,A,A,A
7618,T,T,C,T,T,T,C,T,T,T,T,T,T,T,T,T,T,T,T,T,T,T,T,T,T,T,T,T,T,T
7633,G,A,A,A,A,A,A,A,A,A,G,G,G,G,G,G,G,G,G,G,G,G,G,G,G,G,G,G,G,G
7651,G,G,G,A,G,G,G,G,G,G,G,G,G,G,G,G,G,G,G,G,G,G,G,G,G,G,G,G,G,A
7654,T,T,T,T,T,T,T,T,T,T,C,C,C,C,C,C,C,C,C,C,C,C,C,C,C,T,T,C,T,T
7657,A,A,A,A,A,A,G,A,A,A,A,A,A,A,A,A,A,A,A,A,A,A,A,A,A,A,A,A,A,A
7847,G,G,G,G,G,G,G,G,G,G,G,G,G,G,G,G,G,G,G,G,G,G,G,G,G,G,G,G,A,G
7870,G,A,A,A,A,A,A,A,A,A,G,G,G,G,G,G,G,G,G,G,G,G,G,G,G,G,G,G,G,G
7891,A,A,A,G,A,A,A,A,G,A,A,A,A,A,A,A,A,A,A,A,A,A,A,A,A,A,A,A,A,A
7898,A,A,A,A,A,A,A,A,A,A,A,A,A,A,A,A,A,A,A,A,A,A,A,A,A,A,A,A,C,A
7974,A,A,A,A,A,A,A,A,A,A,G,G,G,G,G,G,G,G,G,G,G,G,G,G,G,G,A,G,A,A
7977,C,C,C,C,C,C,C,C,C,C,C,C,C,C,C,C,C,C,C,C,C,C,C,C,C,C,C,C,C,T
8007,T,C,T,T,C,T,T,T,T,T,T,T,T,T,T,T,T,T,T,T,T,T,T,T,T,T,T,T,T,T
8010,A,T,T,T,T,T,T,T,T,T,A,A,A,A,A,A,A,A,A,A,A,A,A,A,A,A,A,A,A,A
8019,C,T,T,T,T,T,T,T,T,T,C,C,C,C,C,C,C,C,C,C,C,C,C,C,C,C,C,C,C,C
8049,T,A,A,A,A,A,A,A,A,A,T,T,T,T,T,T,T,T,T,T,T,T,T,T,T,T,T,T,T,T
8074,G,A,A,A,A,A,A,A,A,A,G,G,G,G,G,G,G,G,G,G,G,G,G,G,G,G,G,G,G,G
8088,C,C,T,T,C,T,T,T,T,T,C,C,C,C,C,C,C,C,C,C,C,C,C,C,C,C,C,C,C,C
8106,C,T,C,C,T,C,C,C,C,C,C,C,C,C,C,C,C,C,C,C,C,C,C,C,C,C,C,C,C,C
8124,A,A,A,G,A,A,A,A,A,A,A,A,A,A,A,A,A,A,A,A,A,A,A,A,A,A,A,A,A,A
8131,A,A,A,A,A,A,A,A,A,C,A,A,A,A,A,A,A,A,A,A,A,A,A,A,A,A,A,A,A,A
8134,C,C,C,C,C,C,C,C,C,C,C,C,C,C,C,C,C,C,C,C,C,C,C,C,C,C,C,C,C,T
8145,T,C,T,T,T,T,T,T,T,T,T,T,T,T,T,T,T,T,T,T,T,T,T,T,T,T,T,T,T,T
8154,C,C,C,C,C,T,C,C,C,C,C,C,C,C,C,C,C,C,C,C,C,C,C,C,C,C,C,C,C,C
8208,T,C,C,C,C,C,C,C,C,C,T,T,T,T,T,T,T,T,T,T,T,T,T,T,T,T,T,T,T,T
8211,T,T,C,C,C,C,C,C,C,C,T,T,T,T,T,T,T,T,T,T,T,T,T,T,T,T,T,T,T,T
8223,C,T,C,C,C,C,C,C,C,C,C,C,C,C,C,C,C,C,C,C,C,C,C,C,C,C,C,C,C,C
8232,A,A,T,T,T,T,T,T,T,T,A,A,A,A,A,A,A,A,A,A,A,A,A,A,A,A,A,A,A,A
8244,T,T,T,T,T,T,T,T,T,T,C,C,C,C,C,C,C,C,C,C,C,C,C,C,C,T,T,C,T,T
8301,T,C,T,T,T,T,T,T,T,T,T,T,T,T,T,T,T,T,T,T,T,T,T,T,T,T,T,T,T,T
8331,T,C,T,T,T,T,T,T,T,T,T,T,T,T,T,T,T,T,T,T,T,T,T,T,T,T,T,T,T,T
8421,T,C,C,C,C,C,C,C,C,C,T,T,T,T,T,T,T,T,T,T,T,T,T,T,T,T,T,T,T,T
8439,A,A,G,G,G,G,G,G,G,G,A,A,A,A,A,A,A,A,A,A,A,A,A,A,A,A,A,A,G,A
8460,T,A,T,T,T,T,T,T,T,T,T,T,T,T,T,T,T,T,T,T,T,T,T,T,T,T,T,T,T,T
8467,T,C,C,C,C,C,C,C,C,C,T,T,T,T,T,T,T,T,T,T,T,T,T,T,T,T,T,T,C,T
8494,A,A,A,A,A,T,A,A,A,A,A,A,A,A,A,A,A,A,A,A,A,A,A,A,A,A,A,A,A,A
8538,T,C,C,C,C,C,C,C,C,C,T,T,T,T,T,T,T,T,T,T,T,T,T,T,T,T,T,T,T,T
8568,C,C,C,C,C,C,C,C,C,C,C,C,C,C,C,C,C,C,C,C,C,C,C,C,C,C,C,C,T,C
8612,C,C,C,T,C,C,C,C,C,C,C,C,C,C,C,C,C,C,C,C,C,C,C,C,C,C,C,C,C,C
8642,T,C,C,C,C,C,C,C,C,C,T,T,T,T,T,T,T,T,T,T,T,T,T,T,T,T,T,T,T,C
8719,A,A,G,G,A,A,G,G,G,G,A,A,A,A,A,A,A,A,A,A,A,A,A,A,A,A,A,A,A,A
8810,A,G,A,A,G,C,A,A,A,A,A,A,A,A,A,A,A,A,A,A,A,A,A,A,A,A,A,A,A,A
8849,T,C,C,C,C,C,C,C,C,C,T,T,T,T,T,T,T,T,T,T,T,T,T,T,T,T,T,T,T,T
8858,T,C,C,C,C,C,C,C,C,C,T,T,T,T,T,T,T,T,T,T,T,T,T,T,T,T,T,T,C,C
8882,T,C,C,C,C,C,C,C,C,C,T,T,T,T,T,T,T,T,T,T,T,T,T,T,T,T,T,T,T,T
8889,G,G,G,G,G,G,G,G,G,G,A,A,A,A,A,A,A,A,A,A,A,A,A,A,A,G,G,A,G,G
9002,T,T,C,C,T,T,C,C,C,C,T,T,T,T,T,T,T,T,T,T,T,T,T,T,T,T,T,T,T,T
9008,T,A,A,A,A,A,A,A,A,A,T,T,T,T,T,T,T,T,T,T,T,T,T,T,T,T,T,T,T,T
9014,A,A,A,A,A,A,A,A,A,A,A,A,A,A,A,A,A,A,A,A,A,A,A,A,A,G,A,A,A,A
9047,T,C,C,C,C,C,C,C,C,C,T,T,T,T,T,T,T,T,T,T,T,T,T,T,T,T,T,T,T,T
9077,C,C,C,T,C,C,C,C,C,C,C,C,C,C,C,C,C,C,C,C,C,C,C,C,C,C,C,C,C,C
9080,C,T,T,T,T,C,C,C,C,C,C,C,C,C,C,C,C,C,C,C,C,C,C,C,C,C,C,C,C,C
9104,C,C,C,C,C,C,C,C,C,C,C,C,C,C,C,C,C,C,C,C,C,C,C,C,C,C,C,C,T,C
9128,C,T,T,T,T,T,T,T,T,T,C,C,C,C,C,C,C,C,C,C,C,C,C,C,C,C,C,C,C,C
9137,A,G,G,G,G,G,G,G,G,G,A,A,A,A,A,A,A,A,A,A,A,A,A,A,A,A,A,A,G,G
9152,T,T,T,T,T,T,T,T,T,T,T,T,T,T,T,T,T,T,T,T,T,T,T,T,T,T,T,T,C,T
9182,C,C,T,T,C,T,T,T,T,T,C,C,C,C,C,C,C,C,C,C,C,C,C,C,C,C,C,C,C,C
9188,T,A,A,A,A,A,A,A,A,A,T,T,T,T,T,T,T,T,T,T,T,T,T,T,T,T,T,T,T,T
9191,T,C,C,C,C,C,C,C,C,C,T,T,T,T,T,T,T,T,T,T,T,T,T,T,T,T,T,T,T,T
9206,T,T,T,T,T,T,T,T,T,T,T,T,T,T,T,T,T,T,T,T,T,T,T,T,T,T,T,T,C,T
9287,C,C,C,C,C,C,C,C,C,C,C,C,C,C,C,C,C,C,C,C,C,C,C,C,C,C,C,C,T,C
9338,T,T,C,C,T,C,C,C,C,C,T,T,T,T,T,T,T,T,T,T,T,T,T,T,T,T,T,T,T,T
9461,T,C,C,C,C,C,C,C,C,C,C,C,C,C,C,C,C,C,C,C,C,C,C,C,C,C,C,C,C,C
9467,G,A,G,G,A,G,G,G,G,G,G,G,G,G,G,G,G,G,G,G,G,G,G,G,G,G,G,G,G,G
9476,T,T,C,C,T,C,C,C,C,C,T,T,T,T,T,T,T,T,T,T,T,T,T,T,T,T,T,T,T,T
9504,A,G,G,G,G,G,G,G,G,G,A,A,A,A,A,A,A,A,A,A,A,A,A,A,A,A,A,A,A,G
9506,G,A,A,A,A,A,A,A,A,A,G,G,G,G,G,G,G,G,G,G,G,G,G,G,G,G,G,G,G,G
9513,C,C,T,T,C,T,T,T,T,T,C,C,C,C,C,C,C,C,C,C,C,C,C,C,C,C,C,C,C,C
9530,C,T,T,T,T,T,T,T,T,T,C,C,C,C,C,C,C,C,C,C,C,C,C,C,C,C,C,C,T,T
9545,G,G,A,A,G,A,A,A,A,A,G,G,G,G,G,G,G,G,G,G,G,G,G,G,G,G,G,G,G,G
9571,A,A,A,A,T,A,A,A,A,A,A,A,A,A,A,A,A,A,A,A,A,A,A,A,A,A,A,A,A,A
9581,C,C,C,T,T,C,C,C,C,C,C,C,C,C,C,C,C,C,C,C,C,C,C,C,C,C,C,C,T,T
9587,T,T,T,T,C,T,T,T,T,T,T,T,T,T,T,T,T,T,T,T,T,T,T,T,T,T,T,T,T,T
9608,A,A,A,A,A,A,A,A,A,A,A,A,A,A,A,A,A,A,A,A,A,A,A,A,A,A,A,A,A,T
9626,C,C,T,T,C,T,T,T,T,T,C,C,C,C,C,C,C,C,C,C,C,C,C,C,C,C,C,C,C,C
9647,A,G,G,G,G,G,G,G,G,G,A,A,A,A,A,A,A,A,A,A,A,A,A,A,A,A,A,A,A,A
9665,T,T,C,C,T,C,C,C,C,C,T,T,T,T,T,T,T,T,T,T,T,T,T,T,T,T,T,T,T,T
9701,A,G,G,G,G,G,G,G,G,G,A,A,A,A,A,A,A,A,A,A,A,A,A,A,A,A,A,A,A,A
9716,T,C,C,C,C,C,C,C,C,C,T,T,T,T,T,T,T,T,T,T,T,T,T,T,T,T,T,T,T,T
9719,A,A,G,G,A,G,G,G,G,G,A,A,A,A,A,A,A,A,A,A,A,A,A,A,A,A,A,A,A,A
9773,A,A,G,G,A,G,G,G,G,G,A,A,A,A,A,A,A,A,A,A,A,A,A,A,A,A,A,A,A,A
9823,A,G,A,A,G,A,A,A,A,A,A,A,A,A,A,A,A,A,A,A,A,A,A,A,A,A,A,A,A,A
9849,G,G,G,G,G,A,G,G,G,G,G,G,G,G,G,G,G,G,G,G,G,G,G,G,G,G,G,G,G,G
9858,G,A,A,A,A,A,A,A,A,A,G,G,G,G,G,G,G,G,G,G,G,G,G,G,G,G,G,G,G,G
9894,C,C,T,T,C,T,T,T,T,T,C,C,C,C,C,C,C,C,C,C,C,C,C,C,C,C,C,C,C,C
9985,G,A,A,A,A,A,A,A,A,A,A,A,A,A,A,A,A,A,A,A,A,A,A,A,A,A,G,A,A,A
9993,C,T,C,C,T,C,C,C,C,C,C,C,C,C,C,C,C,C,C,C,C,C,C,C,C,C,C,C,C,C
10083,C,C,T,T,C,T,T,T,T,T,C,C,C,C,C,C,C,C,C,C,C,C,C,C,C,C,C,C,C,C
10102,G,G,G,G,G,G,G,G,G,G,G,G,G,G,G,G,G,G,G,G,G,G,G,G,G,G,A,G,G,G
10107,A,A,A,A,A,A,A,G,A,A,G,G,G,G,G,G,G,G,G,G,G,G,G,G,G,A,A,G,A,A
10175,A,A,G,G,A,G,G,G,G,G,A,A,A,A,A,A,A,A,A,A,A,A,A,A,A,A,A,A,A,A
10199,A,G,A,A,G,A,A,A,A,A,A,A,A,A,A,A,A,A,A,A,A,A,A,A,A,A,A,A,A,A
10223,C,T,C,C,T,C,C,C,C,C,C,C,C,C,C,C,C,C,C,C,C,C,C,C,C,C,C,C,C,C
10262,T,C,T,T,C,T,T,T,T,T,T,T,T,T,T,T,T,T,T,T,T,T,T,T,T,T,T,T,T,T
10263,C,T,T,T,T,T,T,T,T,T,C,C,C,C,C,C,C,C,C,C,C,C,C,C,C,C,C,C,C,C
10275,A,G,A,A,G,A,A,A,A,A,A,A,A,A,A,A,A,A,A,A,A,A,A,A,A,A,A,A,A,A
10328,T,T,T,T,T,T,T,T,T,C,T,T,T,T,T,T,T,T,T,T,T,T,T,T,T,T,T,T,T,T
10343,C,C,C,C,C,C,C,C,C,C,C,C,C,C,C,C,C,C,C,C,C,C,C,C,C,C,C,C,T,C
10374,G,G,G,G,G,G,G,G,G,G,G,G,G,G,G,G,G,G,A,A,A,G,G,G,G,G,G,G,G,G
10388,A,A,A,A,A,A,A,A,A,A,A,A,A,A,A,A,A,A,A,A,A,A,A,A,A,G,A,A,A,A
10412,C,C,C,C,C,T,C,C,C,C,C,C,C,C,C,C,C,C,C,C,C,C,C,C,C,C,C,C,C,C
10429,A,A,A,A,A,A,A,G,A,A,A,A,A,A,A,A,A,A,A,A,A,A,A,A,A,A,A,A,A,A
10433,C,T,T,T,T,T,T,T,T,T,C,C,C,C,C,C,C,C,C,C,C,C,C,C,C,C,C,C,C,C
10437,C,C,T,C,C,C,T,C,C,C,C,C,C,C,C,C,C,C,C,C,C,C,C,C,C,C,C,C,C,C
10482,C,T,C,C,T,C,C,C,C,C,C,C,C,C,C,C,C,C,C,C,C,C,C,C,C,C,C,C,C,C
10493,C,T,T,T,T,T,T,T,T,T,C,C,C,C,C,C,C,C,C,C,C,C,C,C,C,C,C,C,C,C
10520,t,T,C,C,T,C,C,C,C,C,T,T,T,T,T,T,T,T,T,T,T,T,T,T,T,T,T,T,T,T
10547,C,C,C,C,C,C,C,C,C,C,C,C,C,C,C,C,C,C,C,C,C,C,C,C,C,C,C,C,T,C
10574,A,G,G,G,G,G,G,G,G,G,A,A,A,A,A,A,A,A,A,A,A,A,A,A,A,A,A,A,A,A
10577,G,A,G,G,A,G,G,G,G,G,G,G,G,G,G,G,G,G,G,G,G,G,G,G,G,G,G,G,G,A
10583,A,G,G,G,G,G,G,G,G,G,A,A,A,A,A,A,A,A,A,A,A,A,A,A,A,A,A,A,G,G
10604,G,A,A,A,A,A,A,A,A,A,G,G,G,G,G,G,G,G,G,G,G,G,G,G,G,G,G,G,G,G
10610,T,C,C,C,C,C,C,C,C,C,T,T,T,T,T,T,T,T,T,T,T,T,T,T,T,T,T,T,T,T
10637,T,C,T,T,C,C,T,C,T,T,T,T,T,T,T,T,T,T,T,T,T,T,T,T,T,T,T,T,T,T
10667,C,C,T,T,C,C,T,C,T,T,C,C,C,C,C,C,C,C,C,C,C,C,C,C,C,C,C,C,C,C
10672,A,A,A,A,A,A,A,A,A,A,A,A,A,A,A,A,A,A,A,A,A,A,A,A,A,A,A,A,A,C
10673,C,C,C,A,C,C,A,C,A,A,C,C,C,C,C,C,C,C,C,C,C,C,C,C,C,C,C,C,C,C
10722,T,C,T,T,C,C,T,C,T,T,T,T,T,T,T,T,T,T,T,T,T,T,T,T,T,T,T,T,T,T
10728,G,A,A,A,A,A,A,A,A,A,G,G,G,G,G,G,G,G,G,G,G,G,G,G,G,G,G,G,G,G
10731,T,T,T,T,T,T,T,T,T,T,T,T,T,T,T,T,T,T,T,T,T,T,T,T,T,T,T,T,C,T
10878,T,C,T,C,C,C,C,C,C,C,T,T,T,T,T,T,T,T,T,T,T,T,T,T,T,T,T,T,T,C
10943,C,T,T,T,T,T,T,T,T,T,C,C,C,C,C,C,C,C,C,C,C,C,C,C,C,C,C,C,C,C
11003,A,A,A,G,A,A,G,A,G,G,A,A,A,A,A,A,A,A,A,A,A,A,A,A,A,A,A,A,A,A
11010,T,C,T,T,C,C,T,C,T,T,T,T,T,T,T,T,T,T,T,T,T,T,T,T,T,T,T,T,T,C
11024,C,C,C,C,C,C,C,C,C,C,C,C,C,C,C,C,C,C,C,C,C,C,C,C,C,C,C,C,T,C
11025,G,G,G,G,G,G,G,G,G,T,G,G,G,G,G,G,G,G,G,G,G,G,G,G,G,G,G,G,G,G
11030,C,T,C,C,T,T,C,T,C,C,C,C,C,C,C,C,C,C,C,C,C,C,C,C,C,C,C,C,C,C
11037,G,G,G,G,G,G,G,G,G,T,G,G,G,G,G,G,G,G,G,G,G,G,G,G,G,G,G,G,G,G
11042,C,C,C,C,C,C,C,C,C,T,C,C,C,C,C,C,C,C,C,C,C,C,C,C,C,C,C,C,C,C
11044,A,A,A,A,A,A,A,A,A,C,A,A,A,A,A,A,A,A,A,A,A,A,A,A,A,A,A,A,A,A
11049,G,G,G,G,G,G,G,G,G,T,G,G,G,G,G,G,G,G,G,G,G,G,G,G,G,G,G,G,G,G
11053,T,T,T,T,T,T,T,T,T,G,T,T,T,T,T,T,T,T,T,T,T,T,T,T,T,T,T,T,T,T
11057,T,T,T,T,T,T,T,T,T,G,T,T,T,T,T,T,T,T,T,T,T,T,T,T,T,T,T,T,T,T
11062,C,C,C,C,C,C,C,C,C,G,C,C,C,C,C,C,C,C,C,C,C,C,C,C,C,C,C,C,C,C
11066,A,A,A,A,A,A,A,A,A,T,A,A,A,A,A,A,A,A,A,A,A,A,A,A,A,A,A,A,A,A
11071,T,T,T,T,T,T,T,T,T,A,T,T,T,T,T,T,T,T,T,T,T,T,T,T,T,T,T,T,T,T
11074,T,T,T,T,T,T,T,T,T,A,T,T,T,T,T,T,T,T,T,T,T,T,T,T,T,T,T,T,T,T
11109,C,C,C,C,C,C,C,C,C,C,C,C,C,C,C,C,C,C,C,C,C,C,C,C,C,C,C,C,T,C
11174,G,A,A,A,A,A,A,A,A,A,G,G,G,G,G,G,G,G,G,G,G,G,G,G,G,G,G,G,G,G
11195,C,T,T,T,T,T,T,T,T,T,C,C,C,C,C,C,C,C,C,C,C,C,C,C,C,C,C,C,C,C
11207,A,T,T,T,T,T,T,T,T,T,A,A,A,A,A,A,A,A,A,A,A,A,A,A,A,A,A,A,A,A
11219,C,T,C,C,T,C,C,C,C,C,C,C,C,C,C,C,C,C,C,C,C,C,C,C,C,C,C,C,C,C
11297,A,C,C,C,C,C,C,C,C,C,A,A,A,A,A,A,A,A,A,A,A,A,A,A,A,A,A,A,A,A
11358,A,A,C,C,A,C,C,A,C,C,A,A,A,A,A,A,A,A,A,A,A,A,A,A,A,A,A,A,A,A
11369,T,C,C,C,C,C,C,C,C,C,T,T,T,T,T,T,T,T,T,T,T,T,T,T,T,T,T,T,T,T
11381,A,G,G,G,G,G,G,G,G,G,A,A,A,A,A,A,A,A,A,A,A,A,A,A,A,A,A,A,A,A
11405,C,C,T,T,C,T,T,C,T,T,C,C,C,C,C,C,C,C,C,C,C,C,C,C,C,C,C,C,C,C
11408,C,C,T,T,C,T,T,T,T,T,C,C,C,C,C,C,C,C,C,C,C,C,C,C,C,C,C,C,C,C
11429,C,T,T,T,T,T,T,T,T,T,C,C,C,C,C,C,C,C,C,C,C,C,C,C,C,C,C,C,C,C
11465,A,G,G,G,G,G,G,G,G,G,A,A,A,A,A,A,A,A,A,A,A,A,A,A,A,A,A,A,A,A
11474,A,G,A,A,G,A,A,G,A,A,A,A,A,A,A,A,A,A,A,A,A,A,A,A,A,A,A,A,A,A
11480,C,T,T,T,T,T,T,T,T,T,C,C,C,C,C,C,C,C,C,C,C,C,C,C,C,C,C,C,C,C
11504,T,C,C,C,C,C,C,C,C,C,T,T,T,T,T,T,T,T,T,T,T,T,T,T,T,T,T,T,T,T
11510,T,C,C,C,C,C,C,C,C,C,T,T,T,T,T,T,T,T,T,T,T,T,T,T,T,T,T,T,T,T
11511,A,G,G,G,G,G,G,G,G,G,A,A,A,A,A,A,A,A,A,A,A,A,A,A,A,A,A,A,A,A
11515,G,G,G,G,G,G,G,G,G,G,A,A,A,A,A,A,A,A,A,A,A,A,A,A,A,G,G,A,G,G
11516,T,C,C,C,C,C,C,C,C,C,T,T,T,T,T,T,T,T,T,T,T,T,T,T,T,T,T,T,T,T
11537,G,A,A,A,A,A,A,A,A,A,G,G,G,G,G,G,G,G,G,G,G,G,G,G,G,G,G,G,G,G
11576,T,T,T,T,T,T,T,G,T,T,T,T,T,T,T,T,T,T,T,T,T,T,T,T,T,T,T,T,T,T
11577,G,G,G,G,G,G,G,A,G,G,G,G,G,G,G,G,G,G,G,G,G,G,G,G,G,G,G,G,G,G
11606,A,A,A,A,A,G,A,A,A,A,A,A,A,A,A,A,A,A,A,A,A,A,A,A,A,A,A,A,A,A
11644,T,C,C,T,C,T,T,T,T,T,T,T,T,T,T,T,T,T,T,T,T,T,T,T,T,T,T,T,T,T
11650,G,A,G,A,A,G,A,A,A,A,G,G,G,G,G,G,G,G,G,G,G,G,G,G,G,G,G,G,G,G
11659,C,T,C,T,T,C,T,T,T,T,C,C,C,C,C,C,C,C,C,C,C,C,C,C,C,C,C,C,C,C
11765,C,C,C,C,C,T,C,C,C,C,C,C,C,C,C,C,C,C,C,C,C,C,C,C,C,C,C,C,C,C
11777,C,T,C,C,T,C,C,C,C,C,C,C,C,C,C,C,C,C,C,C,C,C,C,C,C,C,C,C,C,C
11778,A,A,A,A,A,G,A,A,A,A,A,A,A,A,A,A,A,A,A,A,A,A,A,A,A,A,A,A,A,A
11783,T,T,T,T,T,C,T,T,T,T,T,T,T,T,T,T,T,T,T,T,T,T,T,T,T,T,T,T,T,T
11826,C,T,T,T,T,T,T,T,T,T,C,C,C,C,C,C,C,C,C,C,C,C,C,C,C,C,C,C,T,C
11828,C,C,C,T,C,C,T,T,T,T,C,C,C,C,C,C,C,C,C,C,C,C,C,C,C,C,C,C,C,C
11831,C,C,T,C,C,C,C,C,C,C,C,C,C,C,C,C,C,C,C,C,C,C,C,C,C,C,C,C,C,C
11843,G,A,A,A,A,A,A,A,A,A,G,G,G,G,G,G,G,G,G,G,G,G,G,G,G,G,G,G,A,A
11867,C,C,C,A,C,C,A,A,A,A,C,C,C,C,C,C,C,C,C,C,C,C,C,C,C,C,C,C,C,C
11870,C,C,A,C,C,A,C,C,C,C,C,C,C,C,C,C,C,C,C,C,C,C,C,C,C,C,C,C,C,C
11886,T,T,C,T,T,T,T,T,T,T,T,T,T,T,T,T,T,T,T,T,T,T,T,T,T,T,T,T,T,T
11888,A,A,G,A,A,A,A,A,A,A,A,A,A,A,A,A,A,A,A,A,A,A,A,A,A,A,A,A,A,A
11892,C,C,C,C,C,T,C,C,C,C,C,C,C,C,C,C,C,C,C,C,C,C,C,C,C,C,C,C,C,C
11903,T,C,T,T,C,T,T,T,T,T,T,T,T,T,T,T,T,T,T,T,T,T,T,T,T,T,T,T,T,T
11907,C,T,T,T,T,T,T,T,T,T,C,C,C,C,C,C,C,C,C,C,C,C,C,C,C,C,C,C,C,C
11915,T,C,C,C,C,C,C,C,C,C,T,T,T,T,T,T,T,T,T,T,T,T,T,T,T,C,T,T,T,T
11933,A,A,A,A,A,A,A,A,A,A,A,A,A,A,A,A,A,A,A,A,A,A,A,A,A,A,A,A,C,A
11939,G,A,A,A,A,G,A,A,A,A,G,G,G,G,G,G,G,G,G,G,G,G,G,G,G,G,G,G,G,G
11948,C,T,T,C,T,C,C,C,C,C,C,C,C,C,C,C,C,C,C,C,C,C,C,C,C,C,C,C,C,C
11972,A,G,A,G,G,G,G,G,A,G,A,A,A,A,A,A,A,A,A,A,A,A,A,A,A,A,A,A,A,A
11999,T,T,A,T,T,G,T,T,T,T,T,T,T,T,T,T,T,T,T,T,T,T,T,T,T,T,T,T,T,T
12002,C,C,C,C,C,T,C,C,C,C,C,C,C,C,C,C,C,C,C,C,C,C,C,C,C,C,C,C,C,C
12005,G,A,A,G,A,A,G,G,G,G,G,G,G,G,G,G,G,G,G,G,G,G,G,G,G,G,G,G,G,G
12008,T,T,T,T,T,C,T,T,T,T,T,T,T,T,T,T,T,T,T,T,T,T,T,T,T,T,T,T,T,T
12011,A,G,G,G,G,A,G,G,G,G,A,A,A,A,A,A,A,A,A,A,A,A,A,A,A,A,A,A,A,A
12026,T,T,T,C,T,T,C,C,C,C,T,T,T,T,T,T,T,T,T,T,T,T,T,T,T,T,T,T,T,T
12050,C,T,C,T,T,C,T,T,T,T,C,C,C,C,C,C,C,C,C,C,C,C,C,C,C,C,C,C,C,C
12079,A,A,A,A,A,A,A,A,A,C,A,A,A,A,A,A,A,A,A,A,A,A,A,A,A,A,A,A,A,A
12110,A,G,A,A,G,A,A,A,A,A,A,A,A,A,A,A,A,A,A,A,A,A,A,A,A,A,A,A,A,A
12116,G,A,A,A,A,A,A,A,A,A,G,G,G,G,G,G,G,G,G,G,G,G,G,G,G,G,G,G,G,G
12129,A,A,A,A,A,A,A,A,A,A,A,A,A,A,A,A,A,A,A,A,A,A,A,A,A,A,A,A,A,G
12137,C,T,T,T,T,T,T,T,T,T,C,C,C,C,C,C,C,C,C,C,C,C,C,C,C,C,C,C,C,C
12197,C,T,T,T,T,T,T,T,T,T,C,C,C,C,C,C,C,C,C,C,C,C,C,C,C,C,C,C,C,C
12215,G,A,G,G,A,G,G,G,G,G,G,G,G,G,G,G,G,G,G,G,G,G,G,G,G,G,G,G,G,G
12263,T,T,C,C,T,C,C,C,C,C,T,T,T,T,T,T,T,T,T,T,T,T,T,T,T,T,T,T,T,T
12305,A,G,A,A,G,A,A,A,A,A,A,A,A,A,A,A,A,A,A,A,A,A,A,A,A,A,A,A,A,A
12319,T,T,T,C,T,T,T,T,T,T,T,T,T,T,T,T,T,T,T,T,T,T,T,T,T,T,T,T,T,T
12323,C,C,C,C,C,T,C,C,C,T,C,C,C,C,C,C,C,C,C,C,C,C,C,C,C,C,C,C,C,C
12332,A,G,A,A,G,A,A,A,A,A,A,A,A,A,A,A,A,A,A,A,A,A,A,A,A,A,A,A,A,A
12341,G,G,A,A,G,A,A,A,A,A,G,G,G,G,G,G,G,G,G,G,G,G,G,G,G,G,G,G,G,G
12353,C,T,T,T,T,T,T,T,T,T,C,C,C,C,C,C,C,C,C,C,C,C,C,C,C,C,C,C,T,T
12390,T,C,C,C,C,C,C,C,C,C,T,T,T,T,T,T,T,T,T,T,T,T,T,T,T,T,T,T,T,T
12395,C,C,T,T,C,T,T,T,T,T,C,C,C,C,C,C,C,C,C,C,C,C,C,C,C,C,C,C,C,C
12476,A,G,G,G,G,G,G,G,G,G,A,A,A,A,A,A,A,A,A,A,A,A,A,A,A,A,A,A,A,A
12521,G,G,G,G,G,G,G,G,G,G,G,G,G,G,G,G,G,G,G,G,G,G,G,G,G,G,G,G,G,A
12522,G,G,A,G,G,G,G,G,G,G,G,G,G,G,G,G,G,G,G,G,G,G,G,G,G,G,G,G,G,G
12524,C,C,C,C,C,C,C,C,C,C,C,C,C,C,C,C,C,C,C,C,C,C,C,C,C,C,C,C,C,A
12527,A,A,A,A,A,A,A,A,A,A,A,A,A,A,A,A,A,A,A,A,A,A,A,A,A,A,A,A,A,G
12542,G,A,A,A,A,A,A,A,A,A,G,G,G,G,G,G,G,G,G,G,G,G,G,G,G,G,G,G,G,G
12575,T,T,T,A,T,T,A,T,T,T,T,T,T,T,T,T,T,T,T,T,T,T,T,T,T,T,T,T,A,A
12597,T,T,T,T,T,T,T,T,T,T,T,T,T,T,T,T,T,T,T,T,T,T,T,T,T,T,T,T,T,C
12602,T,C,C,C,C,C,C,C,C,C,T,T,T,T,T,T,T,T,T,T,T,T,T,T,T,T,T,T,T,T
12614,T,C,C,C,C,C,C,C,C,C,T,T,T,T,T,T,T,T,T,T,T,T,T,T,T,T,T,T,T,T
12644,C,T,T,T,T,T,T,T,T,T,C,C,C,C,C,C,C,C,C,C,C,C,C,C,C,C,C,C,C,C
12647,T,C,C,C,C,C,C,C,C,C,T,T,T,T,T,T,T,T,T,T,T,T,T,T,T,T,T,T,T,T
12656,T,C,C,C,C,C,C,C,C,C,T,T,T,T,T,T,T,T,T,T,T,T,T,T,T,T,T,T,T,T
12665,C,T,C,C,T,C,C,C,C,C,C,C,C,C,C,C,C,C,C,C,C,C,C,C,C,C,C,C,C,C
12674,C,T,C,C,T,C,C,C,C,C,C,C,C,C,C,C,C,C,C,C,C,C,C,C,C,C,C,C,C,C
12677,G,A,G,G,A,G,G,G,G,G,G,G,G,G,G,G,G,G,G,G,G,G,G,G,G,G,G,G,G,G
12686,G,G,A,A,G,A,A,A,A,A,G,G,G,G,G,G,G,G,G,G,G,G,G,G,G,G,G,G,G,G
12695,A,G,A,A,G,A,A,A,A,A,A,A,A,A,A,A,A,A,A,A,A,A,A,A,A,A,A,A,G,G
12749,A,G,G,G,G,G,G,G,G,G,A,A,A,A,A,A,A,A,A,A,A,A,A,A,A,A,A,A,A,A
12752,T,C,C,C,C,C,C,C,C,C,T,T,T,T,T,T,T,T,T,T,T,T,T,T,T,T,T,T,T,T
12835,T,C,C,C,C,C,C,C,C,C,T,T,T,T,T,T,T,T,T,T,T,T,T,T,T,T,T,T,C,C
12845,C,C,C,C,C,C,C,C,T,C,C,C,C,C,C,C,C,C,C,C,C,C,C,C,C,C,C,C,C,C
12890,A,G,G,G,G,G,G,G,G,G,A,A,A,A,A,A,A,A,A,A,A,A,A,A,A,A,A,A,G,G
12929,T,C,C,A,C,C,C,C,A,C,T,T,T,T,T,T,T,T,T,T,T,T,T,T,T,T,T,T,T,T
12933,G,G,G,G,G,G,G,G,G,G,T,T,T,T,T,T,T,T,T,T,T,T,T,T,T,G,G,T,G,G
12974,T,C,C,C,C,C,C,C,C,C,T,T,T,T,T,T,T,T,T,T,T,T,T,T,T,T,T,T,T,T
12980,A,A,G,G,A,G,G,G,G,G,A,A,A,A,A,A,A,A,A,A,A,A,A,A,A,A,A,A,A,A
12982,T,T,T,T,T,T,T,T,T,T,T,T,T,T,T,T,T,T,T,T,T,T,T,T,T,T,T,T,T,C
13004,G,A,A,A,A,A,A,A,A,A,G,G,G,G,G,G,G,G,G,G,G,G,G,G,G,G,G,G,A,A
13046,G,A,A,A,A,A,A,A,A,A,G,G,G,G,G,G,G,G,G,G,G,G,G,G,G,G,G,G,G,G
13052,T,T,T,T,T,T,T,T,T,T,T,T,T,T,T,T,T,T,T,T,T,T,T,T,T,T,T,T,T,C
13055,C,T,T,T,T,T,T,T,T,T,C,C,C,C,C,C,C,C,C,C,C,C,C,C,C,C,C,C,C,C
13082,C,C,A,C,C,C,C,C,C,C,C,C,C,C,C,C,C,C,C,C,C,C,C,C,C,C,C,C,C,C
13084,C,C,C,C,C,A,C,C,C,C,C,C,C,C,C,C,C,C,C,C,C,C,C,C,C,C,C,C,C,C
13100,A,A,G,G,A,G,G,G,G,G,A,A,A,A,A,A,A,A,A,A,A,A,A,A,A,A,A,A,A,A
13140,G,A,A,A,A,A,A,A,A,A,G,G,G,G,G,G,G,G,G,G,G,G,G,G,G,G,G,G,G,G
13157,T,T,T,T,T,T,T,T,T,T,T,T,T,T,T,T,T,T,T,T,T,T,T,T,T,T,T,T,C,T
13168,G,A,A,A,A,A,A,A,A,A,G,G,G,G,G,G,G,G,G,G,G,G,G,G,G,G,G,G,A,G
13172,T,C,C,C,C,C,C,C,C,C,T,T,T,T,T,T,T,T,T,T,T,T,T,T,T,T,T,T,T,T
13175,A,C,T,T,C,T,T,T,T,T,A,A,A,A,A,A,A,A,A,A,A,A,A,A,A,A,A,A,A,A
13232,A,A,A,A,A,A,A,A,A,A,A,A,A,A,A,A,A,A,A,A,A,A,A,A,A,A,A,A,A,G
13247,A,T,A,A,T,A,A,A,A,A,A,A,A,A,A,A,A,A,A,A,A,A,A,A,A,A,A,A,A,A
13256,C,T,C,C,T,C,C,C,C,C,C,C,C,C,C,C,C,C,C,C,C,C,C,C,C,C,C,C,C,C
13292,T,C,C,C,C,C,C,C,C,C,T,T,T,T,T,T,T,T,T,T,T,T,T,T,T,T,T,T,T,T
13298,T,C,T,T,C,T,T,T,T,T,T,T,T,T,T,T,T,T,T,T,T,T,T,T,T,T,T,T,T,T
13303,C,A,C,C,A,C,C,C,C,C,C,C,C,C,C,C,C,C,C,C,C,C,C,C,C,C,C,C,C,C
13304,C,T,T,T,T,T,T,T,T,T,C,C,C,C,C,C,C,C,C,C,C,C,C,C,C,C,C,C,C,C
13322,G,G,A,A,G,A,A,A,A,A,G,G,G,G,G,G,G,G,G,G,G,G,G,G,G,G,G,G,G,G
13328,C,C,C,C,C,C,C,T,C,C,C,C,C,C,C,C,C,C,C,C,C,C,C,C,C,C,C,C,C,C
13337,T,C,C,C,C,C,C,C,C,C,T,T,T,T,T,T,T,T,T,T,T,T,T,T,T,T,T,T,T,T
13357,T,T,T,T,T,T,T,T,T,T,T,T,T,T,T,T,T,T,T,T,T,T,T,T,T,T,T,T,T,C
13362,T,T,T,T,T,T,T,T,T,T,T,T,T,T,T,T,T,T,T,T,T,T,T,T,T,C,T,T,T,T
13369,A,A,A,A,A,A,A,A,A,A,A,A,A,A,A,A,A,A,A,A,A,A,A,A,A,A,A,A,G,A
13373,A,A,A,A,A,A,A,A,A,A,A,A,A,A,A,A,A,A,A,A,A,A,A,A,A,G,A,A,A,A
13376,C,C,C,C,C,C,C,C,C,C,C,C,C,C,C,C,C,C,C,C,C,C,C,C,C,C,C,C,T,C
13406,G,A,A,A,A,A,A,A,A,A,G,G,G,G,G,G,G,G,G,G,G,G,G,G,G,G,G,G,G,A
13412,G,A,A,A,A,A,A,A,A,A,G,G,G,G,G,G,G,G,G,G,G,G,G,G,G,G,G,G,G,G
13413,T,C,C,C,C,C,C,C,C,C,T,T,T,T,T,T,T,T,T,T,T,T,T,T,T,T,T,T,T,T
13445,T,T,T,T,T,T,T,T,T,T,T,T,T,T,T,T,T,T,T,T,T,T,T,T,T,T,T,T,T,C
13457,C,T,T,T,T,T,T,T,T,T,C,C,C,C,C,C,C,C,C,C,C,C,C,C,C,C,C,C,C,C
13488,T,T,T,T,T,T,T,T,T,T,T,T,T,T,T,T,T,T,T,T,T,T,T,T,T,T,T,T,T,C
13507,T,T,C,C,T,C,C,C,C,C,T,T,T,T,T,T,T,T,T,T,T,T,T,T,T,T,T,T,T,T
13508,A,A,G,G,A,G,G,G,G,G,A,A,A,A,A,A,A,A,A,A,A,A,A,A,A,A,A,A,A,A
13519,T,C,T,T,C,T,T,T,T,T,T,T,T,T,T,T,T,T,T,T,T,T,T,T,T,T,T,T,T,T
13582,A,A,A,G,A,A,A,A,G,A,A,A,A,A,A,A,A,A,A,A,A,A,A,A,A,A,A,A,A,A
13612,T,C,C,C,C,C,C,C,C,C,T,T,T,T,T,T,T,T,T,T,T,T,T,T,T,T,T,T,C,C
13663,T,T,T,T,T,C,T,T,T,T,T,T,T,T,T,T,T,T,T,T,T,T,T,T,T,T,T,T,T,T
13666,C,T,T,T,T,T,T,T,T,T,C,C,C,C,C,C,C,C,C,C,C,C,C,C,C,C,C,C,C,C
13675,T,T,T,T,T,C,T,T,T,T,T,T,T,T,T,T,T,T,T,T,T,T,T,T,T,T,T,T,T,T
13689,C,C,C,C,C,C,C,C,C,C,C,C,C,C,C,C,C,C,C,C,C,C,C,C,C,C,C,C,T,C
13708,T,C,C,C,C,C,C,C,C,C,T,T,T,T,T,T,T,T,T,T,T,T,T,T,T,T,T,T,T,T
13711,C,C,C,C,C,T,C,C,C,C,C,C,C,C,C,C,C,C,C,C,C,C,C,C,C,C,C,C,C,C
13713,A,G,G,G,G,A,G,G,G,G,A,A,A,A,A,A,A,A,A,A,A,A,A,A,A,A,A,A,A,A
13715,C,C,C,C,C,C,C,C,C,C,C,C,C,C,C,C,C,C,C,C,C,C,C,C,C,C,C,C,T,C
13743,C,C,C,C,C,C,C,C,C,C,A,C,C,C,C,C,C,C,C,C,C,C,C,C,C,C,C,C,C,C
13746,A,A,A,A,A,A,A,A,A,A,A,A,A,A,A,A,A,A,A,A,A,A,A,A,A,A,A,A,A,T
13756,C,T,C,C,T,C,C,C,C,C,C,C,C,C,C,C,C,C,C,C,C,C,C,C,C,C,C,C,C,C
13757,A,A,A,A,A,G,A,A,A,A,A,A,A,A,A,A,A,A,A,A,A,A,A,A,A,A,A,A,A,A
13760,C,T,T,T,T,T,T,T,T,T,C,C,C,C,C,C,C,C,C,C,C,C,C,C,C,C,C,C,C,C
13781,A,A,A,A,A,A,A,A,A,A,A,A,A,A,A,A,A,A,A,A,A,A,A,A,A,A,A,A,G,A
13792,T,T,C,C,T,T,C,T,C,C,T,T,T,T,T,T,T,T,T,T,T,T,T,T,T,T,T,T,T,T
13801,A,C,A,A,C,A,A,A,A,A,A,A,A,A,A,A,A,A,A,A,A,A,A,A,A,A,A,A,A,A
13813,T,C,C,C,C,C,C,C,C,C,T,T,T,T,T,T,T,T,T,T,T,T,T,T,T,T,T,T,T,T
13837,A,A,A,A,A,G,A,A,A,A,A,A,A,A,A,A,A,A,A,A,A,A,A,A,A,A,A,A,A,A
13840,T,C,C,C,C,C,C,C,C,C,T,T,T,T,T,T,T,T,T,T,T,T,T,T,T,T,T,T,T,T
13849,A,G,G,A,G,G,A,A,A,A,A,A,A,A,A,A,A,A,A,A,A,A,A,A,A,A,A,A,A,A
13861,C,T,C,C,T,C,C,C,C,C,C,C,C,C,C,C,C,C,C,C,C,C,C,C,C,C,C,C,C,C
13987,T,T,C,C,T,T,C,C,C,C,T,T,T,T,T,T,T,T,T,T,T,T,T,T,T,T,T,T,T,T
14014,T,C,C,C,C,C,C,C,C,C,T,T,T,T,T,T,T,T,T,T,T,T,T,T,T,T,T,T,T,T
14028,C,C,C,C,A,C,C,C,C,C,C,C,C,C,C,C,C,C,C,C,C,C,C,C,C,C,C,C,C,C
14030,A,A,A,A,T,A,A,A,A,A,A,A,A,A,A,A,A,A,A,A,A,A,A,A,A,A,A,A,A,A
14047,T,T,C,T,T,T,T,T,T,T,T,T,T,T,T,T,T,T,T,T,T,T,T,T,T,T,T,T,T,T
14141,C,T,C,C,T,C,C,C,C,C,C,C,C,C,C,C,C,C,C,C,C,C,C,C,C,C,C,C,C,C
14168,C,T,T,T,T,T,T,T,T,T,C,C,C,C,C,C,C,C,C,C,C,C,C,C,C,C,C,C,C,C
14192,C,A,C,C,A,C,C,C,C,C,C,C,C,C,C,C,C,C,C,C,C,C,C,C,C,C,C,C,C,C
14210,T,C,C,C,C,C,C,C,C,C,T,T,T,T,T,T,T,T,T,T,T,T,T,T,T,T,T,T,T,T
14246,G,A,A,A,A,A,A,A,A,A,G,G,G,G,G,G,G,G,G,G,G,G,G,G,G,G,G,G,G,A
14259,G,A,A,A,A,A,A,A,A,A,G,G,G,G,G,G,G,G,G,G,G,G,G,G,G,G,G,G,G,G
14273,C,T,T,T,T,T,T,T,T,T,C,C,C,C,C,C,C,C,C,C,C,C,C,C,C,C,C,C,C,C
14282,T,C,C,C,C,C,C,C,C,C,T,T,T,T,T,T,T,T,T,T,T,T,T,T,T,T,T,T,T,T
14288,T,C,C,C,C,C,C,C,C,C,T,T,T,T,T,T,T,T,T,T,T,T,T,T,T,T,T,T,T,T
14309,C,C,T,T,C,T,T,T,T,T,C,C,C,C,C,C,C,C,C,C,C,C,C,C,C,C,C,C,C,C
14351,T,C,T,T,C,T,T,T,T,T,T,T,T,T,T,T,T,T,T,T,T,T,T,T,T,T,T,T,T,T
14354,T,C,C,C,C,C,C,C,C,C,T,T,T,T,T,T,T,T,T,T,T,T,T,T,T,T,T,T,T,T
14387,T,C,C,C,C,C,C,C,C,C,T,T,T,T,T,T,T,T,T,T,T,T,T,T,T,T,T,T,T,T
14435,T,T,T,T,T,T,T,T,T,T,T,T,T,T,T,T,T,T,T,T,T,T,T,T,T,T,T,T,T,C
14438,C,A,C,C,A,C,C,C,C,C,C,C,C,C,C,C,C,C,C,C,C,C,C,C,C,C,C,C,C,C
14471,T,T,T,T,T,T,T,T,T,T,T,T,T,T,T,T,T,T,T,T,T,T,T,T,T,T,T,T,T,C
14495,A,T,A,A,T,A,A,A,A,A,A,A,A,A,A,A,A,A,A,A,A,A,A,A,A,A,A,A,A,A
14534,C,C,T,T,C,T,T,T,T,T,C,C,C,C,C,C,C,C,C,C,C,C,C,C,C,C,C,C,C,C
14537,C,T,T,T,T,T,T,T,T,T,C,C,C,C,C,C,C,C,C,C,C,C,C,C,C,C,C,C,C,C
14549,A,A,A,A,A,A,A,A,A,A,A,A,A,A,A,A,A,A,A,A,A,A,A,A,A,A,A,A,G,A
14570,T,C,C,C,C,C,C,C,C,C,T,T,T,T,T,T,T,T,T,T,T,T,T,T,T,T,T,T,T,T
14639,A,A,G,G,A,G,G,G,G,G,A,A,A,A,A,A,A,A,A,A,A,A,A,A,A,A,A,A,A,A
14642,G,A,A,A,A,A,A,A,A,A,G,G,G,G,G,G,G,G,G,G,G,G,G,G,G,G,G,G,A,A
14648,C,T,C,C,T,C,C,C,C,C,C,C,C,C,C,C,C,C,C,C,C,C,C,C,C,C,C,C,C,C
14669,G,G,G,G,G,A,G,G,G,A,G,G,G,G,G,G,G,G,G,G,G,G,G,G,G,G,G,G,G,G
14708,T,C,C,C,C,C,C,C,C,C,T,T,T,T,T,T,T,T,T,T,T,T,T,T,T,T,T,T,T,T
14718,C,C,C,C,C,C,C,C,C,C,C,C,C,C,C,C,C,C,C,C,C,C,C,C,C,T,C,C,C,C
14735,C,T,T,T,T,T,T,T,T,T,C,C,C,C,C,C,C,C,C,C,C,C,C,C,C,C,C,C,C,C
14738,C,T,T,T,T,T,T,T,T,T,C,C,C,C,C,C,C,C,C,C,C,C,C,C,C,C,C,C,T,T
14744,C,T,T,T,T,T,T,T,T,T,C,C,C,C,C,C,C,C,C,C,C,C,C,C,C,C,C,C,C,C
14775,T,T,T,T,T,T,T,T,T,T,T,T,T,T,T,T,T,T,T,T,T,T,T,T,T,T,T,T,T,C
14794,A,A,A,A,A,A,A,A,T,A,A,A,A,A,A,A,A,A,A,A,A,A,A,A,A,A,A,A,A,A
14798,T,C,C,C,C,C,C,C,C,C,T,T,T,T,T,T,T,T,T,T,T,T,T,T,T,T,T,T,T,T
14807,C,T,T,T,T,T,T,T,T,T,C,C,C,C,C,C,C,C,C,C,C,C,C,C,C,C,C,C,C,C
14837,T,T,T,C,T,T,T,T,T,T,T,T,T,T,T,T,T,T,T,T,T,T,T,T,T,T,T,T,T,T
14846,C,T,T,T,T,T,T,T,T,T,C,C,C,C,C,C,C,C,C,C,C,C,C,C,C,C,C,C,T,C
14873,A,A,G,G,A,G,G,G,G,G,A,A,A,A,A,A,A,A,A,A,A,A,A,A,A,A,A,A,A,A
14879,T,C,C,C,C,C,C,C,C,C,T,T,T,T,T,T,T,T,T,T,T,T,T,T,T,T,T,T,T,T
14885,A,G,G,G,G,G,G,G,G,G,A,A,A,A,A,A,A,A,A,A,A,A,A,A,A,A,A,A,A,A
14924,T,C,C,C,C,C,C,C,C,C,T,T,T,T,T,T,T,T,T,T,T,T,T,T,T,T,T,T,T,T
14981,C,C,C,T,C,T,C,C,C,C,C,C,C,C,C,C,C,C,C,C,C,C,C,C,C,C,C,C,C,C
15017,C,C,T,T,C,C,T,C,T,T,C,C,C,C,C,C,C,C,C,C,C,C,C,C,C,C,C,C,C,C
15027,A,A,A,A,A,G,A,G,A,A,A,A,A,A,A,A,A,A,A,A,A,A,A,A,A,A,A,A,A,A
15029,C,C,C,C,C,T,C,T,C,C,C,C,C,C,C,C,C,C,C,C,C,C,C,C,C,C,C,C,C,C
15116,G,G,G,G,G,A,G,A,G,G,G,G,G,G,G,G,G,G,G,G,G,G,G,G,G,G,G,G,G,G
15122,A,A,G,G,A,A,G,A,G,G,A,A,A,A,A,A,A,A,A,A,A,A,A,A,A,A,A,A,A,A
15125,C,C,T,T,C,C,T,C,T,T,C,C,C,C,C,C,C,C,C,C,C,C,C,C,C,C,C,C,C,C
15134,C,T,T,T,T,T,T,T,T,T,C,C,C,C,C,C,C,C,C,C,C,C,C,C,C,C,C,C,C,C
15137,C,T,T,T,T,C,T,C,T,T,C,C,C,C,C,C,C,C,C,C,C,C,C,C,C,C,C,C,C,C
15147,T,T,C,C,T,T,C,T,C,C,T,T,T,T,T,T,T,T,T,T,T,T,T,T,T,T,T,T,T,T
15161,G,G,G,G,G,A,G,A,G,G,G,G,G,G,G,G,G,G,G,G,G,G,G,G,G,G,G,G,G,G
15167,A,A,A,G,A,A,A,A,G,A,A,A,A,A,A,A,A,A,A,A,A,A,A,A,A,A,A,A,A,A
15209,C,T,T,T,T,C,T,C,T,T,C,C,C,C,C,C,C,C,C,C,C,C,C,C,C,C,C,C,C,C
15231,T,C,T,T,C,T,T,T,T,T,T,T,T,T,T,T,T,T,T,T,T,T,T,T,T,T,T,T,T,T
15239,T,C,C,C,C,C,C,C,C,C,T,T,T,T,T,T,T,T,T,T,T,T,T,T,T,T,T,T,T,T
15242,A,A,G,G,A,A,G,A,G,G,A,A,A,A,A,A,A,A,A,A,A,A,A,A,A,A,A,A,A,A
15260,C,C,C,T,C,C,C,C,C,C,C,C,C,C,C,C,C,C,C,C,C,C,C,C,C,C,C,C,C,C
15295,A,A,A,A,A,G,A,G,A,A,A,A,A,A,A,A,A,A,A,A,A,A,A,A,A,A,A,A,A,A
15304,A,A,A,A,A,G,A,G,A,A,A,A,A,A,A,A,A,A,A,A,A,A,A,A,A,A,A,A,A,A
15305,C,T,T,T,T,C,T,C,T,T,C,C,C,C,C,C,C,C,C,C,C,C,C,C,C,C,C,C,C,C
15311,T,T,T,T,T,C,T,C,T,T,T,T,T,T,T,T,T,T,T,T,T,T,T,T,T,T,T,T,T,T
15339,C,C,C,C,C,A,C,A,C,C,C,C,C,C,C,C,C,C,C,C,C,C,C,C,C,C,C,C,C,C
15360,G,G,G,G,A,G,G,G,G,G,G,G,G,G,G,G,G,G,G,G,G,G,G,G,G,G,G,G,G,G
15369,G,A,A,A,A,A,A,A,A,A,G,G,G,G,G,G,G,G,G,G,G,G,G,G,G,G,G,G,G,G
15400,T,T,T,T,T,C,T,C,T,T,T,T,T,T,T,T,T,T,T,T,T,T,T,T,T,T,T,T,T,T
15423,A,A,A,A,A,C,A,C,A,A,A,A,A,A,A,A,A,A,A,A,A,A,A,A,A,A,A,A,A,A
15437,C,C,T,T,C,C,T,C,T,T,C,C,C,C,C,C,C,C,C,C,C,C,C,C,C,C,C,C,C,C
15447,C,T,T,T,T,T,T,T,T,T,C,C,C,C,C,C,C,C,C,C,C,C,C,C,C,C,C,C,C,C
15455,T,C,C,C,C,T,C,T,C,C,T,T,T,T,T,T,T,T,T,T,T,T,T,T,T,T,T,T,T,T
15497,G,-,G,G,G,G,G,G,G,G,G,G,G,G,G,G,G,G,G,G,G,G,G,G,G,G,G,G,G,G
15498,C,-,C,C,T,C,C,C,C,C,C,C,C,C,C,C,C,C,C,C,C,C,C,C,C,C,C,C,C,C
15499,T,-,A,A,T,T,A,A,A,T,T,T,T,T,T,T,T,T,T,T,T,T,T,T,T,T,T,T,A,A
15500,A,-,A,A,A,A,A,A,A,A,A,A,A,A,A,A,A,A,A,A,A,A,A,A,A,A,A,A,A,A
15501,G,-,G,G,G,G,G,G,G,G,G,G,G,G,G,G,G,G,G,G,G,G,G,G,G,G,G,G,G,G
15507,T,C,T,T,T,T,T,T,T,T,T,T,T,T,T,T,T,T,T,T,T,T,T,T,T,T,T,T,T,T
15512,C,T,C,C,T,C,C,C,C,C,C,C,C,C,C,C,C,C,C,C,C,C,C,C,C,C,C,C,C,C
15517,G,T,A,A,T,A,A,A,A,A,G,G,G,G,G,G,G,G,G,G,G,G,G,G,G,G,G,G,T,G
15519,T,T,A,A,T,A,A,A,A,A,T,T,T,T,T,T,T,T,T,T,T,T,T,T,T,T,T,T,T,T
15520,C,T,T,T,T,T,T,T,T,T,C,C,C,C,C,C,C,C,C,C,C,C,C,C,C,C,C,C,C,C
15522,G,A,G,G,A,G,G,G,G,G,G,G,G,G,G,G,G,G,G,G,G,G,G,G,G,G,G,G,A,G
15524,T,A,T,T,A,T,T,T,T,T,T,T,T,T,T,T,T,T,T,T,T,C,C,T,T,T,T,T,T,T
15529,A,C,A,A,C,A,A,A,A,A,A,A,A,A,A,A,A,A,A,A,A,A,A,A,A,A,A,A,A,A
15530,A,C,G,G,C,A,G,A,G,A,A,A,A,A,A,A,A,A,A,A,A,A,A,A,A,A,A,A,A,A
15531,A,T,A,A,T,A,A,A,A,A,A,A,A,A,A,A,A,A,A,A,A,A,A,A,A,A,A,A,A,A
15532,T,G,C,C,G,C,C,C,C,C,T,T,T,T,T,T,T,T,T,T,T,T,T,T,T,T,T,T,T,C
15533,A,C,A,A,C,A,A,A,A,A,A,A,A,A,A,A,A,A,A,A,A,A,A,A,A,A,A,A,A,A
15536,C,T,T,T,T,T,T,T,T,T,A,A,A,A,A,A,A,A,A,A,A,A,A,A,A,A,C,A,C,C
15538,T,T,T,T,T,T,T,C,T,T,T,T,T,T,T,T,T,T,T,T,T,T,T,T,T,T,T,T,T,T
15540,A,T,A,A,T,A,A,A,A,A,A,A,A,A,A,A,A,A,A,A,A,A,A,A,A,A,A,A,A,A
15541,A,G,A,A,G,A,A,A,A,A,A,A,A,A,A,A,A,A,A,A,A,A,A,A,A,A,A,A,A,A
15542,C,A,C,C,A,C,C,C,C,C,C,C,C,C,C,C,C,C,C,C,C,C,C,C,C,C,C,C,C,C
15543,A,C,A,A,C,A,A,A,A,A,A,A,A,A,A,A,A,A,A,A,A,A,A,A,A,A,A,A,A,A
15546,A,A,A,A,A,A,A,A,A,A,A,A,A,A,A,A,A,A,A,A,A,A,A,A,A,A,A,T,A,A
15548,T,C,C,C,C,C,C,C,C,C,T,C,T,C,T,T,T,T,T,T,T,T,T,T,T,T,T,T,T,T
15549,C,T,T,T,T,T,T,T,T,T,C,C,C,C,C,C,C,C,C,C,C,C,C,C,C,C,C,C,C,C
15550,A,G,G,G,G,G,G,G,G,G,A,A,A,A,A,A,A,A,A,A,A,A,A,A,A,A,A,A,A,A
15551,A,-,-,-,-,-,-,-,-,-,-,-,-,-,-,-,-,-,-,-,-,-,-,-,-,-,A,-,G,A
15552,T,-,-,-,-,-,-,-,-,-,-,-,-,-,-,-,-,-,-,-,-,-,-,-,-,-,T,-,T,T
15558,T,C,C,C,C,C,C,C,C,C,T,T,T,T,T,T,T,T,T,T,T,T,T,T,T,T,T,T,T,C
15560,C,T,C,C,T,C,C,C,C,C,C,C,C,C,C,C,C,C,C,C,C,C,C,C,C,C,C,C,C,C
15573,C,A,A,A,A,A,A,A,A,A,C,C,C,C,C,C,C,C,C,C,C,C,C,C,C,C,C,C,C,C
15574,T,C,C,C,C,C,C,C,C,C,T,T,T,T,T,T,T,T,T,T,T,T,T,T,T,T,T,T,T,T
15575,T,T,C,C,T,C,C,C,C,C,T,T,T,T,T,T,T,T,T,T,T,T,T,T,T,T,T,T,T,T
15578,A,A,A,A,A,A,A,A,A,A,A,A,A,A,A,A,A,A,A,A,A,A,A,A,T,A,A,A,T,A
15579,C,T,T,T,T,T,T,T,T,T,C,T,T,T,T,T,C,C,C,C,C,C,C,C,C,C,C,C,T,C
15581,C,C,C,C,C,C,C,T,C,C,C,C,C,C,C,C,C,C,C,C,C,C,C,C,C,C,C,C,C,C
15584,T,C,C,C,C,C,C,C,C,C,T,T,T,T,T,T,T,T,T,T,T,T,T,T,T,T,T,T,T,T
15586,A,A,A,A,A,A,A,A,A,A,A,A,A,A,A,A,A,A,A,A,A,A,A,A,A,A,A,A,A,T
15588,C,T,T,T,T,T,T,T,T,T,C,C,C,C,C,C,C,C,C,C,C,C,C,C,C,C,C,C,C,C
15596,A,T,T,T,T,T,T,T,T,T,A,A,A,A,A,A,A,A,A,A,A,A,A,A,A,A,A,A,A,A
15597,T,T,T,T,T,T,T,T,T,T,T,T,T,T,T,T,T,T,C,C,T,T,T,T,T,T,T,T,T,T
15600,G,A,G,G,A,G,G,G,G,G,G,G,G,G,G,G,G,G,G,G,G,G,G,G,G,G,G,G,G,G
15603,C,C,C,C,C,C,C,C,C,C,C,C,C,C,C,C,C,C,C,C,C,C,C,C,C,C,C,C,C,T
15917,C,T,T,T,T,T,T,T,T,T,C,C,C,C,C,C,T,C,C,C,C,C,C,C,C,C,C,C,T,T
15930,C,C,C,C,C,C,C,C,C,C,C,C,C,C,C,C,C,C,C,C,C,C,C,C,C,C,C,C,C,T
15963,A,G,A,A,G,A,A,A,A,A,A,A,A,A,A,A,A,A,A,A,A,A,A,A,A,A,A,A,G,A
16017,A,A,A,A,A,A,A,A,A,A,A,A,A,A,A,A,A,A,A,A,A,A,A,A,A,A,A,A,C,A
16049,G,G,T,T,G,T,T,T,T,T,G,G,G,G,G,G,G,G,G,G,G,G,G,G,G,G,G,G,G,G
16061,T,T,T,T,T,T,T,T,T,T,T,T,T,T,T,T,T,T,T,T,T,T,T,T,T,T,T,T,T,C
16068,C,C,C,C,C,C,C,C,C,C,C,C,C,C,C,C,C,T,C,C,C,C,C,C,C,C,C,C,T,C
16074,C,T,T,T,T,T,T,T,T,T,C,C,C,C,C,C,C,C,C,C,C,C,C,C,C,C,C,C,C,C
16075,A,G,A,A,G,A,A,A,A,A,A,A,A,A,A,A,A,A,A,A,A,A,A,A,A,A,A,A,A,A
16078,T,-,-,-,-,-,-,-,-,-,T,T,T,T,T,T,T,T,T,T,T,T,T,T,T,T,T,T,T,T
16079,T,-,-,-,-,-,-,-,-,-,T,T,T,T,T,T,T,T,T,T,T,T,T,T,T,T,T,T,T,T
16080,T,-,-,-,-,-,-,-,-,-,T,T,T,T,T,T,T,T,T,T,T,T,T,T,T,T,T,T,T,T
16081,T,-,-,-,-,-,-,-,-,-,T,T,T,T,T,T,T,T,T,T,T,T,T,T,T,T,T,T,T,T
16082,A,-,-,-,-,-,-,-,-,-,A,A,A,A,A,A,A,A,A,A,A,A,A,A,A,A,A,A,A,A
16083,A,-,-,-,-,-,-,-,-,-,A,A,A,A,A,A,A,A,A,A,A,A,A,A,A,A,A,A,A,A
16084,C,-,-,-,-,-,-,-,-,-,C,C,C,C,C,C,C,C,C,C,C,C,C,C,C,C,C,C,C,C
16085,T,-,-,-,-,-,-,-,-,-,T,T,T,T,T,T,T,T,T,T,T,T,T,T,T,T,T,T,T,T
16086,C,-,-,-,-,-,-,-,-,-,C,C,C,C,C,C,C,C,C,C,C,C,C,C,C,C,C,C,C,C
16087,T,-,-,-,-,-,-,-,-,-,T,T,T,T,T,T,T,T,T,T,T,T,T,T,T,T,T,T,T,T
16089,C,A,A,A,A,A,A,A,A,A,C,C,C,C,C,C,C,C,C,C,C,C,C,C,C,C,C,C,C,C
16092,A,C,C,C,C,C,C,C,C,C,A,A,A,A,A,A,A,A,A,A,A,A,A,A,A,A,A,A,A,A
16098,C,A,A,A,A,A,A,A,A,A,C,C,C,C,C,C,C,C,C,C,C,C,C,C,C,C,C,C,C,C
16113,A,G,G,G,G,G,G,G,G,G,A,A,A,A,A,A,A,A,A,A,A,A,A,A,A,A,A,A,A,A
16114,T,C,T,T,C,T,T,T,T,T,T,T,T,T,T,T,T,T,T,T,T,T,T,T,T,T,T,T,T,T
16142,G,G,G,G,G,G,G,G,G,G,G,G,G,G,G,G,G,G,G,G,G,G,G,G,G,G,G,G,G,A
16154,A,T,T,T,T,T,T,T,T,T,A,A,A,A,A,A,A,A,A,A,A,A,A,A,A,A,A,A,A,A
16211,T,C,C,C,C,T,C,C,C,C,T,T,T,T,T,T,T,T,T,T,T,T,T,T,T,T,T,T,T,T
16248,T,C,C,C,C,C,C,C,C,C,T,T,T,T,T,T,T,T,T,T,T,T,T,T,T,T,T,T,T,T
16252,G,G,G,G,G,G,G,G,G,G,G,G,G,G,G,G,G,G,G,G,G,G,G,G,G,G,G,G,G,A
16256,A,A,A,A,A,G,A,A,A,A,A,A,A,A,A,A,A,A,A,A,A,A,A,A,A,A,A,A,A,A
16272,T,C,C,C,C,C,C,C,C,C,T,T,T,T,T,T,T,T,T,T,T,T,T,T,T,T,T,T,C,C
16287,T,T,T,T,T,T,T,C,T,T,T,T,T,T,T,T,T,T,T,T,T,T,T,T,T,T,T,T,T,T
