pos,ref,Mus_caroli,Mus_cervicolor,Mus_cookii,Mus_famulus,Mus_fragilicauda,Mus_spretus,Mus_terricolor
16,T,T,G,C,T,T,T,T
18,A,A,T,A,A,T,A,-
19,C,T,T,T,C,C,C,C
51,A,T,T,A,A,G,A,A
52,A,A,T,A,A,T,A,T
53,T,C,T,T,T,T,C,T
54,T,T,T,T,C,T,T,T
55,G,C,C,T,T,-,-,-
56,T,A,A,A,T,T,T,T
84,G,G,G,G,A,A,G,G
97,A,A,A,A,G,G,G,A
100,A,G,G,G,A,A,A,A
123,C,T,T,T,C,T,C,C
127,C,T,T,T,C,C,C,C
131,G,T,A,A,A,A,A,A
153,C,C,T,T,C,C,C,C
154,A,A,G,A,A,A,A,A
158,A,A,A,A,G,A,A,A
159,C,C,C,C,C,A,C,A
160,T,C,C,C,C,C,A,T
161,T,T,T,T,C,T,T,T
165,A,A,A,A,T,T,C,C
191,T,A,-,A,A,A,T,T
193,A,T,A,A,A,A,A,A
194,A,A,A,A,T,G,A,T
215,T,C,T,T,T,T,T,T
234,C,T,C,T,C,C,C,T
235,T,C,T,C,T,T,T,T
337,A,A,A,A,A,A,A,G
347,T,T,T,T,C,T,T,T
348,C,T,T,T,T,T,T,T
349,T,T,T,T,C,C,T,T
350,T,T,T,T,C,T,T,C
361,C,T,T,T,T,T,T,T
366,C,T,T,T,C,C,C,T
371,A,G,A,A,A,A,A,A
374,A,A,A,G,A,A,A,A
377,A,G,A,A,A,A,A,A
380,T,C,T,T,-,C,T,-
402,T,T,T,T,T,A,T,T
428,C,C,T,C,C,C,C,C
455,G,A,A,A,A,A,A,A
457,C,A,A,A,C,C,C,C
458,A,A,G,A,A,A,A,G
464,A,A,T,A,A,G,A,A
466,T,A,T,G,T,T,T,T
482,C,C,T,C,C,T,C,C
514,A,A,A,A,G,A,A,A
518,A,A,A,A,G,A,A,A
524,C,C,C,C,T,C,C,C
532,T,C,T,C,T,T,T,T
533,T,C,T,T,T,T,T,T
534,A,T,T,T,T,A,A,A
535,A,T,A,A,G,A,A,T
536,A,A,A,A,T,A,A,A
537,T,-,-,-,-,-,T,-
538,T,T,T,T,A,C,T,T
539,T,C,T,T,A,A,T,A
545,A,G,A,A,A,A,A,A
546,A,A,G,A,A,A,A,A
547,C,T,T,T,T,T,C,T
549,A,A,A,A,A,G,A,A
572,T,T,C,T,T,T,T,T
611,A,A,A,A,A,A,G,A
647,C,C,T,C,C,C,C,C
649,C,C,C,C,C,T,C,C
707,A,A,A,A,A,T,A,A
712,T,T,T,A,C,C,T,C
715,T,T,A,T,T,T,T,T
726,A,T,C,C,C,C,A,C
735,A,A,A,A,G,A,A,A
770,A,G,A,A,A,A,A,A
798,A,T,T,T,T,T,T,T
800,A,A,T,A,T,A,A,A
809,T,T,C,T,T,T,T,T
813,T,T,C,T,T,T,T,T
816,A,A,A,A,A,A,G,A
829,C,C,C,C,T,C,C,C
837,C,T,T,T,T,C,T,T
838,T,T,T,T,T,C,T,T
840,A,A,A,A,A,G,A,A
877,A,A,G,A,A,A,A,A
884,T,C,T,C,T,T,T,T
932,T,C,T,T,T,T,T,T
933,T,T,A,A,T,T,C,T
934,A,C,T,C,T,T,A,C
935,A,A,T,A,A,A,A,A
941,A,A,T,T,T,T,A,T
942,C,T,T,T,C,C,C,T
946,A,T,T,A,A,A,A,C
947,T,A,A,A,T,T,T,T
952,T,T,T,T,C,G,T,T
953,T,A,T,C,C,C,C,C
954,C,C,C,C,C,T,C,C
955,T,T,T,T,T,A,T,A
956,A,T,A,A,A,A,A,A
957,G,A,A,A,A,A,G,G
958,A,G,A,G,G,A,A,T
959,C,T,T,T,T,C,C,A
961,T,A,A,A,A,A,A,T
962,C,C,T,C,T,C,C,T
963,C,A,T,T,C,C,C,C
964,G,C,T,A,C,T,C,-
1027,T,T,C,T,T,T,T,T
1039,A,A,C,C,A,A,A,A
1040,T,T,-,-,T,T,T,T
1041,A,T,A,A,A,A,A,A
1042,T,C,T,T,C,T,T,C
1043,T,T,T,T,T,C,T,T
1070,T,A,A,A,A,A,A,A
1076,G,A,A,A,G,G,G,G
1079,C,A,T,A,T,C,T,T
1084,A,A,A,G,A,A,G,A
1090,C,C,A,T,T,C,C,C
1099,T,T,C,C,C,T,T,T
1100,C,C,C,C,C,C,C,T
1110,G,G,G,G,G,A,G,G
1111,C,C,C,C,C,T,C,T
1112,C,A,A,A,A,A,C,A
1113,C,A,A,A,A,C,T,T
1114,T,C,T,C,C,A,T,T
1115,A,-,-,-,-,-,-,-
1116,C,A,A,A,A,G,C,A
1117,A,C,C,T,T,A,A,A
1118,C,A,A,A,A,C,C,C
1119,A,A,A,A,A,A,A,T
1121,A,A,G,A,A,A,A,A
1122,T,C,C,C,C,C,T,A
1124,T,C,C,T,T,T,T,T
1127,T,C,C,T,T,T,T,C
1130,T,T,T,T,T,T,C,T
1131,A,T,T,T,T,A,A,A
1132,C,T,T,T,T,C,T,T
1133,T,T,T,A,A,T,C,G
1134,A,A,A,A,A,A,A,C
1135,T,C,T,T,T,C,T,A
1136,T,T,C,T,T,T,T,T
1137,A,A,A,A,A,C,T,C
1138,T,C,A,A,A,A,C,C
1139,A,C,C,C,C,A,A,A
1144,T,C,C,C,C,C,T,C
1145,C,C,C,C,C,T,C,T
1154,T,T,T,T,T,C,T,T
1156,T,A,A,A,A,T,A,T
1157,C,T,A,A,A,T,C,T
1158,C,T,T,C,C,C,C,T
1159,T,T,C,C,C,T,C,T
1161,C,C,T,C,C,-,C,C
1162,T,T,C,T,T,C,T,C
1163,A,T,T,T,T,A,A,A
1165,A,T,A,A,A,A,A,A
1184,T,A,A,A,A,T,T,T
1185,C,A,T,T,T,T,C,C
1186,G,A,A,A,A,A,G,G
1187,T,T,C,C,C,C,T,C
1188,A,A,C,A,A,A,A,A
1189,C,T,C,C,C,T,C,C
1190,A,A,G,A,C,-,A,A
1191,T,C,T,T,T,T,T,T
1200,T,C,T,C,C,T,T,C
1206,A,G,G,A,A,A,A,G
1207,C,T,C,T,C,C,C,C
1208,T,A,A,C,T,T,T,T
1216,C,T,T,T,T,T,T,T
1234,C,C,C,C,C,T,T,T
1235,T,T,T,T,T,T,C,T
1236,A,A,A,A,G,A,A,A
1237,A,A,A,A,G,G,A,A
1240,A,A,A,A,T,A,A,A
1247,A,A,T,T,C,T,A,T
1248,G,A,A,A,A,A,A,A
1251,C,A,G,G,T,T,T,T
1255,C,T,C,C,C,C,C,C
1287,A,C,A,A,A,A,A,A
1289,C,T,T,T,T,T,T,T
1300,A,A,A,A,A,T,A,A
1302,T,T,C,T,T,T,T,T
1315,A,A,C,A,A,A,A,A
1320,C,T,T,T,T,T,C,T
1328,A,A,T,T,G,A,A,T
1356,A,G,A,A,A,A,A,A
1362,T,T,T,C,T,T,T,T
1364,T,T,C,T,T,T,A,T
1365,A,A,A,A,A,C,A,A
1366,T,T,T,T,T,-,T,T
1368,A,A,A,G,G,A,A,A
1371,C,C,C,T,T,C,C,C
1375,T,C,C,C,C,C,T,C
1385,G,G,G,G,G,A,G,G
1397,A,G,G,G,G,G,A,G
1404,T,C,T,T,T,T,T,T
1420,A,A,A,A,A,T,A,A
1422,A,A,A,A,A,G,A,A
1467,A,A,T,T,A,A,A,A
1475,T,C,C,C,C,C,C,C
1482,C,T,T,T,C,T,C,C
1485,G,A,G,A,A,A,G,A
1491,A,A,A,A,T,A,A,A
1493,A,A,C,A,A,A,A,A
1494,A,A,T,C,A,A,A,A
1495,C,T,A,C,C,T,C,T
1496,A,A,G,G,G,-,A,A
1497,A,A,T,A,A,-,A,T
1498,C,T,A,T,T,-,T,C
1502,A,A,T,A,A,A,A,A
1503,T,T,T,T,T,A,T,T
1504,C,A,C,-,-,T,C,C
1505,A,T,C,-,-,C,A,A
1511,T,T,C,T,C,T,T,C
1514,G,A,G,G,G,A,G,G
1519,G,A,A,A,A,A,A,A
1521,T,T,T,T,A,A,T,A
1527,C,C,T,C,C,C,C,C
1529,A,A,A,A,G,A,A,G
1547,C,T,T,T,T,T,T,T
1550,G,G,A,G,G,G,G,G
1553,C,T,T,T,C,T,C,T
1570,A,G,A,A,A,A,A,A
1579,T,A,A,A,A,A,T,A
1582,A,C,A,A,A,A,A,A
1583,C,A,C,C,C,C,T,C
1584,A,A,A,A,T,A,A,A
1585,A,A,T,A,A,A,A,A
1587,A,T,A,A,A,A,T,A
1588,C,-,-,T,T,T,C,T
1589,A,-,C,-,A,A,A,A
1590,G,A,A,A,A,A,A,A
1591,C,T,T,T,C,A,C,C
1592,T,C,C,A,C,A,C,T
1622,C,T,T,T,C,C,C,T
1626,T,T,T,T,T,C,C,T
1655,T,T,A,A,T,T,T,T
1657,T,T,A,C,C,T,T,T
1658,C,C,T,T,T,T,T,C
1659,A,A,A,A,A,T,A,A
1660,A,A,A,A,A,T,A,A
1661,T,T,C,C,C,C,C,C
1662,T,T,T,T,T,T,T,C
1666,T,C,C,T,T,C,C,C
1667,C,C,T,T,T,T,T,T
1668,C,T,T,T,T,T,C,C
1669,A,A,T,A,A,A,A,A
1670,T,T,T,C,C,C,C,C
1673,T,T,T,C,C,T,T,C
1674,T,A,A,A,A,G,T,A
1675,T,T,C,T,T,T,T,T
1676,A,G,A,T,T,A,A,A
1677,C,T,T,C,C,T,C,A
1679,C,A,A,A,A,A,T,A
1680,C,T,T,T,T,T,C,T
1683,C,T,C,C,C,C,C,C
1688,T,C,T,C,C,T,T,C
1694,T,G,G,A,C,T,T,C
1715,C,C,C,C,T,C,T,T
1717,T,C,C,C,C,T,T,T
1726,C,A,A,A,A,A,C,A
1727,A,G,G,G,A,G,A,A
1729,C,T,T,T,C,C,C,C
1731,C,C,A,C,C,C,C,C
1737,G,G,A,A,A,A,G,A
1755,C,T,C,C,C,T,C,C
1756,C,C,T,A,T,C,T,T
1757,A,T,A,A,A,A,A,A
1765,A,A,A,A,T,A,A,A
1766,G,A,A,A,A,A,G,A
1772,C,C,A,A,A,A,C,A
1774,C,T,T,T,T,T,C,T
1775,G,G,G,G,G,G,A,G
1785,T,T,T,T,C,C,T,C
1791,A,A,G,A,A,A,A,A
1802,G,G,G,G,A,G,G,A
1806,A,T,A,A,A,A,A,A
1807,T,T,T,C,T,C,T,C
1810,G,G,A,G,G,G,A,G
1812,C,C,C,T,T,C,C,C
1813,T,C,T,T,T,T,T,C
1814,A,T,A,A,A,A,A,A
1816,A,A,A,A,A,G,A,A
1818,G,A,A,A,A,G,G,G
1819,C,C,C,T,T,C,C,C
1820,A,T,T,T,T,A,A,C
1821,A,A,C,T,T,A,A,A
1822,T,C,T,T,T,C,T,T
1824,A,A,A,T,T,A,C,A
1825,T,C,T,C,C,T,T,C
1826,C,T,C,T,T,C,T,C
1827,A,T,A,A,A,A,A,A
1828,C,T,C,C,C,C,T,C
1830,C,C,T,C,C,C,A,C
1831,T,A,A,A,A,A,T,A
1833,T,T,C,T,T,T,T,T
1834,A,-,A,-,-,A,A,A
1837,T,-,-,-,-,-,C,C
1838,A,-,-,-,-,-,A,T
1840,T,A,A,A,A,-,T,-
1841,C,C,A,A,A,A,T,A
1842,C,C,T,T,T,T,T,T
1843,A,G,G,A,A,G,A,A
1844,C,T,T,T,T,C,C,C
1846,T,T,T,T,T,C,T,T
1848,T,A,A,A,A,A,T,A
1850,A,C,A,A,A,A,A,C
1852,T,C,T,C,C,A,T,C
1853,T,A,A,A,A,A,A,A
1854,C,C,T,C,C,T,C,C
1862,A,A,A,A,A,G,A,A
1863,C,T,T,C,C,C,C,T
1871,C,C,A,A,C,C,C,C
1879,C,T,C,T,C,C,C,C
1881,A,T,T,T,T,T,T,T
1892,C,T,T,T,T,T,C,T
1893,C,A,A,A,A,A,T,A
1897,A,A,A,A,T,A,A,A
1901,T,T,T,C,T,T,T,T
1918,A,A,A,A,G,A,A,G
1923,A,A,A,A,G,A,A,A
1960,T,A,A,T,C,T,A,G
1962,C,T,T,T,C,C,C,C
1994,A,A,A,A,A,G,A,A
1995,A,A,G,A,A,A,A,A
2000,T,T,T,T,C,T,T,T
2071,c,T,T,T,C,C,T,C
2076,a,T,A,A,A,A,A,A
2086,c,T,T,T,T,T,T,T
2103,t,T,T,T,C,T,T,T
2104,t,T,C,T,C,C,T,T
2118,g,A,G,G,G,G,G,G
2139,a,A,A,A,G,A,A,A
2144,t,C,T,A,T,C,C,C
2146,a,A,A,T,T,A,A,A
2147,t,T,T,A,T,T,T,T
2181,A,A,A,A,G,A,A,G
2182,T,T,T,C,T,T,C,T
2183,A,A,A,A,A,C,A,A
2184,T,T,T,T,T,T,C,T
2185,A,A,A,A,A,A,G,A
2186,A,G,A,A,A,A,A,A
2191,T,A,A,A,A,A,T,A
2197,T,A,A,A,T,T,C,T
2198,A,A,A,A,A,A,A,T
2199,A,A,A,A,A,A,T,A
2200,T,C,A,A,A,C,T,A
2201,T,C,T,T,T,T,T,T
2202,T,C,T,T,T,T,T,T
2204,T,C,T,T,T,T,-,C
2205,T,A,A,A,A,T,T,T
2206,A,A,A,A,A,T,A,A
2207,A,G,G,A,A,A,A,A
2208,A,T,T,T,T,T,A,T
2210,C,T,C,C,C,T,C,T
2211,T,A,A,A,A,A,T,A
2213,A,T,C,T,T,-,A,T
2214,T,G,G,G,G,T,T,T
2215,G,A,A,A,A,G,G,G
2216,G,C,C,C,C,A,G,A
2217,C,C,C,C,C,C,C,A
2219,C,A,A,-,-,C,C,C
2223,A,G,A,A,A,G,A,A
2224,A,C,A,A,A,A,A,A
2226,T,A,C,A,T,C,T,T
2227,A,T,A,A,A,A,A,A
2228,T,A,T,T,T,T,T,T
2229,A,G,A,A,A,A,A,A
2230,G,T,G,G,G,G,G,G
2231,T,T,T,T,C,T,T,C
2232,A,T,A,A,A,G,G,A
2237,T,C,T,T,T,T,T,T
2238,T,T,T,T,T,T,C,T
2239,T,A,A,A,A,A,T,A
2240,G,A,G,A,G,A,G,T
2269,T,T,T,T,C,C,T,C
2271,A,A,G,A,A,A,A,A
2290,A,G,A,A,A,T,A,A
2295,C,C,A,A,A,A,C,A
2301,T,T,C,T,C,C,C,C
2302,T,A,A,A,A,A,T,A
2317,A,T,C,C,A,T,A,C
2319,T,T,C,T,A,A,T,A
2320,C,T,C,T,T,C,C,C
2321,A,A,A,A,A,C,A,A
2323,C,C,C,C,C,T,C,T
2324,A,T,G,T,T,G,A,A
2326,A,G,A,A,A,A,A,A
2340,G,A,A,A,A,A,-,A
2341,A,T,T,T,T,T,A,T
2342,T,A,A,A,A,A,T,A
2343,A,A,A,A,A,A,A,C
2344,T,-,-,T,T,T,C,T
2345,A,-,-,C,C,T,A,T
2356,C,C,C,T,C,C,C,C
2415,T,T,T,T,T,T,C,T
2459,T,C,C,C,T,T,T,T
2525,C,A,A,A,T,C,C,T
2550,T,A,A,A,T,T,T,T
2553,G,A,A,A,A,A,A,A
2597,C,C,C,C,C,T,C,C
2605,C,C,T,C,C,C,C,C
2611,C,T,T,T,T,T,C,T
2614,C,C,C,C,C,C,C,A
2615,T,T,C,T,T,T,T,T
2623,T,T,T,T,T,T,C,T
2625,A,A,A,-,-,A,A,A
2627,T,T,A,A,A,T,T,T
2628,A,T,A,T,T,A,-,-
2629,A,A,A,A,T,A,A,A
2635,A,A,A,A,A,A,T,A
2646,A,A,A,G,A,A,G,A
2647,T,T,T,T,C,T,T,T
2649,C,T,T,T,T,T,T,T
2655,C,T,T,T,A,A,T,A
2656,C,T,T,T,C,C,C,C
2657,C,T,A,C,C,C,C,C
2658,T,A,T,T,T,C,T,T
2659,C,C,T,T,T,C,C,C
2660,T,T,T,A,A,T,T,T
2666,A,C,A,A,A,A,A,A
2668,A,A,A,A,T,A,A,A
2669,G,T,T,T,A,A,G,G
2696,a,A,A,A,T,A,A,T
2703,g,G,G,G,A,G,G,G
2709,c,C,C,C,T,C,C,C
2723,c,C,C,C,C,C,C,T
2755,T,A,A,A,A,A,T,A
2756,C,T,T,T,T,T,C,T
2757,T,T,T,T,C,T,T,T
2759,T,T,T,T,C,T,T,T
2762,T,T,T,T,T,T,C,T
2765,T,T,T,T,T,T,C,T
2768,C,C,C,C,T,C,T,C
2769,C,C,C,C,C,C,T,C
2777,C,C,T,T,C,C,C,C
2780,C,T,A,T,T,T,C,C
2781,G,G,G,G,G,A,C,G
2783,C,T,T,T,T,T,A,C
2786,C,C,C,T,T,T,T,C
2789,T,T,C,C,C,T,C,T
2790,C,T,T,T,T,T,C,T
2795,C,C,C,C,C,T,C,C
2798,C,T,T,T,T,T,T,T
2801,A,A,A,A,A,A,G,A
2804,C,C,C,C,C,C,T,C
2806,T,T,T,T,T,T,A,T
2807,C,C,T,T,T,T,C,C
2810,A,C,T,T,A,A,A,A
2813,A,G,A,A,A,A,A,A
2814,T,C,C,T,T,C,C,C
2825,C,C,T,C,T,T,C,T
2837,G,A,A,A,G,A,G,A
2840,C,T,T,T,T,T,C,T
2847,C,T,C,C,C,C,C,C
2852,A,A,A,A,T,A,A,A
2855,A,A,G,A,A,A,A,A
2861,T,T,T,T,T,C,T,T
2865,A,A,A,A,A,A,G,A
2867,T,C,T,T,T,C,C,C
2870,T,A,A,A,A,A,A,A
2873,T,C,C,T,T,A,C,C
2876,A,A,A,A,A,A,A,C
2879,C,T,T,T,T,C,C,T
2882,C,C,C,C,C,T,T,C
2885,T,T,T,T,C,C,T,C
2886,T,C,T,T,C,T,C,T
2897,T,T,C,T,T,C,T,C
2900,A,A,A,A,A,A,G,A
2903,C,T,T,C,T,C,C,C
2906,C,C,C,C,C,C,C,T
2913,T,C,C,C,C,C,C,C
2915,A,A,A,A,A,A,A,C
2921,A,A,A,A,A,A,T,A
2927,A,A,A,A,A,G,A,G
2930,A,A,A,C,A,A,A,A
2936,C,T,C,C,C,C,C,C
2939,T,T,A,C,C,C,C,A
2940,T,T,T,C,T,C,T,C
2942,A,A,A,G,G,A,A,A
2951,T,A,A,A,C,T,T,A
2954,A,C,T,C,C,A,A,A
2957,C,C,C,T,T,C,T,C
2958,T,C,C,C,C,T,T,C
2960,A,G,A,A,A,A,G,A
2963,T,T,T,C,C,T,T,T
2966,T,T,T,C,C,T,C,T
2967,A,A,A,A,A,G,A,A
2969,T,T,T,T,T,A,C,T
2972,A,C,A,A,A,A,A,A
2975,T,A,C,T,T,A,A,A
2978,C,C,T,A,A,C,T,C
2981,A,A,A,A,A,C,A,G
2984,A,A,A,A,A,A,A,C
2985,C,C,C,T,T,C,C,C
2987,C,T,G,A,A,C,C,C
2990,A,A,A,G,G,A,A,A
2991,C,T,C,C,C,T,C,C
2993,A,A,T,G,G,A,A,A
2996,A,A,A,A,A,T,A,A
2997,T,C,T,T,T,C,T,C
3002,T,C,C,C,C,C,C,T
3003,C,C,C,C,C,C,C,T
3011,T,T,A,A,A,T,T,T
3014,C,A,C,C,C,A,T,C
3015,C,T,C,C,C,C,C,C
3020,A,A,T,A,A,A,A,A
3023,A,A,A,G,G,A,A,A
3026,A,T,C,A,A,C,T,T
3027,C,C,C,C,C,C,T,C
3033,T,C,C,C,C,T,T,T
3038,T,T,C,T,T,T,T,T
3041,T,C,T,T,T,C,T,T
3042,T,T,T,C,C,C,T,T
3044,A,A,A,G,G,A,A,A
3047,C,C,C,C,C,T,C,C
3048,C,T,T,T,T,T,C,C
3053,G,A,T,C,C,A,G,A
3056,T,T,T,T,T,T,T,C
3057,T,C,C,C,C,C,T,T
3059,A,A,T,A,A,A,A,A
3062,T,T,T,C,C,T,T,T
3065,T,T,T,T,T,C,T,T
3066,T,T,T,C,C,C,C,C
3068,A,A,A,A,A,C,A,A
3077,T,C,C,T,T,T,C,C
3080,C,T,C,C,C,C,C,C
3083,A,A,A,T,T,A,A,A
3089,T,T,C,T,T,T,T,T
3092,C,C,C,T,T,T,C,T
3098,T,C,C,T,T,C,T,C
3099,C,T,T,C,C,C,C,C
3104,A,A,A,G,G,A,A,G
3107,A,T,T,C,C,T,C,T
3110,A,G,A,A,A,A,A,A
3113,A,G,A,A,A,G,A,A
3125,C,T,C,T,T,C,C,C
3131,C,C,T,T,T,T,C,T
3134,A,C,A,A,A,A,A,C
3135,C,C,T,T,T,C,C,C
3140,C,T,T,T,C,T,C,T
3143,A,G,A,A,A,C,A,A
3146,T,A,A,A,A,A,T,A
3147,T,C,C,C,C,C,C,C
3149,A,A,T,A,A,A,A,A
3155,C,T,T,C,C,C,T,C
3161,C,T,C,C,C,T,C,C
3164,A,G,G,A,A,A,A,A
3170,T,T,T,C,T,T,T,T
3173,A,A,A,A,C,A,A,C
3176,T,T,T,T,T,T,C,C
3185,C,T,T,C,T,T,C,T
3191,T,T,C,T,T,C,C,T
3197,C,C,T,T,T,C,C,C
3198,C,C,C,T,T,C,C,C
3200,T,A,A,A,A,C,C,T
3201,T,T,T,C,C,T,T,T
3206,A,A,A,A,A,T,A,A
3209,T,C,C,C,C,T,G,T
3212,A,A,A,A,A,A,G,C
3213,T,C,T,T,T,C,T,C
3215,A,A,A,A,A,A,A,G
3220,A,G,G,G,G,G,G,G
3221,T,C,C,T,T,C,T,T
3224,A,G,A,A,A,A,G,A
3227,C,C,T,T,T,C,C,C
3230,C,C,C,C,C,C,C,T
3233,T,C,C,A,A,C,C,C
3234,C,C,C,C,C,C,T,C
3241,C,C,C,C,C,T,C,C
3243,C,C,T,C,C,T,C,T
3245,T,A,A,A,A,A,T,C
3248,T,T,C,T,T,T,T,C
3254,C,T,T,C,C,C,C,C
3261,C,C,A,C,C,C,C,C
3263,C,C,T,T,T,T,C,C
3264,A,T,A,A,A,A,A,A
3270,T,C,C,C,C,C,C,C
3272,A,C,A,A,A,C,A,A
3273,C,A,A,A,A,C,G,A
3275,T,T,T,T,T,A,A,T
3276,C,A,A,A,G,G,C,A
3278,G,T,C,C,T,T,G,T
3281,A,A,A,A,A,A,G,A
3287,A,A,A,G,A,G,A,A
3290,C,T,C,C,C,T,C,C
3311,C,C,C,T,T,T,C,T
3314,A,A,T,T,C,T,C,T
3317,C,C,C,C,T,C,T,T
3318,C,C,C,T,C,C,C,T
3329,A,T,A,A,A,A,A,A
3332,C,T,C,C,C,C,C,C
3335,G,G,A,A,A,G,A,G
3338,C,T,T,C,C,C,A,C
3341,C,C,C,C,C,C,C,T
3344,C,C,C,C,T,T,C,C
3350,G,G,A,A,A,G,A,A
3353,A,C,A,A,A,G,A,A
3359,A,T,A,G,A,A,G,A
3365,A,A,A,A,A,A,T,A
3368,A,A,A,A,G,G,A,A
3369,T,C,C,C,C,C,T,C
3374,A,A,T,A,A,A,A,A
3380,G,G,C,C,A,G,A,A
3383,T,T,T,T,T,C,T,T
3386,C,T,C,C,C,C,T,T
3392,A,G,A,G,G,A,A,A
3395,C,T,T,T,T,T,C,C
3401,C,C,A,A,A,T,C,C
3404,C,T,T,A,C,C,T,C
3410,C,C,C,T,C,C,T,C
3413,G,T,A,A,A,A,A,A
3416,A,A,A,A,A,A,G,A
3419,C,C,T,C,C,T,C,C
3422,T,T,C,C,T,C,C,T
3425,A,A,A,A,A,A,A,G
3428,A,A,A,A,G,T,A,A
3431,G,A,A,A,A,G,A,A
3434,C,T,T,T,T,T,T,T
3446,T,T,C,T,T,C,T,T
3449,A,T,A,A,A,A,A,T
3455,C,C,T,T,T,T,T,C
3458,C,C,C,C,C,T,C,C
3464,A,A,A,A,A,T,A,A
3467,T,T,T,T,C,C,C,C
3468,A,G,A,A,A,A,A,A
3470,T,T,T,T,T,C,T,T
3473,C,T,T,T,C,T,C,T
3476,C,C,C,C,C,T,C,C
3477,C,T,C,C,C,C,C,C
3479,A,A,A,A,G,A,A,A
3482,A,A,C,C,C,T,A,C
3485,C,A,A,T,T,A,C,A
3486,C,C,C,C,C,T,C,C
3489,T,C,C,C,C,T,T,T
3491,C,C,C,C,C,C,T,T
3492,T,T,C,T,T,T,T,T
3494,T,C,T,T,T,T,T,T
3497,C,T,T,T,T,T,T,T
3498,A,A,T,A,A,A,A,A
3500,T,T,C,C,C,C,C,C
3501,T,A,A,C,C,T,C,A
3503,A,C,C,A,A,A,A,A
3512,C,C,C,T,T,T,A,C
3515,C,T,T,T,T,T,C,C
3520,C,T,T,T,T,C,C,C
3521,T,C,T,T,T,T,T,T
3523,A,A,C,C,C,A,A,G
3524,C,T,C,A,A,C,C,C
3527,C,C,C,C,T,C,C,T
3531,A,A,A,A,A,G,A,A
3532,T,C,C,C,C,C,C,C
3539,T,C,C,C,C,C,T,T
3540,C,C,C,C,C,C,T,C
3542,A,A,A,T,A,A,A,A
3543,C,C,C,C,C,A,C,C
3545,A,A,A,A,A,A,A,T
3546,C,T,C,C,C,C,C,T
3554,A,T,A,A,A,A,A,A
3555,A,G,A,A,A,G,A,A
3560,C,C,T,T,T,T,C,T
3561,C,T,T,T,C,C,C,C
3566,G,A,A,A,A,A,A,A
3569,C,C,T,C,T,C,T,T
3578,T,T,A,A,A,C,C,A
3581,T,C,C,T,C,C,C,C
3584,A,A,A,A,A,A,C,C
3587,C,C,C,C,C,C,T,C
3590,C,T,T,T,T,T,T,T
3593,T,T,C,T,T,C,C,T
3596,C,T,C,T,T,T,C,T
3599,T,T,C,T,T,C,C,C
3603,C,C,C,T,T,C,C,C
3605,T,T,T,A,A,A,A,A
3611,T,T,C,C,C,T,T,T
3614,T,C,C,T,T,C,C,C
3626,C,C,T,C,C,C,C,C
3629,T,T,T,C,C,T,T,T
3630,C,T,C,C,C,T,T,T
3635,C,T,A,A,A,C,C,T
3636,C,C,C,T,T,T,C,T
3641,A,G,A,A,A,A,A,A
3642,C,C,T,C,C,C,C,T
3648,T,C,T,T,T,C,T,T
3650,A,A,A,A,A,A,A,G
3653,T,T,C,C,C,C,T,T
3655,T,T,T,T,T,C,T,T
3656,G,A,A,A,A,A,A,A
3659,A,G,A,A,A,A,A,A
3662,T,T,T,T,T,T,C,T
3665,T,C,T,T,T,T,T,T
3668,T,C,T,T,T,T,C,C
3669,T,T,T,T,T,C,T,T
3674,A,T,T,T,T,T,A,A
3677,T,T,T,C,C,T,T,T
3680,T,T,C,C,C,C,T,C
3681,A,C,T,C,C,C,A,C
3682,C,T,T,T,T,T,C,T
3686,G,G,G,G,G,G,G,A
3689,A,G,A,G,G,A,G,A
3690,G,A,A,A,A,A,A,G
3691,T,C,C,C,C,C,C,T
3692,A,C,T,T,T,A,G,A
3695,A,C,A,C,C,A,T,C
3698,A,G,A,G,C,A,A,C
3699,T,C,T,T,T,T,T,C
3700,A,T,A,A,A,A,A,A
3701,C,C,C,T,C,C,C,C
3702,A,A,A,G,A,A,A,A
3720,T,T,T,T,T,T,C,T
3727,A,G,G,G,G,G,G,G
3746,T,T,T,G,T,T,T,T
3747,T,T,T,C,A,T,A,A
3757,C,T,T,T,T,T,T,T
3758,A,G,A,A,A,A,A,A
3760,G,A,A,A,A,A,A,A
3761,C,T,T,C,T,C,C,T
3794,t,T,T,C,T,T,T,T
3796,c,C,C,T,C,C,C,C
3799,t,C,C,C,C,C,T,T
3817,c,T,T,T,C,C,T,T
3827,t,T,C,T,T,T,T,T
3828,a,A,G,A,A,A,A,A
3829,a,T,T,T,A,A,A,A
3835,t,C,C,C,T,T,T,T
3836,t,C,C,C,T,T,C,T
3841,t,-,T,T,T,T,T,T
3842,a,-,T,C,C,A,-,A
3843,A,-,A,A,T,A,A,A
3900,T,C,T,T,T,T,T,T
3919,T,T,C,T,T,C,T,C
3922,T,C,C,C,T,T,T,T
3925,C,T,T,T,A,T,A,A
3928,C,C,T,C,C,C,C,C
3931,T,T,T,T,A,T,T,A
3932,G,A,A,A,A,A,G,A
3933,C,T,T,C,C,C,C,C
3934,C,T,C,C,C,C,T,C
3936,T,T,C,T,T,T,T,T
3937,C,T,C,C,T,T,C,T
3940,C,T,C,C,C,C,C,T
3943,C,C,T,T,T,C,C,T
3945,T,C,C,C,C,C,T,C
3946,C,T,C,C,C,C,A,C
3952,C,C,T,T,T,C,T,T
3955,C,T,T,T,T,C,C,T
3956,T,C,C,T,T,C,C,C
3961,T,T,A,C,C,C,C,C
3964,T,T,T,T,T,C,T,T
3965,G,G,A,A,A,A,G,G
3967,A,A,A,A,A,T,A,A
3970,C,C,C,T,T,C,T,T
3973,A,T,A,A,A,G,A,A
3976,A,A,A,G,G,A,A,A
3979,C,C,C,C,C,C,T,C
3985,C,T,T,T,T,C,C,T
3988,C,C,C,T,T,C,C,C
3991,A,C,C,C,C,A,C,T
3992,A,T,C,C,C,A,A,T
3994,A,A,A,A,A,A,G,A
3995,C,C,C,T,T,C,C,C
3997,A,A,A,G,G,A,A,A
4003,A,G,A,A,A,A,A,A
4006,A,G,A,G,G,A,A,A
4012,G,A,A,G,G,A,A,A
4018,C,T,T,T,T,C,T,T
4020,G,G,G,G,G,G,G,A
4021,C,C,T,T,T,C,C,C
4024,A,A,A,C,C,A,A,A
4025,C,C,T,C,C,C,T,T
4027,A,G,A,A,A,A,A,A
4028,G,T,G,G,G,G,G,G
4030,A,A,G,A,A,A,A,A
4033,T,T,T,T,T,C,T,T
4034,A,A,G,G,G,G,A,G
4036,C,T,T,C,C,T,C,C
4039,C,C,C,C,C,C,T,T
4040,A,C,C,C,C,T,A,C
4048,C,T,T,T,T,T,T,A
4050,A,A,A,G,G,A,A,A
4051,C,C,T,T,T,T,T,C
4054,A,A,A,A,A,G,A,A
4057,A,G,A,A,A,A,A,A
4060,C,C,C,C,C,C,C,T
4072,T,C,C,C,C,T,T,T
4079,G,G,G,A,A,G,G,G
4083,C,C,C,C,C,C,C,T
4090,C,C,T,C,T,T,T,T
4093,C,C,T,T,C,C,T,T
4094,G,G,G,G,G,G,G,A
4096,C,G,C,T,A,T,C,T
4099,A,A,C,A,A,A,C,A
4102,A,G,A,A,A,A,A,A
4108,A,A,T,A,A,A,A,A
4120,T,T,C,T,T,T,T,T
4123,C,T,C,T,T,T,T,T
4126,C,T,T,C,T,T,C,T
4129,G,A,A,A,A,A,G,A
4132,C,C,C,T,C,C,C,C
4135,C,T,T,T,C,T,T,T
4136,G,G,A,G,G,G,G,G
4138,A,A,C,T,T,A,A,A
4141,C,T,T,T,T,T,C,T
4144,C,C,C,C,C,T,T,T
4147,T,T,C,C,C,C,T,T
4150,A,G,A,A,A,A,A,A
4154,C,T,C,C,C,C,T,T
4165,A,A,G,A,A,A,G,A
4166,A,A,A,A,A,A,G,A
4167,T,T,T,T,C,T,T,T
4168,A,A,A,G,G,A,A,A
4171,T,T,T,T,C,T,T,T
4185,A,G,A,A,A,A,A,A
4186,C,T,C,T,T,C,C,C
4187,G,A,A,A,A,A,G,A
4188,G,G,A,G,G,A,G,G
4189,T,C,T,C,C,T,C,C
4190,C,T,A,A,A,C,C,C
4191,T,T,T,C,C,T,T,T
4192,T,A,T,A,A,T,T,T
4195,C,C,T,C,C,C,C,T
4198,T,C,C,T,T,C,C,T
4204,A,A,G,A,A,A,A,A
4205,A,T,A,A,A,A,A,A
4208,T,C,T,T,T,T,T,T
4213,A,A,A,A,A,A,G,A
4216,C,T,C,A,A,C,C,C
4217,C,C,C,T,T,T,C,C
4219,A,A,A,A,A,A,A,G
4222,C,A,A,A,A,C,C,T
4225,A,A,A,A,A,A,G,A
4229,C,C,C,C,C,C,T,C
4231,A,T,T,T,T,T,A,T
4234,C,C,C,C,C,T,C,C
4237,C,T,T,C,C,C,C,T
4240,C,T,C,C,C,C,C,T
4243,A,T,A,A,A,C,C,A
4246,C,C,C,C,C,T,C,C
4252,C,C,C,T,T,C,C,C
4255,A,A,A,A,G,G,A,A
4256,T,T,C,C,C,C,C,T
4258,A,A,G,A,A,A,A,A
4261,A,A,A,A,C,A,A,A
4270,T,T,C,C,C,C,T,C
4276,G,A,C,A,A,A,A,A
4279,C,T,T,T,C,C,C,T
4280,C,C,C,C,C,T,C,C
4282,A,C,A,A,A,C,G,A
4285,G,T,A,T,T,A,A,A
4288,C,C,T,C,C,C,T,C
4290,T,C,T,T,T,C,T,T
4291,A,A,A,A,A,G,A,A
4294,A,A,A,C,C,C,A,C
4295,C,T,C,C,C,C,C,C
4297,T,A,T,T,T,A,T,A
4300,T,C,C,C,C,T,C,C
4303,T,C,C,T,T,T,T,C
4306,T,C,T,T,T,A,C,T
4324,T,A,A,A,A,T,C,C
4327,C,T,C,C,C,C,C,C
4328,C,C,C,T,T,C,C,C
4333,A,T,T,T,T,T,A,A
4336,T,C,T,C,C,A,C,T
4337,T,T,T,C,C,T,T,C
4342,T,C,C,T,T,T,C,C
4350,A,T,A,A,A,A,A,A
4351,C,C,T,T,T,C,T,T
4353,C,A,A,A,A,C,C,C
4354,G,C,C,C,C,C,A,C
4355,C,T,C,T,T,C,C,T
4357,A,A,A,G,G,A,A,A
4360,C,A,A,T,T,T,T,T
4361,A,G,G,G,G,A,A,A
4363,C,T,T,C,C,T,T,C
4364,T,T,A,A,A,T,C,C
4366,T,T,T,T,T,C,C,T
4367,A,A,A,A,A,T,A,A
4369,T,C,C,T,T,T,T,C
4372,C,T,T,T,T,T,C,C
4375,T,T,C,T,T,C,T,T
4376,T,T,C,T,T,C,T,T
4377,T,T,T,T,-,T,T,T
4378,A,A,A,A,-,A,A,A
4379,A,T,C,A,-,A,A,A
4380,T,T,T,T,-,T,T,C
4381,A,A,C,C,-,T,A,C
4382,C,A,C,C,-,T,C,A
4384,A,A,A,A,T,A,A,A
4385,G,G,G,G,C,G,G,G
4387,A,A,A,A,C,A,A,A
4391,A,T,T,A,A,A,A,A
4392,C,C,C,C,C,C,C,T
4393,T,A,A,A,A,A,T,A
4396,T,C,T,C,C,C,A,C
4399,T,C,C,T,T,C,C,T
4402,C,T,C,T,T,C,C,T
4403,A,T,C,A,A,A,A,A
4405,A,A,A,A,T,A,A,A
4408,G,A,A,A,A,A,A,A
4417,A,A,A,A,G,A,A,A
4420,A,T,T,T,A,A,A,A
4421,C,C,T,C,C,C,C,C
4423,T,T,A,A,A,T,T,T
4426,C,C,C,C,C,T,T,T
4429,A,G,A,G,A,G,A,A
4437,T,C,T,T,T,T,T,T
4453,C,C,T,C,C,C,C,C
4456,T,C,C,C,C,C,C,T
4465,T,C,C,C,T,T,T,T
4468,C,C,C,C,A,C,C,A
4471,C,C,C,C,C,C,T,C
4474,A,A,A,A,-,A,A,A
4475,G,G,G,G,-,G,G,G
4479,G,G,G,G,C,G,G,G
4480,A,A,A,A,G,G,A,A
4484,T,T,C,C,-,C,C,C
4486,A,G,A,A,C,A,A,A
4489,A,A,T,A,A,T,A,A
4493,C,T,C,C,C,C,C,C
4495,T,A,C,T,T,T,T,C
4498,T,A,C,C,C,C,T,C
4501,C,C,T,C,C,C,T,C
4507,A,A,A,C,A,A,A,A
4510,C,A,C,C,C,T,T,T
4513,C,T,T,T,C,T,T,T
4516,T,C,T,C,C,T,A,T
4517,C,C,C,C,C,T,C,T
4522,C,T,T,T,C,C,C,T
4525,C,T,T,C,C,C,C,T
4526,C,C,T,C,C,C,C,T
4528,C,T,A,T,T,A,T,A
4529,A,G,G,G,G,A,A,G
4530,T,C,C,C,C,C,T,C
4534,C,T,C,T,T,T,C,T
4537,T,T,C,T,T,T,T,T
4540,T,T,C,T,T,T,T,T
4541,A,C,T,T,G,A,A,A
4543,T,A,A,A,A,T,T,T
4546,T,T,T,T,T,C,C,T
4550,G,A,A,A,A,A,A,A
4551,C,T,C,T,T,T,T,T
4552,C,T,T,C,T,T,T,T
4555,T,T,C,C,C,T,T,T
4561,C,T,T,T,T,T,T,C
4567,A,T,C,C,C,A,A,T
4568,C,C,T,C,C,C,C,C
4570,T,A,A,A,A,C,T,T
4572,T,T,T,T,T,C,T,T
4573,A,A,A,G,G,A,A,A
4574,C,C,C,C,C,T,C,C
4576,A,C,T,A,A,A,A,A
4579,T,C,C,T,T,T,C,C
4581,A,A,A,G,G,A,A,G
4582,C,C,C,C,C,C,C,T
4585,T,T,C,T,T,C,T,T
4586,A,A,A,A,A,A,A,T
4587,T,T,T,T,T,C,T,T
4588,A,G,A,A,A,A,A,A
4590,C,A,C,C,C,C,C,C
4594,C,T,T,T,T,C,T,T
4597,C,T,C,C,C,T,C,T
4600,A,A,G,A,A,A,G,A
4603,C,T,T,T,C,C,C,C
4609,T,T,A,T,T,C,T,C
4610,C,T,C,C,C,T,C,C
4617,A,A,A,G,A,A,A,A
4618,T,T,C,T,T,T,T,C
4621,A,A,A,A,A,G,A,A
4624,T,C,C,C,C,C,C,C
4628,G,G,G,A,A,G,G,G
4631,A,G,G,G,A,G,A,G
4636,A,C,T,T,T,T,A,T
4638,C,C,C,C,C,C,C,T
4639,T,A,A,A,A,A,C,A
4642,A,A,A,A,A,A,A,G
4644,T,T,C,C,C,C,T,C
4645,C,T,T,C,C,C,T,C
4648,A,C,C,C,C,C,A,C
4649,C,C,C,C,C,T,C,C
4651,G,T,A,T,T,A,A,T
4654,A,T,C,C,C,C,A,C
4655,T,T,C,T,T,T,C,C
4658,C,C,C,T,T,C,T,T
4663,C,T,C,C,C,C,C,G
4664,C,T,T,T,T,C,C,C
4672,C,C,A,T,T,A,C,A
4675,T,T,T,T,T,T,C,T
4678,A,A,A,A,A,A,G,C
4681,A,C,A,A,A,C,A,A
4682,C,T,T,T,C,C,C,C
4684,A,A,A,A,A,G,G,A
4690,A,A,A,T,A,A,A,A
4693,C,T,T,C,C,T,T,C
4694,T,C,T,C,C,T,T,C
4699,A,A,A,A,A,T,T,A
4706,A,A,A,G,G,G,A,A
4707,T,T,T,C,C,C,T,T
4708,T,T,C,T,C,T,T,T
4711,C,C,C,T,C,C,C,T
4714,C,C,C,C,C,C,T,T
4715,A,A,A,A,A,T,A,A
4717,A,A,A,A,A,A,G,A
4720,A,A,A,A,A,A,G,A
4723,T,G,T,A,A,T,T,C
4732,C,T,T,C,C,T,T,T
4735,C,C,C,C,C,C,T,C
4738,T,C,T,C,T,C,C,T
4739,C,T,C,T,C,C,C,C
4744,T,T,T,T,T,C,T,T
4745,A,T,A,A,A,A,A,A
4753,A,A,G,G,A,T,A,A
4756,C,A,A,A,A,A,C,A
4759,A,A,G,A,A,A,A,A
4765,A,A,A,A,A,A,G,A
4768,A,A,G,A,A,A,A,A
4771,T,A,A,A,A,C,C,T
4774,A,T,C,C,C,C,A,C
4777,A,C,C,A,A,C,A,G
4781,C,T,C,C,C,C,C,C
4786,C,T,C,T,T,T,C,C
4789,T,C,T,C,C,T,C,C
4792,T,T,C,T,T,T,T,C
4795,T,A,T,T,T,T,T,T
4799,C,C,T,C,C,C,C,C
4804,T,T,T,T,T,T,T,C
4807,T,C,C,C,C,C,T,T
4810,C,C,C,T,T,T,T,C
4813,T,C,C,C,C,C,T,T
4816,A,C,A,A,A,A,A,A
4819,A,A,A,A,A,A,A,T
4824,T,T,T,T,T,C,T,T
4828,T,T,T,T,T,T,T,C
4834,C,A,C,T,T,A,C,T
4837,C,T,C,C,C,C,C,T
4840,T,T,T,C,C,T,T,T
4842,A,A,A,A,A,A,A,G
4843,C,C,C,T,T,C,C,C
4849,A,A,A,A,A,G,A,A
4852,A,A,A,A,A,A,G,A
4854,T,T,T,T,T,C,T,T
4855,A,A,A,A,A,A,A,G
4857,C,G,A,A,A,T,C,T
4858,T,C,C,T,T,T,T,T
4859,C,T,T,C,C,C,C,C
4860,A,T,A,A,A,A,A,A
4861,C,T,C,T,T,C,C,T
4864,A,A,C,A,A,A,A,A
4865,A,C,C,C,C,A,A,A
4871,A,T,A,A,A,A,A,A
4872,C,T,T,T,T,T,C,T
4873,T,C,A,T,T,T,T,C
4876,A,G,A,A,A,A,A,A
4877,C,T,T,T,T,C,C,C
4879,C,A,C,C,C,C,T,T
4880,A,T,T,A,A,A,A,A
4882,C,T,C,C,C,C,C,C
4887,T,C,T,T,T,T,T,T
4889,T,C,T,T,T,T,T,T
4891,T,A,T,C,C,T,T,T
4894,C,T,T,T,T,C,T,T
4896,C,T,C,C,C,C,C,C
4897,C,T,C,C,C,C,C,C
4898,C,A,C,C,C,C,C,C
4900,A,A,A,A,A,A,G,C
4901,G,A,G,G,G,G,G,G
4903,T,T,T,C,C,T,T,T
4904,A,A,A,A,A,A,G,A
4906,C,T,C,C,C,C,T,C
4907,A,T,C,C,C,A,A,A
4909,A,A,A,A,A,A,A,T
4912,C,T,T,T,T,C,T,C
4915,A,A,A,T,T,A,A,A
4919,A,A,A,T,T,A,A,A
4921,C,T,A,C,C,C,C,C
4922,C,C,T,T,T,C,C,T
4930,A,C,T,C,C,C,G,C
4931,G,T,T,T,T,T,G,T
4933,C,C,A,C,C,C,C,C
4936,C,C,C,T,T,T,C,T
4940,C,C,C,C,C,A,C,A
4942,A,C,C,C,A,A,A,A
4945,T,C,C,C,T,C,T,C
4947,C,T,T,T,T,T,C,T
4948,C,A,A,C,C,A,C,C
4965,A,A,A,A,T,A,T,A
4966,C,T,T,C,C,A,A,C
4967,T,T,T,T,T,A,T,A
4973,G,G,G,G,G,A,A,G
4974,C,T,C,C,C,A,C,C
4976,A,A,A,A,A,A,G,G
4990,T,C,T,T,T,T,T,T
5000,C,A,A,G,T,C,C,C
5001,A,C,T,C,A,A,G,G
5032,C,C,C,C,T,C,C,T
5034,T,A,A,A,A,A,C,A
5035,C,T,C,T,T,T,T,T
5037,T,C,T,T,T,T,T,T
5039,C,C,T,C,C,C,C,C
5064,T,C,T,T,T,T,T,T
5086,C,T,C,T,T,C,C,T
5087,A,A,A,A,A,A,A,T
5094,T,T,T,C,T,T,T,T
5098,C,T,C,T,C,C,C,C
5103,A,G,G,A,C,A,A,C
5105,T,T,T,T,C,T,T,C
5118,A,T,A,A,T,T,T,T
5143,T,C,T,T,C,C,T,C
5144,T,A,T,T,T,T,T,T
5145,A,C,A,A,T,A,A,T
5171,G,A,A,A,A,A,A,A
5175,A,A,A,A,A,A,A,-
5176,A,A,A,A,A,A,A,-
5177,A,A,A,A,A,C,A,-
5178,A,G,A,G,-,A,G,A
5179,A,A,-,-,-,A,A,A
5180,A,A,-,-,-,A,A,A
5181,A,A,-,-,-,A,A,A
5182,A,G,A,G,A,G,A,A
5183,T,T,-,T,T,T,T,T
5205,G,G,A,G,G,G,G,G
5206,A,A,G,A,G,A,A,A
5259,C,T,T,T,T,-,C,-
5273,A,G,A,A,G,G,A,A
5274,T,T,T,T,C,C,T,C
5277,A,G,A,A,A,A,A,A
5282,T,T,C,T,T,T,C,T
5336,T,T,T,T,C,T,T,C
5342,T,T,T,T,T,T,C,T
5346,T,C,T,C,C,C,T,C
5351,C,C,C,C,T,T,C,T
5357,C,T,T,T,T,T,C,T
5360,T,C,C,C,C,C,T,C
5363,C,T,T,T,C,T,T,T
5369,T,T,T,T,T,T,T,C
5372,C,T,T,T,T,T,C,T
5375,A,A,A,A,C,A,A,A
5378,C,C,C,C,C,T,C,C
5381,C,A,C,A,G,A,G,G
5384,T,T,C,C,C,T,T,T
5385,C,C,C,T,T,T,T,T
5387,A,A,A,A,G,G,A,A
5393,C,T,T,T,T,C,C,T
5396,A,A,T,A,A,A,A,A
5399,C,C,T,T,T,T,C,T
5405,G,A,A,A,A,A,A,A
5408,A,A,A,A,T,A,A,A
5414,G,A,A,A,A,A,A,A
5417,T,A,A,A,A,T,T,T
5420,T,C,C,T,C,C,T,C
5423,A,A,A,A,G,A,C,A
5424,C,C,T,C,C,C,C,C
5432,T,T,T,T,C,T,T,C
5447,A,A,A,A,A,A,A,G
5453,T,A,A,A,A,A,T,A
5456,A,A,A,G,A,G,A,A
5462,T,T,T,C,C,T,T,C
5465,A,A,G,A,A,A,A,A
5468,T,T,C,A,T,T,C,A
5469,T,C,C,C,C,C,T,C
5474,A,A,A,A,A,A,A,G
5477,T,T,T,T,T,T,T,C
5483,A,G,G,A,A,A,A,A
5486,T,T,T,T,C,T,T,T
5489,C,T,C,T,C,C,T,C
5495,T,T,T,T,T,C,T,T
5498,C,T,T,T,T,T,C,T
5501,A,A,T,T,T,C,A,A
5504,T,T,T,C,C,C,T,T
5510,T,T,T,T,T,C,T,C
5513,T,A,A,A,A,A,A,A
5516,T,C,T,T,T,T,T,T
5519,T,G,T,T,T,T,T,T
5522,A,A,A,A,A,A,A,G
5525,T,T,C,C,C,T,T,T
5528,C,T,T,T,T,C,C,C
5531,C,T,C,T,T,C,T,T
5537,A,T,A,A,T,A,T,T
5540,A,G,A,G,A,G,A,A
5543,A,A,G,A,A,A,A,A
5552,T,T,T,T,T,T,T,C
5558,C,C,T,T,C,C,C,C
5561,T,C,C,C,T,T,T,T
5567,C,C,C,C,C,C,C,T
5576,C,T,A,A,A,G,C,A
5579,A,A,C,A,A,A,A,A
5582,A,A,A,A,A,G,A,A
5585,A,A,A,A,A,A,A,G
5588,C,T,C,T,T,T,T,T
5600,T,T,T,T,T,T,C,T
5603,A,A,A,A,A,A,G,A
5606,A,A,G,A,A,A,A,A
5609,C,T,T,C,C,C,C,C
5612,A,A,C,A,A,A,A,A
5621,T,T,T,T,C,T,T,C
5630,T,C,C,T,T,T,T,T
5633,T,T,T,T,C,T,C,C
5637,C,C,T,C,C,C,C,C
5639,C,A,A,A,C,T,T,C
5640,C,C,C,C,C,T,C,T
5642,A,T,T,T,A,A,A,A
5645,A,C,C,C,C,C,C,C
5651,A,T,A,A,A,A,A,A
5654,T,C,C,T,T,C,C,T
5657,C,C,C,T,C,T,T,C
5660,T,T,T,C,C,C,T,T
5663,C,T,C,A,A,T,C,C
5664,C,C,T,T,T,T,C,T
5666,A,A,A,A,A,A,A,G
5669,A,A,A,A,A,A,A,C
5675,A,T,A,A,A,A,A,A
5681,A,A,T,A,A,A,T,T
5684,A,A,A,A,A,A,A,G
5687,A,A,T,T,T,A,A,A
5690,A,A,G,G,A,A,A,G
5696,A,A,G,A,C,T,A,C
5699,A,G,A,A,A,A,A,A
5705,A,A,A,A,G,A,A,A
5711,C,T,C,C,C,C,C,T
5714,C,C,T,C,C,C,C,C
5717,A,C,A,A,A,A,T,A
5726,C,T,T,C,T,T,C,T
5732,T,T,C,T,C,T,T,C
5733,C,T,T,T,T,C,C,T
5738,C,T,C,C,C,C,C,C
5741,T,T,C,T,T,T,T,T
5744,A,A,A,A,G,A,A,A
5753,A,A,T,T,T,A,A,A
5759,C,C,T,T,T,T,C,C
5760,C,C,C,T,T,C,C,C
5771,C,C,T,T,T,T,C,T
5774,C,C,C,T,T,C,C,T
5775,C,C,C,C,C,T,C,C
5777,T,C,T,A,A,A,T,T
5780,T,T,C,T,T,C,T,T
5781,T,T,T,T,T,T,C,C
5786,T,T,T,C,C,T,T,T
5789,A,T,G,T,T,A,A,A
5792,G,T,A,C,C,A,T,A
5795,A,A,A,A,A,A,G,A
5798,T,T,C,T,T,T,T,T
5801,T,T,C,T,T,C,T,C
5802,T,C,C,T,T,C,T,C
5807,T,T,T,T,T,A,T,C
5810,A,A,T,A,A,A,T,T
5813,T,C,C,C,C,C,T,C
5816,T,C,C,C,C,T,T,C
5825,C,T,A,A,A,T,C,T
5828,T,A,A,A,A,C,C,C
5831,T,T,T,T,T,T,T,C
5834,C,T,T,T,T,T,C,C
5837,C,T,T,T,T,C,T,T
5840,G,A,A,A,A,G,A,A
5846,C,C,T,C,C,A,C,C
5852,C,T,C,T,T,C,C,T
5855,A,A,A,A,A,A,A,G
5858,A,T,T,T,T,T,A,C
5861,G,A,A,G,G,A,G,A
5870,T,C,C,C,C,C,C,C
5873,A,G,A,A,A,A,A,A
5876,A,A,A,A,A,A,C,A
5882,C,T,C,C,C,A,A,A
5888,C,A,T,C,C,T,C,C
5892,C,C,C,T,T,C,C,C
5894,T,A,A,A,A,T,T,A
5897,T,T,T,T,T,C,T,T
5900,A,T,A,A,A,A,A,A
5903,C,T,T,T,T,C,T,T
5906,A,A,T,A,A,A,A,A
5907,C,T,T,T,T,C,C,C
5909,G,A,A,A,A,A,A,A
5912,C,T,C,T,T,T,C,T
5913,C,T,T,T,T,T,C,T
5916,T,C,C,T,T,T,C,C
5918,A,A,C,A,A,A,A,A
5921,A,C,A,A,A,C,A,C
5922,C,C,C,C,C,T,C,C
5924,A,A,T,G,G,A,A,G
5927,A,A,A,G,G,A,A,A
5930,G,T,A,A,A,T,A,A
5931,C,C,T,T,T,C,C,T
5936,C,T,T,T,T,T,C,T
5942,C,A,A,A,A,A,C,C
5945,T,C,C,T,T,T,T,T
5954,A,G,A,A,A,A,G,A
5955,C,C,T,T,T,C,T,T
5957,A,A,A,A,A,G,A,A
5963,C,C,C,C,C,T,C,C
5966,C,T,A,A,A,A,C,A
5969,C,C,C,T,T,C,C,T
5972,A,T,A,T,T,A,T,A
5975,C,T,T,T,T,C,C,T
5981,T,T,C,T,T,T,T,T
5987,T,T,T,T,C,T,T,T
5990,T,T,C,C,C,C,T,C
5993,C,T,T,T,T,T,C,T
5996,T,C,C,C,C,T,T,C
5999,A,A,T,A,A,A,A,A
6002,A,G,A,A,G,A,A,A
6005,G,A,A,G,G,G,G,T
6008,C,T,C,C,C,C,C,T
6014,T,C,C,C,C,C,T,C
6017,C,T,T,T,T,C,C,T
6020,C,C,T,T,T,T,C,T
6023,G,A,G,A,A,A,A,A
6026,T,T,C,C,C,T,T,T
6029,G,A,A,A,A,C,A,A
6038,C,C,T,T,T,C,T,C
6041,T,T,T,T,T,T,C,T
6044,G,T,A,T,T,T,C,C
6047,C,C,C,C,C,C,C,T
6056,T,C,C,C,C,T,T,C
6059,T,C,T,C,C,T,T,T
6062,T,T,T,C,C,C,T,T
6065,T,T,T,T,T,C,T,T
6068,C,T,T,C,C,C,T,T
6071,C,T,T,T,T,T,T,C
6074,A,T,A,A,A,A,A,A
6080,T,T,C,T,T,C,C,C
6083,A,T,A,A,A,A,A,A
6086,T,C,T,C,C,T,T,T
6089,T,T,T,C,C,T,T,T
6092,A,A,A,T,T,C,A,A
6095,T,T,T,T,T,T,C,T
6101,T,T,A,T,T,C,T,T
6104,T,C,T,T,T,C,C,C
6107,C,C,C,C,C,T,C,C
6110,C,T,T,C,C,T,T,C
6113,C,T,T,T,T,T,T,T
6128,T,T,T,T,T,T,C,T
6131,C,T,C,T,T,T,C,T
6134,C,T,C,C,C,C,C,C
6137,T,C,T,T,T,T,C,T
6143,A,A,T,A,A,G,A,A
6146,A,A,G,A,G,A,A,G
6152,A,A,A,A,A,A,G,A
6155,A,A,A,A,T,A,A,A
6158,A,G,A,A,A,G,A,A
6161,G,G,G,A,A,A,G,A
6164,T,A,A,A,T,C,C,C
6170,C,T,T,T,T,A,C,C
6173,T,C,C,C,C,C,C,C
6174,C,T,T,T,C,C,C,C
6179,C,T,C,C,C,C,C,C
6188,A,A,A,A,G,A,A,A
6197,C,C,C,T,T,C,T,C
6200,C,T,T,T,C,C,C,C
6206,C,T,T,T,T,C,C,C
6215,A,A,A,T,T,C,A,G
6216,T,T,C,T,T,T,C,T
6218,A,A,A,A,A,A,G,A
6221,T,T,T,T,T,C,C,C
6227,C,C,C,T,T,C,C,C
6236,T,C,T,T,T,T,T,C
6239,C,C,T,C,C,T,C,C
6242,T,T,T,C,C,C,T,T
6251,C,T,T,T,A,T,C,T
6254,T,C,T,T,T,T,T,C
6260,T,T,T,T,C,T,T,T
6263,C,T,C,C,C,C,C,C
6266,A,A,A,A,A,T,A,A
6272,T,C,T,T,T,T,T,C
6275,C,A,C,C,T,T,C,T
6278,T,T,C,C,C,T,T,C
6281,C,A,A,A,A,T,T,A
6290,T,T,T,T,T,T,T,C
6293,C,C,C,C,T,C,C,C
6305,C,C,A,C,C,C,C,T
6306,C,C,T,T,T,C,C,C
6308,A,A,G,A,A,A,G,A
6311,C,T,T,C,C,T,C,C
6317,T,T,A,A,G,A,C,A
6320,T,T,T,T,T,T,T,C
6323,T,C,T,T,T,C,T,C
6332,T,T,C,T,C,C,C,T
6338,T,C,C,T,T,T,T,T
6341,A,A,A,A,A,A,G,A
6350,C,C,C,T,T,T,C,C
6351,T,T,C,T,T,C,T,T
6356,C,C,C,C,C,C,C,G
6362,T,T,C,T,T,C,T,T
6366,T,T,T,C,T,C,T,T
6371,T,T,T,C,C,T,T,C
6377,T,T,T,C,C,C,C,T
6380,T,T,C,T,T,A,T,A
6383,T,A,C,A,A,T,T,T
6384,C,C,C,T,T,C,C,C
6386,A,A,A,A,A,A,T,T
6389,C,C,C,C,C,T,C,C
6392,A,A,A,A,A,A,A,G
6398,T,T,T,A,A,C,C,C
6399,T,C,C,T,T,T,C,T
6404,C,A,A,A,A,A,T,A
6407,C,T,C,C,C,C,T,C
6410,A,A,A,A,A,A,T,A
6413,C,A,T,A,C,C,C,C
6422,C,T,T,T,T,T,T,T
6425,G,G,A,A,A,A,G,A
6428,T,T,T,A,A,C,C,T
6431,C,T,C,T,T,T,C,C
6434,T,T,C,T,T,C,C,C
6437,A,A,A,C,A,A,A,A
6443,T,T,T,T,T,T,T,C
6449,A,A,A,A,T,A,A,T
6452,C,T,C,C,C,C,C,C
6455,T,T,T,T,T,T,T,C
6458,C,C,T,C,T,T,C,T
6461,C,C,C,C,C,C,T,C
6464,T,T,C,T,T,T,T,C
6467,T,C,C,C,C,T,T,C
6468,C,C,C,C,C,C,T,T
6473,A,C,C,T,T,C,T,T
6476,G,A,A,A,A,A,A,A
6482,A,A,A,A,A,T,A,A
6485,G,T,A,A,A,A,A,A
6494,C,T,T,T,C,T,C,T
6497,A,A,A,G,A,A,A,A
6503,A,A,A,A,A,G,A,A
6506,T,C,C,C,T,T,T,T
6509,T,T,T,T,C,T,T,T
6518,C,T,C,C,C,C,C,C
6522,T,C,T,C,C,T,C,T
6527,T,C,C,T,T,T,T,T
6533,C,T,C,T,T,A,C,A
6535,T,A,A,A,A,A,A,A
6536,C,T,C,C,C,T,C,T
6539,C,C,C,T,T,C,C,C
6540,C,C,T,T,T,C,C,C
6545,T,T,T,T,T,C,T,T
6548,C,T,C,C,C,C,T,C
6566,C,T,C,C,C,T,C,T
6569,C,C,T,T,T,C,C,C
6571,C,C,C,C,C,T,C,C
6572,C,T,C,C,C,C,C,C
6575,C,T,T,C,C,T,C,T
6581,C,T,C,C,C,T,C,T
6584,A,A,G,A,A,A,A,A
6590,A,A,T,T,T,T,A,T
6593,C,T,C,C,T,C,C,T
6594,A,A,A,A,T,A,A,A
6596,A,G,A,A,A,A,A,A
6602,C,C,T,T,T,T,C,T
6617,C,T,C,T,T,C,C,T
6618,C,C,C,C,T,C,C,C
6620,G,A,A,A,A,A,A,A
6623,C,C,C,C,C,T,T,C
6626,T,C,C,T,T,C,T,T
6632,A,G,G,T,T,A,T,A
6638,A,A,T,T,A,A,A,A
6644,C,T,T,T,C,T,C,C
6650,A,A,A,A,A,G,A,A
6653,C,T,C,T,T,C,C,T
6656,C,C,C,T,T,T,C,C
6662,T,T,T,T,T,T,C,T
6665,T,T,T,C,T,T,T,C
6668,C,T,C,T,T,C,C,C
6669,A,A,A,A,A,T,A,A
6671,C,C,T,T,T,T,C,C
6680,C,T,T,T,C,C,C,C
6683,T,T,T,T,T,T,T,C
6686,C,A,A,A,C,A,C,T
6689,T,T,C,T,T,C,T,T
6692,T,T,T,T,T,T,G,C
6698,A,A,A,A,A,A,G,A
6701,A,C,T,T,C,C,A,C
6704,T,C,C,C,C,C,C,C
6707,T,C,T,T,T,T,T,T
6711,C,T,T,T,C,C,C,C
6716,A,A,C,A,A,A,A,A
6722,T,A,T,A,A,A,A,A
6725,C,C,T,T,C,C,C,C
6726,A,G,G,G,G,G,A,G
6728,C,A,A,A,A,A,T,A
6731,G,A,A,A,G,G,A,A
6734,C,T,T,T,T,T,C,T
6737,T,T,C,T,T,C,T,T
6743,T,C,C,C,C,C,C,T
6749,G,A,A,A,A,A,A,A
6755,T,C,C,T,T,T,T,C
6758,T,T,C,T,T,T,T,T
6761,A,A,A,A,A,G,A,A
6773,A,A,T,T,A,A,A,A
6774,A,T,T,T,G,G,A,G
6775,T,C,C,C,C,C,T,C
6779,A,A,A,A,T,A,A,A
6785,G,A,A,A,A,C,A,A
6788,T,T,T,T,C,T,T,T
6791,T,C,C,C,C,C,C,C
6800,T,C,T,T,C,T,T,C
6806,A,G,A,A,A,G,A,A
6809,A,A,A,A,G,A,A,A
6812,T,T,T,T,T,C,T,T
6815,T,T,C,C,C,C,T,C
6821,C,T,T,T,T,T,C,T
6824,T,C,C,T,T,C,T,C
6827,A,T,A,A,A,A,A,A
6830,A,T,T,T,C,C,C,C
6833,T,C,C,T,C,C,C,C
6842,C,T,T,C,T,T,C,T
6845,G,A,A,A,A,A,A,A
6848,A,G,A,A,A,A,G,G
6854,C,T,C,T,C,T,C,T
6857,T,T,T,T,T,T,T,C
6860,A,T,G,A,A,A,G,A
6863,A,G,A,A,A,A,A,A
6866,A,A,A,A,G,A,A,A
6884,a,G,A,A,A,A,A,A
6896,a,A,A,A,A,A,T,A
6900,t,C,C,C,T,T,T,T
6915,t,T,T,T,T,T,C,C
6917,t,C,T,T,C,C,T,C
6939,A,A,A,A,T,A,A,A
6957,T,-,-,-,-,-,-,-
6958,C,C,C,C,T,T,C,T
6976,A,A,A,A,A,A,G,A
6984,A,A,A,G,A,A,A,A
6992,T,C,C,C,C,C,C,C
6993,C,C,C,C,C,C,T,C
6995,A,A,A,A,A,A,A,T
6996,T,A,A,A,A,A,A,A
6997,A,A,A,A,A,A,G,A
7012,T,T,C,C,C,C,C,C
7018,C,T,T,T,T,T,C,T
7021,C,C,C,T,T,T,C,C
7027,C,C,C,C,T,T,C,C
7033,T,A,A,A,A,A,A,A
7036,T,C,C,C,C,C,T,C
7037,C,T,T,T,T,T,T,T
7051,A,G,A,A,A,A,A,A
7057,T,T,C,T,T,T,C,C
7060,T,T,C,C,T,T,T,T
7069,G,A,A,A,A,A,A,A
7070,C,T,T,T,C,C,C,C
7072,A,A,A,A,G,A,A,A
7074,T,T,T,T,T,T,C,T
7078,T,C,T,C,C,C,T,T
7081,C,C,C,T,C,T,C,C
7084,T,C,T,T,T,T,C,C
7087,T,C,C,C,C,T,C,T
7094,C,T,T,T,T,T,T,C
7105,T,T,A,T,T,T,C,T
7108,C,T,T,T,T,C,C,C
7109,C,T,C,T,T,C,C,C
7117,C,T,T,C,C,T,C,C
7120,C,T,T,C,C,A,C,A
7121,T,C,T,C,C,C,T,C
7123,A,G,A,A,A,A,A,A
7126,C,T,C,C,C,T,C,T
7129,C,T,T,T,T,A,C,T
7132,T,C,T,T,T,T,C,C
7135,C,T,T,T,T,T,T,C
7138,C,T,T,T,T,T,T,T
7141,G,A,A,A,A,A,A,A
7144,A,T,T,T,T,A,A,A
7150,A,A,A,G,G,A,A,A
7156,A,A,A,A,A,A,A,C
7162,A,T,C,A,A,A,A,A
7168,T,T,C,T,T,T,T,T
7174,C,C,T,T,T,C,C,C
7177,A,A,A,A,A,G,A,A
7183,T,T,T,T,T,C,T,C
7186,A,T,C,A,A,A,A,T
7192,A,A,A,A,A,A,A,G
7198,A,A,A,A,A,A,A,G
7201,C,T,C,C,C,C,C,C
7204,T,T,C,C,C,T,T,T
7207,A,A,A,A,-,A,A,A
7208,A,A,A,A,-,A,A,A
7209,C,C,C,C,-,C,C,C
7210,T,C,C,C,-,G,C,A
7211,A,A,A,A,-,A,A,A
7212,T,T,T,T,-,T,T,T
7213,T,T,T,T,-,T,T,T
7214,C,T,T,C,-,C,C,T
7215,T,T,T,T,-,T,T,T
7216,A,A,A,A,A,T,G,A
7219,A,T,A,A,A,A,A,A
7222,T,T,T,T,T,T,C,T
7225,A,T,T,T,C,T,A,T
7228,C,C,T,C,C,T,C,C
7231,T,T,C,T,T,T,T,A
7234,C,C,T,C,C,T,T,C
7243,T,T,T,C,C,C,T,C
7244,C,T,T,C,C,T,C,C
7246,C,A,A,A,A,A,C,G
7249,C,C,T,T,C,C,T,C
7252,T,C,C,C,C,C,T,C
7255,A,T,T,T,T,T,A,T
7262,C,T,C,C,C,C,T,C
7264,A,A,A,A,C,T,A,T
7267,T,T,C,T,T,T,T,C
7270,A,A,A,A,A,A,G,G
7276,C,C,T,C,T,T,C,T
7282,C,C,C,T,T,T,T,T
7285,C,C,T,C,T,T,T,T
7288,C,T,T,C,C,T,C,T
7291,C,T,T,C,C,T,C,T
7294,A,C,T,T,T,A,C,C
7295,T,C,T,C,C,T,T,T
7297,A,A,A,T,T,A,A,A
7300,C,T,C,C,C,C,C,C
7303,T,G,T,T,T,A,G,A
7306,A,A,A,A,A,A,G,A
7309,C,T,C,T,T,T,C,C
7312,A,A,G,A,A,A,A,A
7315,G,T,T,C,C,A,A,A
7318,C,C,C,C,C,C,T,T
7321,A,A,A,A,A,A,G,A
7324,A,A,A,A,A,A,A,G
7333,C,C,T,C,C,C,C,T
7336,C,T,T,T,T,T,C,T
7339,A,A,G,G,G,A,G,G
7345,T,T,A,T,T,T,T,T
7348,C,C,C,C,C,T,C,C
7351,T,C,T,T,T,C,T,T
7354,A,A,A,A,A,G,G,A
7357,C,C,T,C,C,C,C,C
7358,C,C,T,C,C,C,C,T
7366,T,C,C,C,C,T,T,C
7369,T,C,C,C,C,T,C,T
7375,T,T,T,C,C,C,C,T
7378,A,A,G,A,A,A,A,A
7379,A,G,A,A,A,A,A,A
7381,C,T,C,T,T,C,T,C
7384,A,A,A,A,A,T,A,A
7389,A,A,A,C,C,A,A,A
7390,C,T,T,T,T,T,T,T
7394,C,T,T,T,T,T,T,T
7396,A,A,G,A,A,A,G,A
7402,T,A,A,A,A,T,T,T
7405,T,T,C,T,T,T,C,T
7408,A,A,A,G,A,A,A,A
7411,A,G,T,T,T,T,A,T
7414,A,A,C,A,A,G,A,A
7415,C,T,C,C,C,C,C,C
7417,G,A,A,A,A,A,A,T
7418,C,T,T,C,C,T,C,T
7420,A,A,A,A,G,A,A,A
7426,T,C,T,T,T,A,T,T
7429,T,T,T,C,C,C,C,C
7432,C,C,T,T,T,T,C,T
7438,C,T,C,T,T,C,C,C
7441,T,T,C,T,C,T,C,C
7444,G,A,A,A,A,C,A,A
7447,A,T,T,A,A,A,A,A
7450,A,A,A,G,G,A,A,G
7456,T,T,T,T,T,T,T,C
7462,C,T,T,T,C,C,C,C
7468,A,G,A,A,A,A,G,A
7469,T,C,T,T,T,T,C,T
7471,A,A,A,A,A,A,A,G
7474,T,T,T,C,C,T,C,T
7480,T,T,T,C,T,T,C,T
7486,C,T,T,C,T,T,T,T
7489,C,A,T,A,A,A,C,A
7492,C,T,T,T,T,T,C,T
7495,C,C,T,C,C,T,T,C
7498,A,A,A,A,A,G,A,A
7501,A,A,A,G,A,A,A,A
7504,A,T,T,T,T,T,T,C
7507,C,A,T,C,C,C,G,C
7510,C,C,T,A,A,T,C,T
7513,C,A,A,A,A,A,A,A
7514,C,T,C,T,C,C,C,C
7516,A,A,T,A,A,A,A,A
7520,C,T,C,C,C,T,C,T
7522,T,A,A,A,A,A,A,A
7528,T,T,C,C,C,C,C,T
7531,T,C,C,C,T,T,C,C
7534,C,C,C,C,T,T,C,T
7537,C,C,C,C,C,T,C,T
7543,C,C,A,T,T,A,C,T
7546,A,G,A,A,A,A,A,A
7547,C,C,C,C,C,C,C,T
7549,A,A,A,A,A,A,G,A
7552,T,C,T,C,C,T,T,C
7561,A,C,A,A,A,A,A,A
7564,A,G,A,A,A,G,A,A
7565,A,A,A,A,T,A,A,A
7582,G,A,G,A,T,G,A,T
7585,A,G,A,A,A,A,A,A
7588,C,C,C,C,C,C,C,T
7591,T,C,T,C,C,T,C,T
7594,C,A,T,C,T,T,C,T
7603,T,C,T,T,T,T,T,C
7612,T,C,C,C,C,C,C,C
7615,A,C,C,C,C,A,A,C
7618,T,T,C,T,T,T,T,C
7621,C,T,T,C,C,T,C,T
7624,T,T,T,T,T,C,T,T
7627,C,T,T,C,C,C,C,T
7630,T,T,C,T,T,T,T,C
7633,G,A,G,A,A,A,A,G
7636,C,T,T,T,T,T,C,T
7639,T,C,T,C,T,T,T,C
7645,A,T,T,T,C,T,T,T
7651,G,A,A,A,A,A,G,A
7654,T,T,C,C,C,C,T,T
7663,A,A,A,G,A,A,A,A
7666,T,T,T,C,T,T,T,T
7669,C,C,C,C,C,C,T,C
7675,C,C,T,C,C,C,C,C
7681,T,G,C,A,A,A,T,A
7687,A,T,A,A,A,A,A,A
7693,T,C,C,T,T,T,T,T
7697,T,A,A,A,A,T,A,A
7698,T,T,T,T,C,A,C,T
7699,T,C,T,T,T,T,T,T
7702,C,T,C,C,C,C,C,C
7737,G,G,G,G,A,A,G,G
7738,T,T,T,T,T,T,A,T
7744,A,A,A,A,A,G,A,A
7746,C,C,C,T,C,C,C,C
7747,T,T,C,T,T,T,T,T
7749,A,A,A,A,A,A,T,-
7758,A,A,A,A,A,G,A,A
7761,G,A,G,G,G,G,G,G
7765,T,T,T,T,T,C,T,C
7775,C,C,C,C,C,C,C,T
7780,T,T,T,T,C,T,T,T
7786,A,T,T,C,C,C,A,C
7797,T,T,T,C,T,T,T,T
7798,C,T,T,T,T,T,C,T
7801,A,A,T,A,A,A,A,A
7804,T,T,T,T,T,C,T,C
7805,A,A,G,G,G,A,A,A
7807,C,T,A,C,C,T,T,C
7814,A,A,A,T,T,A,A,A
7819,T,T,C,T,T,C,T,T
7822,C,T,C,C,C,C,C,T
7823,C,C,C,C,C,C,C,T
7828,T,T,T,C,C,T,T,C
7829,A,A,A,G,G,A,A,A
7831,C,T,C,C,C,T,T,T
7832,T,T,T,T,T,T,T,C
7834,A,A,A,A,A,A,G,A
7837,T,T,T,T,T,C,T,T
7847,G,A,A,A,A,A,G,A
7849,C,T,T,C,C,C,C,C
7852,A,C,C,C,C,C,A,C
7855,A,A,A,C,C,G,A,A
7860,C,T,C,C,C,C,C,C
7861,A,C,C,C,C,T,A,C
7864,C,T,T,T,T,C,C,C
7865,C,C,C,C,C,C,C,A
7867,A,A,A,A,A,C,A,A
7869,T,T,T,T,C,T,T,T
7870,G,A,T,T,A,G,G,G
7871,G,C,C,C,C,C,G,C
7876,T,A,A,A,A,A,T,C
7885,A,A,A,A,A,A,G,A
7887,C,C,C,C,C,C,T,C
7889,C,C,C,T,T,C,C,T
7891,A,T,A,A,A,A,A,A
7893,C,C,C,C,C,C,C,T
7895,A,A,G,A,A,A,A,A
7897,C,T,C,C,C,C,C,C
7898,A,A,A,A,C,C,A,C
7900,A,A,G,A,A,A,A,A
7903,A,A,G,A,A,A,A,A
7904,G,G,G,G,G,G,G,A
7905,T,T,T,T,T,T,T,C
7911,C,A,A,A,C,C,C,C
7922,T,T,T,C,T,T,T,T
7923,T,C,T,T,C,C,C,C
7962,A,A,A,A,T,A,A,A
7966,A,G,A,A,A,A,A,A
7974,A,C,C,T,C,C,A,T
7975,T,T,T,C,C,C,T,C
7977,C,A,A,A,A,G,T,A
7980,A,A,A,A,T,A,A,T
7981,A,G,G,A,A,A,A,A
7983,C,C,T,T,T,C,C,C
7986,T,T,T,T,T,C,C,A
7989,A,G,G,T,T,A,A,A
7990,G,A,A,A,A,G,G,G
7992,C,T,T,T,T,C,C,T
7995,C,T,T,T,T,C,C,C
7998,T,T,C,T,T,T,T,T
8001,A,G,G,A,A,A,A,A
8004,T,T,C,T,T,C,T,C
8007,T,A,A,A,A,A,T,A
8010,A,C,C,T,T,T,T,C
8013,C,C,C,C,C,T,C,C
8014,C,C,T,T,T,C,C,T
8016,A,A,A,A,A,C,A,A
8019,C,T,C,T,T,C,T,T
8022,A,A,A,A,A,A,A,T
8035,C,C,C,C,C,T,C,T
8040,C,T,T,T,T,T,T,C
8046,C,C,C,C,C,T,C,C
8049,T,A,A,A,A,A,A,A
8052,C,C,T,C,C,C,C,T
8053,C,C,T,T,T,C,C,C
8055,T,C,C,C,C,C,T,C
8058,T,C,C,C,C,C,T,T
8061,C,C,T,C,T,C,C,C
8071,C,C,C,C,C,T,C,C
8074,G,A,A,A,A,A,A,A
8076,T,T,C,C,T,T,T,T
8082,T,T,C,T,T,A,T,C
8088,C,T,T,C,T,T,T,T
8100,G,A,A,A,A,A,A,A
8101,C,T,T,C,C,T,C,T
8106,C,T,T,T,T,C,T,T
8112,A,T,A,C,C,C,A,C
8124,A,A,A,A,A,A,G,A
8127,A,A,A,A,A,A,A,G
8131,A,G,A,G,A,G,A,A
8133,C,T,A,A,C,C,T,C
8134,C,T,C,C,C,C,T,C
8139,A,A,A,A,A,A,G,A
8142,T,C,T,T,T,C,C,T
8143,G,A,G,G,G,G,G,G
8145,T,C,C,C,C,T,A,G
8148,C,C,C,T,T,T,C,C
8151,A,T,C,C,C,C,A,A
8154,C,T,G,T,T,C,T,T
8166,A,C,A,A,A,G,A,T
8169,A,A,C,C,C,T,A,C
8175,T,T,C,C,C,C,T,T
8178,C,T,T,T,T,C,C,C
8179,C,T,C,T,T,C,C,C
8181,A,A,A,A,A,G,A,A
8184,C,T,A,A,A,A,C,C
8187,T,A,T,G,G,T,T,C
8188,T,C,T,T,T,C,T,T
8193,A,C,T,T,T,C,A,C
8196,T,C,T,T,T,C,T,T
8202,T,T,T,C,C,T,T,T
8205,A,G,A,A,A,A,A,C
8208,T,T,T,T,T,T,T,C
8211,T,T,T,C,C,G,T,T
8214,C,C,C,C,C,T,C,A
8220,A,A,G,A,A,G,A,A
8223,C,A,T,A,A,C,C,C
8229,T,C,C,C,C,T,C,C
8230,C,C,T,C,C,T,C,T
8235,T,T,C,C,C,T,T,T
8238,A,A,G,G,G,G,G,A
8241,C,T,A,A,A,T,C,T
8244,T,T,T,T,T,T,C,C
8248,C,C,C,C,C,T,C,C
8259,A,A,A,A,A,A,G,A
8262,C,C,T,C,C,C,C,T
8265,A,G,A,A,A,A,A,T
8270,C,T,T,T,T,C,C,C
8271,A,A,A,G,G,A,A,A
8274,C,C,C,C,C,C,A,T
8277,C,C,T,C,C,C,T,T
8280,A,C,A,A,A,A,A,G
8281,C,C,C,C,C,T,C,C
8283,C,T,C,T,T,T,T,C
8295,C,C,C,C,C,T,C,T
8298,A,A,A,A,C,C,C,C
8301,T,C,T,C,T,C,T,T
8304,C,C,A,C,C,C,C,C
8307,C,C,T,C,C,C,C,T
8310,C,T,C,C,C,T,C,C
8313,T,T,T,C,C,T,T,T
8316,A,A,A,T,T,A,A,A
8322,A,T,A,C,C,A,A,A
8325,T,T,A,T,T,C,C,T
8328,A,C,C,T,T,A,A,A
8329,A,A,T,A,A,A,A,A
8331,T,C,T,T,T,T,T,C
8332,T,A,A,A,A,T,T,T
8335,C,C,C,C,C,C,C,T
8340,T,T,T,T,T,T,C,C
8343,A,T,A,A,A,A,A,A
8346,A,A,A,G,A,A,A,A
8347,C,T,C,C,C,C,C,C
8349,T,A,A,T,T,A,T,T
8352,T,T,T,T,T,T,T,C
8355,T,T,T,T,T,C,T,T
8358,T,C,C,T,T,T,C,C
8367,T,T,T,T,C,T,T,T
8370,C,C,T,C,C,C,C,C
8371,C,C,C,C,C,T,C,C
8376,T,T,T,T,C,C,T,C
8379,T,C,T,T,T,T,T,T
8385,A,T,C,C,C,T,C,C
8388,G,A,A,A,A,A,G,A
8391,A,T,A,A,A,A,A,T
8392,T,C,C,C,C,T,T,T
8400,C,C,T,T,T,C,C,C
8403,G,A,G,A,A,A,A,A
8406,T,A,G,T,T,A,A,A
8412,T,T,T,T,T,T,T,C
8418,T,C,T,C,C,T,C,T
8421,T,C,T,T,T,T,C,T
8427,A,C,T,T,T,C,A,C
8430,C,T,C,C,C,C,C,C
8431,T,C,T,C,C,T,T,T
8433,A,A,A,G,G,A,A,A
8434,T,T,T,T,T,C,T,T
8439,A,A,A,A,A,G,A,A
8448,C,T,T,T,T,T,C,T
8451,A,A,A,A,G,A,A,A
8454,A,G,A,A,A,A,G,G
8457,T,T,C,C,C,T,T,T
8460,T,A,T,T,T,T,T,C
8463,A,G,A,A,A,A,A,A
8467,T,T,C,C,T,C,C,C
8474,A,A,A,A,A,A,A,G
8475,T,T,C,T,T,T,C,C
8481,C,T,C,C,C,C,C,C
8484,A,A,A,C,C,A,G,A
8493,T,T,T,T,T,C,T,T
8496,C,A,A,A,A,C,C,C
8505,T,T,C,T,C,T,T,T
8511,T,T,T,C,T,C,T,T
8512,T,C,C,C,C,T,T,C
8514,A,T,T,T,T,A,A,G
8517,T,A,G,A,A,T,T,A
8520,A,G,G,G,G,A,T,T
8523,C,T,T,T,T,T,T,A
8527,A,G,G,G,G,G,G,G
8529,T,A,G,A,C,A,C,C
8530,C,T,T,C,T,C,C,T
8532,A,A,A,A,A,T,A,A
8535,A,A,G,A,A,A,A,A
8538,T,T,C,T,T,T,T,T
8544,A,A,A,A,A,A,A,T
8547,A,A,T,A,A,A,A,A
8548,T,T,T,T,T,T,T,C
8553,T,T,T,T,T,C,T,T
8559,C,T,C,C,C,C,C,C
8562,C,C,T,T,C,C,C,C
8568,C,T,T,T,T,T,T,T
8571,C,T,T,C,T,C,C,T
8574,C,T,C,C,T,C,C,C
8575,C,C,C,C,C,C,T,C
8583,C,C,T,C,C,C,C,C
8589,T,T,T,T,T,T,C,T
8590,C,T,C,T,C,C,T,T
8595,T,T,T,T,T,T,T,C
8598,T,T,T,T,C,C,C,C
8601,T,C,C,T,T,T,T,T
8621,T,T,C,C,C,T,T,T
8627,A,T,T,T,T,T,A,T
8630,T,T,T,T,C,T,T,T
8633,C,C,C,C,T,C,C,T
8642,T,T,C,T,C,C,C,T
8648,T,C,C,C,C,C,T,T
8654,A,A,A,G,A,A,A,A
8658,T,T,T,T,T,T,T,C
8660,A,A,A,G,A,A,A,A
8663,T,A,A,A,A,A,C,A
8666,A,T,A,A,A,A,A,A
8669,C,C,C,C,C,C,A,C
8672,T,T,C,C,T,T,T,T
8678,C,C,T,C,C,T,C,C
8681,C,T,T,C,C,C,C,C
8684,T,A,A,A,A,A,T,A
8690,A,A,A,A,A,A,A,G
8696,T,C,C,C,T,T,T,C
8697,C,T,T,T,T,C,C,T
8699,A,A,A,A,A,A,G,A
8702,A,A,A,A,G,A,A,A
8711,T,T,T,T,T,C,T,C
8716,A,T,A,T,T,A,A,A
8717,T,T,T,C,C,C,T,C
8718,A,A,A,C,C,A,A,A
8719,A,A,A,A,A,A,G,A
8720,T,C,C,C,C,T,T,T
8725,T,T,C,C,C,T,T,T
8726,T,T,T,T,T,T,C,T
8732,A,A,T,T,T,A,G,A
8733,T,C,C,C,C,C,T,C
8735,A,T,A,T,T,G,G,G
8736,A,A,A,A,A,A,A,T
8738,C,T,C,C,C,T,C,T
8739,C,C,C,C,C,A,C,A
8741,T,C,T,T,T,T,T,T
8744,C,C,C,T,T,C,C,C
8745,C,C,T,C,C,C,C,C
8747,A,T,A,A,A,A,A,A
8748,C,T,C,C,C,C,C,C
8750,C,A,A,A,T,C,C,T
8753,C,T,T,T,C,T,C,T
8756,T,T,T,C,C,T,T,T
8757,A,A,G,A,A,G,A,G
8759,C,C,T,C,C,C,C,C
8765,A,G,T,A,A,A,A,A
8768,A,G,A,A,A,A,A,A
8771,T,T,C,T,C,T,T,T
8789,A,A,A,A,G,A,T,A
8792,T,C,C,C,C,C,C,C
8798,A,G,A,A,A,A,A,A
8807,C,T,C,C,C,T,C,T
8810,A,A,A,A,G,A,A,A
8813,C,C,C,T,C,C,C,C
8816,C,T,C,C,C,C,T,T
8819,C,C,C,C,C,C,C,T
8822,T,T,T,T,T,T,T,C
8825,T,C,T,T,A,C,T,T
8828,T,T,T,T,T,T,C,T
8840,A,C,G,A,A,A,A,A
8843,A,G,A,C,C,T,T,T
8846,A,A,A,T,A,A,A,A
8849,T,T,C,T,T,T,T,T
8852,T,A,A,A,G,A,T,A
8855,A,A,A,A,A,A,G,A
8858,T,C,C,T,T,C,C,T
8859,C,T,T,T,T,C,C,C
8861,A,A,A,A,A,A,G,A
8864,C,T,T,T,T,T,T,T
8867,C,T,C,C,C,T,T,C
8870,C,T,T,T,T,C,C,C
8873,G,T,C,C,C,C,A,C
8882,T,T,T,T,T,C,C,T
8885,C,C,C,C,C,C,T,C
8888,T,T,C,T,T,T,T,C
8891,A,C,C,C,C,C,A,A
8897,C,T,T,C,C,C,T,C
8906,G,A,A,A,A,A,T,A
8909,C,T,C,C,C,C,C,C
8912,T,C,T,T,T,T,T,C
8915,T,C,C,C,C,C,T,C
8918,T,T,C,T,T,T,T,T
8921,C,C,C,C,C,T,C,C
8924,C,T,T,T,T,T,C,T
8927,A,C,A,A,A,A,A,A
8936,T,T,T,T,T,C,T,T
8939,T,C,T,C,C,C,T,C
8940,C,C,C,C,T,C,C,C
8942,A,C,A,C,A,C,T,A
8948,C,A,C,C,C,C,T,C
8954,A,A,A,A,A,A,A,G
8957,T,A,A,T,C,C,T,C
8960,A,A,A,A,A,T,A,A
8969,T,T,T,C,C,T,T,C
8971,C,T,T,T,T,T,C,T
8972,A,C,C,C,C,A,A,C
8978,T,C,C,T,T,T,T,T
8981,C,T,C,C,T,T,C,C
8984,T,A,A,A,A,T,C,A
8990,A,A,A,A,A,A,G,A
8993,C,C,T,C,C,T,T,A
8996,A,G,A,A,G,A,A,A
8997,C,C,C,C,C,C,C,T
8999,A,A,A,C,C,A,A,A
9002,T,C,T,C,C,C,C,T
9008,T,A,A,A,A,A,A,A
9014,A,T,T,C,C,T,A,A
9017,T,A,A,A,A,T,T,C
9018,C,T,T,T,T,C,C,C
9029,T,T,T,T,T,T,A,T
9032,T,G,A,A,A,C,T,C
9035,A,A,A,A,A,C,A,C
9038,T,T,T,T,C,C,C,T
9047,T,C,T,C,C,C,T,C
9050,T,T,C,C,C,C,C,T
9053,T,T,T,T,T,C,T,T
9056,C,C,C,C,C,C,T,C
9059,T,A,A,A,C,A,A,A
9068,T,G,A,A,C,C,T,C
9071,A,A,A,A,A,A,G,A
9074,A,A,A,C,C,T,A,A
9077,C,T,C,C,C,T,C,C
9080,C,C,C,C,C,C,T,C
9086,T,T,T,T,C,C,T,C
9092,C,C,C,C,C,T,C,C
9093,C,T,C,C,C,C,C,T
9095,A,A,A,A,A,T,A,A
9098,A,A,A,A,C,A,A,T
9101,T,T,T,T,T,C,T,T
9104,C,C,T,T,T,C,C,T
9107,T,T,T,C,C,T,T,T
9108,A,A,A,A,A,A,A,T
9110,A,A,G,A,A,A,T,A
9111,C,C,C,T,T,C,C,C
9116,A,G,T,A,A,A,A,A
9119,T,T,T,T,T,G,T,A
9122,C,T,C,T,T,C,C,T
9125,C,T,C,C,C,C,C,T
9129,A,G,G,G,G,A,A,A
9131,C,A,A,C,C,C,C,C
9134,C,A,T,C,T,C,A,T
9140,T,C,C,C,C,C,T,C
9143,A,T,A,A,A,A,A,A
9149,C,T,C,T,T,T,C,C
9152,T,C,C,C,C,T,T,C
9161,A,A,A,C,A,A,A,A
9164,C,T,C,C,T,C,C,T
9170,T,T,T,T,T,C,T,C
9173,A,A,A,G,G,A,A,A
9176,T,T,T,T,T,T,C,T
9179,T,A,G,G,G,T,T,C
9182,C,T,T,T,T,C,T,T
9185,T,C,T,T,T,C,T,C
9188,T,A,A,A,A,A,A,A
9191,T,C,T,C,C,A,A,A
9200,C,T,C,T,T,C,C,T
9203,G,A,A,A,A,A,A,A
9206,T,C,C,A,A,C,C,C
9209,T,A,A,A,A,A,T,A
9212,A,G,A,T,T,A,A,A
9215,C,C,T,C,C,T,C,T
9218,T,C,C,T,T,C,T,C
9221,A,A,A,A,A,C,A,A
9224,C,A,T,T,T,T,A,T
9227,T,C,C,C,C,T,T,C
9233,T,T,C,C,C,C,T,T
9236,T,T,T,T,T,T,C,T
9239,A,A,A,A,A,G,A,A
9242,A,A,A,T,A,A,A,A
9243,A,A,A,A,A,T,A,A
9245,A,T,T,C,A,A,A,A
9251,T,T,T,A,A,T,T,T
9254,T,T,C,T,T,T,T,T
9255,G,A,A,A,A,G,G,G
9257,T,T,T,C,C,T,T,C
9260,C,C,T,C,C,C,C,C
9263,A,T,T,T,C,C,A,T
9266,A,C,T,T,A,A,A,A
9269,A,A,A,A,G,A,A,A
9273,C,T,T,C,C,C,C,C
9281,T,T,T,T,T,C,T,C
9287,C,C,T,T,C,C,T,T
9296,A,A,A,A,A,A,A,G
9299,T,T,C,T,T,T,T,C
9305,C,C,C,C,C,C,T,T
9317,C,C,T,C,C,C,C,C
9329,C,C,C,C,C,C,C,T
9335,T,T,T,T,C,T,T,T
9338,T,C,C,T,C,C,T,C
9344,C,T,T,T,C,C,C,T
9347,A,A,A,A,A,A,A,T
9350,C,T,C,T,T,T,C,T
9353,A,A,A,G,G,A,A,A
9356,T,A,T,T,T,T,T,C
9365,C,T,T,T,T,T,T,C
9368,C,T,T,T,T,C,C,T
9371,C,T,T,T,T,C,C,C
9374,T,T,C,C,C,T,T,T
9386,A,C,C,C,C,C,A,A
9389,T,T,T,T,A,A,A,A
9395,C,T,T,T,T,T,C,T
9406,T,T,A,A,T,C,C,T
9413,A,A,A,A,T,A,A,A
9427,T,T,C,C,C,T,T,T
9439,A,A,A,A,G,A,G,G
9441,T,A,A,A,A,A,G,A
9443,A,C,T,T,T,T,A,T
9445,C,C,C,C,C,T,T,C
9446,C,C,C,T,T,C,C,C
9448,A,G,G,A,A,A,A,A
9453,A,A,A,A,A,G,A,A
9461,T,T,C,T,T,T,C,T
9464,C,C,C,C,C,C,C,T
9465,C,T,C,T,T,T,C,T
9467,G,G,A,A,A,A,G,A
9468,T,T,T,T,T,C,T,T
9469,A,T,T,T,A,A,A,A
9470,C,T,T,T,C,T,C,T
9472,C,T,T,T,T,T,T,T
9473,T,T,C,T,T,C,T,T
9474,G,G,G,G,G,G,A,G
9475,T,T,T,T,T,C,T,T
9476,T,T,T,T,T,T,C,C
9479,C,T,T,T,T,T,C,T
9480,T,T,T,T,T,A,T,T
9481,T,T,C,T,T,T,T,T
9482,C,T,A,C,C,T,C,C
9485,T,C,C,C,C,C,T,C
9488,T,C,T,T,T,T,T,C
9490,T,C,C,C,C,C,T,C
9491,T,C,T,C,C,C,T,C
9492,T,T,T,A,A,C,T,T
9494,A,A,A,A,A,T,A,A
9495,T,C,T,C,C,T,T,T
9500,C,C,C,C,C,C,C,T
9503,A,C,T,C,C,T,A,C
9504,A,G,G,G,G,G,A,G
9506,G,A,A,A,A,A,A,A
9507,C,T,T,T,T,C,C,C
9512,T,C,C,C,C,C,T,C
9513,C,T,T,T,T,T,T,T
9514,T,C,C,C,C,T,T,T
9515,A,A,A,A,A,A,G,A
9516,G,A,A,A,A,G,G,G
9518,T,T,T,C,C,T,T,T
9521,A,A,T,A,A,A,A,A
9524,C,T,C,T,T,C,C,C
9527,A,A,A,A,A,A,G,A
9530,C,G,T,G,G,C,T,A
9533,C,C,A,T,T,A,C,C
9542,T,T,T,C,C,T,T,C
9543,C,T,G,C,C,T,T,T
9545,G,A,A,C,C,A,A,A
9548,C,T,C,T,T,T,T,C
9563,T,C,C,T,C,C,C,C
9566,A,A,A,A,A,C,A,A
9569,T,T,T,T,T,C,T,C
9575,C,T,C,C,C,T,C,C
9578,A,C,T,T,C,G,T,C
9581,C,T,T,T,T,T,T,T
9584,C,C,C,T,T,C,C,C
9587,T,T,T,A,A,C,T,T
9590,A,A,A,G,G,A,A,A
9596,T,T,C,T,T,C,C,T
9602,T,C,C,C,C,T,A,C
9603,C,C,T,C,C,C,C,C
9614,A,G,C,T,A,A,A,A
9623,T,T,T,C,C,C,T,C
9626,C,C,C,T,C,C,C,C
9627,T,C,C,C,C,T,T,C
9629,G,A,A,A,A,A,A,A
9635,A,T,T,T,T,T,T,T
9638,T,T,C,T,T,T,T,C
9644,T,T,T,C,C,T,C,T
9645,C,T,T,T,T,C,C,C
9647,A,A,A,A,A,A,T,A
9648,T,T,C,C,C,T,C,T
9650,A,A,A,G,G,G,A,G
9653,T,C,T,C,C,C,T,T
9657,C,T,C,C,C,C,C,C
9668,T,T,T,C,C,C,A,C
9669,C,C,C,T,C,C,C,C
9671,T,A,A,A,A,T,T,A
9672,C,C,T,C,C,C,C,C
9674,A,A,A,A,A,A,C,A
9675,C,T,C,C,C,C,C,C
9677,T,A,G,A,A,T,T,A
9680,A,G,A,A,A,A,A,A
9681,C,C,T,C,T,T,C,T
9683,A,A,A,A,A,A,G,A
9686,A,A,A,A,A,A,C,A
9692,A,A,C,A,C,A,A,T
9695,T,T,T,T,T,T,C,T
9703,T,C,T,T,T,T,T,T
9704,T,T,T,C,C,T,T,T
9707,A,C,C,C,C,A,A,A
9709,C,C,C,T,T,C,C,C
9710,C,C,T,T,T,C,C,A
9711,T,A,G,C,C,A,T,A
9713,T,T,T,C,C,C,T,T
9714,A,A,G,A,A,A,A,A
9715,C,T,C,C,C,T,C,C
9716,T,T,C,T,T,C,T,C
9724,T,C,C,C,C,C,C,C
9725,T,T,C,A,A,T,C,T
9731,C,C,C,C,C,C,C,T
9734,T,T,C,C,C,T,T,T
9738,C,C,C,C,T,C,C,C
9740,A,T,A,A,A,A,A,A
9743,C,T,C,T,T,C,C,T
9746,A,A,T,A,A,G,A,A
9749,T,C,T,C,T,C,C,C
9752,A,A,T,A,A,A,A,A
9755,T,A,A,A,A,A,C,A
9756,C,T,C,C,C,C,C,C
9765,G,A,A,A,A,G,G,G
9766,C,T,T,T,T,C,C,C
9770,T,T,T,T,T,T,C,C
9773,A,A,A,G,G,A,A,A
9777,A,C,G,A,A,A,A,A
9778,C,T,T,T,C,C,C,C
9779,A,G,A,A,A,A,A,A
9785,A,A,A,A,A,A,G,A
9788,A,A,A,G,A,A,A,A
9789,T,T,C,T,T,T,T,T
9794,A,A,A,A,A,A,G,A
9797,A,A,A,A,A,A,G,A
9803,G,A,A,A,A,A,A,A
9805,A,A,A,A,A,-,A,A
9823,A,-,G,G,A,A,A,A
9824,A,A,A,A,A,A,A,-
9825,A,A,A,A,A,A,A,-
9858,G,A,A,A,A,A,G,A
9860,T,T,T,C,T,T,T,T
9861,G,A,A,A,G,A,A,G
9862,T,T,A,T,T,C,C,T
9876,T,T,T,T,C,C,T,C
9880,C,A,A,A,A,A,C,T
9886,A,G,G,G,G,G,G,G
9887,C,C,C,C,C,C,C,T
9888,C,C,C,C,C,C,C,A
9894,C,C,C,T,T,C,C,C
9897,C,T,T,C,C,C,C,C
9900,C,C,T,A,A,C,G,C
9902,C,C,T,C,C,C,C,C
9904,A,T,T,C,C,C,A,C
9907,G,T,G,G,G,G,G,G
9912,C,T,C,C,C,C,C,T
9913,T,A,A,A,A,A,T,G
9915,A,A,G,A,A,A,A,A
9916,C,C,C,C,C,T,C,T
9921,A,A,A,A,A,C,A,A
9924,T,T,T,T,T,C,T,A
9925,C,T,T,T,T,C,C,C
9930,G,T,T,A,A,A,G,A
9933,A,A,A,C,C,C,A,A
9936,T,C,A,C,C,C,T,T
9942,T,T,T,T,T,C,T,T
9945,C,C,C,C,C,T,C,C
9948,T,T,T,C,T,T,T,C
9951,C,C,C,C,C,T,C,C
9954,A,C,A,A,T,A,A,T
9957,A,G,A,A,A,A,A,A
9960,C,A,A,A,T,A,C,T
9963,A,T,C,C,C,C,A,C
9964,T,C,C,C,C,C,T,C
9966,A,C,C,C,C,C,A,C
9967,C,C,C,C,C,C,C,T
9969,A,A,A,A,A,T,A,A
9972,C,T,T,T,T,T,T,T
9973,C,T,C,C,C,C,C,C
9975,G,A,A,A,A,C,A,A
9984,A,A,A,A,G,A,A,G
9985,G,A,A,A,A,A,A,A
9987,A,A,A,A,A,G,A,A
9988,T,T,T,C,C,C,T,C
9990,A,A,A,A,C,A,A,C
9993,C,C,T,T,T,C,C,C
9994,T,C,C,C,C,C,T,C
9996,A,A,A,G,G,A,A,G
9999,T,T,T,C,C,C,T,T
10002,T,T,C,T,T,T,T,T
10008,T,T,C,T,T,C,T,C
10012,G,A,A,A,A,A,G,G
10014,A,A,A,A,A,C,A,A
10015,A,A,A,A,A,A,G,A
10016,C,C,C,C,C,C,C,T
10017,T,T,C,T,T,T,C,T
10018,T,A,A,A,A,T,T,T
10019,C,C,C,C,C,C,G,C
10020,C,T,T,C,C,T,C,T
10021,C,C,C,C,C,C,C,T
10023,A,T,T,A,A,T,A,A
10026,C,T,T,T,T,T,T,T
10029,C,T,T,T,T,T,C,C
10035,C,T,T,T,T,T,C,T
10038,A,A,A,A,A,G,A,A
10039,A,A,A,G,G,A,A,A
10044,C,T,A,A,A,A,T,A
10047,A,G,A,A,A,G,A,A
10050,A,T,A,T,T,C,A,A
10053,C,T,C,T,T,C,C,T
10056,C,T,G,C,C,C,T,C
10059,C,T,T,T,T,C,T,C
10061,C,C,C,C,C,T,C,C
10062,C,T,A,A,A,C,C,C
10065,C,C,C,T,T,C,C,T
10066,T,C,T,C,C,C,C,T
10071,T,C,T,T,T,T,C,T
10074,C,C,C,T,T,T,T,T
10077,A,A,A,A,A,A,A,C
10080,C,A,A,A,A,C,C,T
10083,C,T,C,C,C,C,T,T
10086,A,A,A,G,G,A,A,A
10092,T,T,C,T,T,A,T,T
10095,A,A,A,A,T,A,A,A
10098,A,A,A,A,T,G,A,A
10099,C,C,T,T,T,T,C,C
10101,A,G,G,A,A,A,A,A
10104,C,T,C,C,C,C,C,C
10105,C,C,T,T,T,T,T,T
10107,A,A,A,A,A,A,A,G
10108,C,T,C,C,T,T,C,T
10117,G,G,G,G,G,G,A,G
10119,T,A,A,A,A,A,T,A
10122,A,T,A,A,A,A,A,T
10125,C,C,T,T,T,T,T,T
10128,G,T,A,A,A,G,G,A
10134,A,A,A,T,A,A,A,G
10137,A,A,C,A,A,A,A,A
10140,T,T,T,C,C,T,C,C
10143,C,T,C,C,C,C,C,T
10146,C,A,T,C,C,C,C,C
10152,T,C,C,C,C,C,C,C
10155,C,T,C,T,C,T,C,C
10158,C,C,C,C,T,T,C,T
10161,A,T,C,T,T,T,C,T
10175,A,G,G,A,A,A,A,A
10178,T,C,T,T,T,T,T,T
10181,T,C,T,T,T,T,T,T
10182,C,T,T,T,T,T,T,T
10184,T,T,T,C,C,T,C,T
10187,C,C,A,C,C,C,C,C
10191,C,T,T,T,T,T,C,T
10193,A,T,A,A,T,A,G,C
10196,G,G,A,A,A,A,A,G
10197,C,C,T,T,C,T,C,C
10199,A,T,A,A,A,A,A,C
10200,C,C,C,T,T,C,C,C
10202,A,C,C,G,G,C,T,C
10205,A,C,T,T,T,A,A,A
10206,C,C,C,C,C,C,C,T
10208,A,A,A,A,A,G,A,A
10209,A,G,A,G,G,A,A,A
10210,C,T,C,T,T,T,C,T
10211,C,C,A,A,A,C,C,C
10215,C,C,T,C,C,C,T,C
10217,A,A,A,A,A,G,A,A
10220,A,A,T,A,A,A,T,A
10222,G,A,A,C,C,A,A,G
10223,C,C,T,C,C,C,C,C
10225,C,C,A,C,C,C,C,C
10226,T,T,C,C,C,T,C,T
10229,A,A,G,G,G,A,A,A
10235,C,C,C,A,A,C,C,C
10238,A,A,A,G,G,A,A,A
10239,A,A,G,G,G,A,A,A
10240,C,T,T,T,T,C,C,C
10241,A,A,G,A,A,A,A,A
10245,G,A,G,G,G,G,G,G
10246,T,C,T,T,T,T,T,T
10253,A,A,G,A,A,A,A,T
10256,T,T,C,C,C,C,C,T
10259,T,T,C,C,C,T,T,C
10262,T,T,T,T,T,C,T,C
10263,C,A,T,T,T,T,T,C
10266,A,G,A,A,A,A,A,A
10268,T,T,T,C,C,C,T,C
10271,T,C,C,C,C,T,C,C
10272,T,C,T,T,T,T,C,C
10275,A,A,A,A,A,A,G,A
10276,C,T,T,T,T,T,T,C
10277,C,T,C,T,T,T,C,C
10280,C,T,C,C,C,C,C,C
10283,A,T,C,C,C,A,C,A
10284,A,A,T,T,T,A,T,A
10286,A,A,C,A,A,A,A,A
10289,T,A,A,A,A,A,C,A
10290,C,C,C,C,C,C,C,T
10292,A,A,G,A,A,A,A,A
10301,C,T,T,T,T,T,C,C
10304,C,T,C,C,C,C,C,C
10307,A,G,A,A,A,A,A,A
10309,A,A,A,A,A,G,A,A
10310,T,T,C,T,T,T,T,T
10311,T,T,T,T,T,C,T,T
10313,T,T,T,C,C,C,T,T
10314,A,C,A,A,A,A,A,A
10318,A,A,A,A,A,A,A,C
10319,C,T,C,C,C,C,C,T
10322,T,C,C,C,C,C,C,C
10325,A,A,A,G,G,A,A,A
10327,A,A,A,A,A,A,A,T
10328,T,C,C,C,C,C,C,C
10331,A,A,T,T,T,A,A,A
10334,C,T,T,C,C,C,T,T
10336,C,C,C,C,C,T,C,C
10340,A,G,A,T,T,A,A,A
10343,C,C,C,C,C,C,T,C
10346,C,A,A,A,A,C,T,A
10347,C,T,C,C,C,T,C,C
10349,A,G,A,A,A,A,A,A
10352,C,A,A,A,A,C,C,T
10355,A,C,C,C,C,C,A,C
10359,T,C,C,C,C,T,T,T
10361,A,G,A,A,A,A,A,A
10364,T,T,T,C,C,T,T,T
10367,T,T,T,T,T,T,C,T
10368,T,T,C,T,T,T,T,T
10374,G,A,A,A,A,A,G,A
10376,C,T,C,C,C,C,C,C
10380,T,C,C,C,C,C,T,C
10382,A,T,C,T,T,T,A,T
10385,G,A,A,T,T,A,G,G
10388,A,C,A,A,A,A,A,A
10389,C,T,C,T,T,C,C,C
10395,T,C,C,C,T,T,T,T
10397,A,C,A,A,A,G,A,A
10403,T,C,T,T,T,T,T,C
10406,C,T,C,T,C,C,T,C
10412,C,T,T,T,T,T,C,T
10415,C,T,T,C,T,C,C,T
10416,C,C,T,C,C,T,C,C
10427,T,A,A,A,A,A,T,A
10429,A,A,G,A,A,A,A,G
10430,T,T,T,C,C,C,T,C
10431,A,C,T,C,C,C,A,C
10432,A,C,T,T,T,C,A,T
10433,C,C,C,C,C,A,C,T
10434,G,T,T,C,C,A,G,A
10435,T,T,C,A,A,C,T,T
10436,A,A,A,A,A,T,C,C
10439,A,T,C,C,C,A,A,C
10445,A,A,A,A,A,A,G,A
10448,C,T,T,C,C,C,C,T
10451,C,T,C,C,C,T,C,C
10454,C,C,T,T,T,T,C,C
10457,A,T,T,T,T,A,A,A
10458,A,T,T,T,T,A,A,A
10460,A,A,A,A,A,A,G,G
10461,C,C,C,C,C,T,C,C
10463,A,A,A,A,A,A,A,T
10464,A,G,G,G,G,G,G,G
10465,T,T,C,T,T,T,T,T
10466,C,G,A,A,A,A,C,A
10469,C,T,C,C,C,C,T,C
10470,T,C,C,T,T,C,T,C
10472,A,C,A,A,A,A,A,A
10476,A,A,A,A,A,A,G,A
10477,T,T,T,T,T,T,C,T
10481,C,T,T,T,T,C,C,C
10484,A,A,A,A,A,A,A,T
10486,T,T,T,C,C,C,T,C
10487,C,T,T,C,C,C,C,C
10493,C,T,T,C,C,T,T,T
10496,T,T,T,T,T,C,C,C
10499,A,T,T,C,T,C,A,T
10505,T,C,C,A,C,T,T,T
10520,t,T,T,T,C,T,C,C
10523,t,C,T,T,T,T,T,C
10526,t,T,C,C,C,C,T,C
10527,t,C,C,C,C,T,T,C
10532,t,T,C,T,T,T,T,T
10541,C,T,C,C,C,C,C,T
10542,T,C,C,C,C,C,T,C
10544,A,A,T,A,A,A,A,A
10547,C,T,T,C,T,T,C,T
10550,A,A,A,A,A,T,A,A
10554,C,C,T,C,C,C,C,C
10556,T,T,A,T,C,T,T,T
10559,T,T,T,T,T,C,T,T
10562,T,T,C,T,T,T,C,T
10568,C,T,T,T,C,C,C,T
10574,A,G,A,A,A,A,A,A
10577,G,G,A,A,A,T,G,A
10580,C,C,C,C,C,C,T,C
10583,A,G,A,A,A,A,A,A
10586,T,A,T,T,T,T,T,T
10589,A,A,A,G,A,A,A,A
10592,C,A,A,A,A,A,C,C
10593,C,T,C,T,T,C,T,C
10595,A,A,G,A,A,A,A,A
10598,C,C,C,C,C,C,T,C
10604,G,A,A,A,A,A,A,A
10607,T,T,T,T,T,T,T,C
10610,T,C,C,T,T,T,C,C
10613,C,T,C,C,C,C,C,C
10614,C,C,T,T,T,C,C,C
10619,T,T,T,C,C,C,T,T
10622,T,T,T,T,T,C,C,C
10625,C,A,C,A,A,C,C,C
10626,C,T,T,C,C,C,C,C
10628,A,A,A,A,A,A,A,T
10629,A,A,G,A,A,G,A,A
10631,C,T,A,T,T,T,C,C
10634,T,T,C,C,C,T,C,T
10637,T,T,T,C,C,A,T,A
10640,T,T,T,C,C,C,T,T
10643,A,A,A,A,A,A,A,C
10646,G,A,A,A,A,A,A,A
10647,C,C,C,T,T,C,C,C
10649,A,A,A,A,A,A,A,G
10656,C,C,T,C,C,C,C,C
10658,C,A,A,A,A,C,C,T
10662,T,C,C,T,T,C,C,T
10664,A,C,A,C,C,G,T,A
10667,C,C,C,C,C,T,C,C
10670,A,A,A,G,G,A,A,A
10673,C,C,C,T,T,C,C,C
10674,C,T,C,T,T,T,C,T
10676,T,C,C,T,T,T,C,T
10677,G,A,A,A,A,A,A,A
10679,A,C,C,C,C,A,C,C
10684,C,C,C,C,C,G,C,C
10685,C,G,A,A,A,C,T,C
10686,C,C,T,C,C,C,C,C
10688,A,T,A,A,A,A,A,A
10691,C,C,T,C,C,C,C,C
10692,C,T,T,T,T,T,C,T
10694,C,C,T,C,C,T,C,T
10696,T,C,C,C,C,C,T,C
10700,T,T,T,C,C,C,T,T
10701,T,T,T,T,T,C,C,T
10703,A,A,A,A,A,G,A,A
10704,T,T,T,A,A,T,T,T
10705,C,T,C,T,T,C,C,C
10706,A,G,A,A,A,A,A,A
10707,T,T,T,T,T,C,T,T
10709,C,A,A,A,A,A,C,A
10713,A,A,A,A,A,A,A,G
10715,A,A,T,A,A,A,A,A
10718,C,T,C,C,C,C,C,C
10719,A,A,A,A,A,A,G,A
10721,C,T,T,C,C,C,C,T
10722,T,A,A,A,A,A,C,A
10725,G,G,A,G,G,G,A,G
10727,C,T,T,C,C,C,C,T
10728,G,A,A,A,A,A,A,A
10729,C,A,C,T,C,C,C,C
10730,T,T,T,T,C,C,C,T
10733,A,C,T,C,C,C,A,C
10739,T,C,C,T,T,T,T,T
10742,C,C,T,C,C,C,T,C
10744,A,G,A,A,A,A,A,A
10746,T,C,T,T,T,C,T,T
10748,A,G,A,A,A,G,A,A
10749,C,C,A,T,C,C,C,C
10751,A,A,A,A,C,T,A,C
10754,G,A,A,A,A,A,G,A
10755,T,T,T,C,C,T,C,T
10757,G,A,A,A,A,A,A,A
10760,A,A,A,A,A,A,A,G
10763,C,C,C,C,C,C,T,C
10775,T,C,C,T,C,T,T,T
10776,C,T,A,A,A,C,C,C
10778,T,A,A,A,A,C,C,C
10791,T,C,T,T,T,C,C,T
10796,T,T,T,T,T,C,T,T
10799,A,A,G,A,A,A,A,A
10802,T,T,T,T,T,T,C,C
10806,C,C,C,C,C,T,T,T
10808,A,A,A,A,A,A,G,A
10811,A,A,A,A,A,G,A,A
10814,A,T,A,T,T,T,C,T
10817,A,A,A,A,A,A,T,A
10820,A,A,A,A,A,A,G,A
10823,C,T,C,C,C,C,C,T
10826,T,C,T,T,T,T,T,C
10829,T,C,C,T,T,T,T,A
10832,A,A,A,A,A,A,G,G
10835,T,C,C,T,T,T,T,T
10838,A,A,A,A,A,A,T,A
10841,T,T,T,T,T,C,T,C
10844,T,T,C,T,T,T,C,T
10847,G,G,G,G,G,G,A,C
10850,A,A,A,A,A,T,A,A
10853,A,A,A,G,G,A,A,A
10856,T,T,T,T,T,C,T,C
10857,C,C,C,C,C,T,C,C
10862,A,A,A,A,A,A,C,A
10865,T,T,C,T,T,A,G,T
10868,T,T,T,T,T,T,T,C
10871,T,T,A,C,C,T,T,T
10872,C,C,T,T,T,T,C,T
10874,A,A,A,A,A,G,A,A
10878,T,C,C,C,C,T,T,T
10880,A,A,A,G,G,A,A,G
10883,T,C,T,T,T,T,T,T
10886,T,C,C,T,T,C,C,T
10889,C,T,T,C,C,T,C,C
10892,A,A,G,A,A,A,A,T
10895,A,A,A,A,A,G,A,A
10898,T,C,A,A,A,A,T,C
10901,C,T,A,A,A,A,C,A
10904,C,T,T,T,T,T,C,T
10907,C,T,C,A,A,C,C,C
10908,A,G,A,A,A,A,A,A
10910,T,T,T,C,C,T,T,T
10913,T,T,T,T,T,C,T,C
10914,C,T,T,T,T,C,C,T
10919,C,C,C,T,T,C,C,C
10922,A,C,A,C,C,A,A,A
10923,C,T,C,C,C,C,C,C
10925,A,A,A,A,A,G,A,A
10934,T,C,T,T,T,C,T,T
10940,A,C,C,T,T,A,G,T
10943,C,C,C,T,T,T,C,C
10946,C,C,C,C,C,A,C,A
10949,C,T,T,C,C,T,C,C
10952,C,T,C,T,T,C,C,T
10955,T,T,T,C,T,C,T,T
10956,C,T,C,C,C,T,C,T
10958,C,A,A,A,G,A,A,A
10961,C,T,C,A,T,C,C,C
10962,C,C,C,C,C,C,T,C
10979,A,A,G,A,A,A,A,A
10982,T,T,A,A,A,A,T,T
10985,C,T,C,C,C,C,C,C
10988,A,A,T,A,T,A,G,A
11009,T,T,C,T,T,T,T,C
11010,T,T,T,C,C,T,T,T
11012,A,G,A,A,A,G,A,A
11019,C,T,T,C,T,T,C,C
11024,C,T,C,C,C,C,T,T
11027,C,C,C,T,C,C,C,C
11039,T,T,C,A,C,C,C,T
11042,C,T,T,C,C,C,C,C
11045,C,T,C,T,T,T,T,T
11051,A,C,T,T,T,T,A,C
11052,C,C,T,C,C,C,C,C
11054,T,A,A,A,A,T,T,A
11057,T,C,C,C,C,C,T,C
11060,T,T,T,T,T,T,T,C
11066,A,C,A,T,T,T,A,A
11069,C,T,T,C,C,T,C,T
11072,A,A,A,G,G,A,G,A
11075,C,T,T,T,T,C,T,C
11081,T,C,C,C,C,C,C,C
11090,C,T,C,C,C,C,C,C
11092,T,T,A,T,T,T,T,T
11093,C,T,T,C,C,T,T,C
11099,A,A,A,A,A,G,A,A
11102,A,A,A,A,A,C,A,A
11111,A,C,T,T,T,A,A,A
11117,C,T,T,T,T,C,T,C
11120,A,C,C,T,T,C,T,T
11123,T,T,T,C,C,T,T,C
11126,C,G,A,A,A,A,T,C
11129,C,T,T,T,T,C,C,T
11138,A,A,A,A,C,A,G,A
11141,C,C,C,C,C,T,C,C
11142,C,T,T,C,C,C,C,C
11150,C,C,T,C,C,T,C,C
11151,C,T,T,C,C,C,C,C
11153,A,G,A,G,A,A,A,A
11156,A,A,A,A,A,A,T,A
11159,C,T,C,T,C,T,T,C
11162,C,T,T,T,A,C,C,C
11165,C,T,C,C,C,C,C,C
11168,C,T,T,C,C,C,C,C
11174,G,A,T,T,A,A,A,A
11177,C,T,T,T,T,T,T,T
11180,C,T,C,C,C,C,C,T
11183,C,C,C,C,C,C,T,C
11192,A,A,A,A,A,A,G,A
11195,C,T,T,T,T,T,T,T
11198,G,A,A,A,A,A,G,G
11204,A,C,T,T,T,C,T,C
11208,C,C,T,C,C,C,C,C
11210,T,T,A,T,T,T,T,T
11215,T,T,T,T,T,C,T,T
11216,G,A,A,A,G,A,G,G
11217,G,A,A,A,A,A,G,A
11219,C,T,C,C,C,G,C,T
11222,C,C,T,T,T,C,C,C
11228,T,T,T,T,T,T,C,T
11231,A,A,G,A,A,A,A,A
11232,G,T,G,G,G,G,G,G
11234,C,T,T,T,T,T,C,T
11235,A,A,A,G,G,A,A,A
11237,A,A,A,A,A,C,A,A
11240,A,C,C,C,A,A,A,A
11244,C,C,C,T,T,C,C,T
11246,G,A,T,A,A,A,A,A
11247,A,C,A,A,A,A,A,A
11252,A,T,A,A,A,A,A,A
11255,T,C,C,C,C,C,T,C
11256,C,C,C,C,C,C,T,C
11258,A,G,A,A,G,A,A,A
11261,T,T,T,T,T,C,T,T
11264,T,T,C,T,C,T,T,C
11265,C,C,T,C,C,C,C,C
11270,T,A,T,T,C,C,C,T
11271,C,T,T,C,C,C,C,C
11273,A,A,A,A,A,T,A,C
11276,C,T,C,A,A,C,C,T
11279,T,A,A,A,A,C,C,C
11285,C,T,T,C,C,C,C,C
11288,T,C,T,T,T,C,C,C
11291,A,A,C,T,T,T,A,T
11294,A,A,A,T,T,A,A,A
11297,A,T,T,T,T,A,C,T
11301,T,C,T,C,C,C,C,C
11303,A,A,A,A,A,A,G,A
11305,T,T,A,A,A,A,A,T
11306,C,C,T,T,T,T,C,T
11309,T,T,T,T,T,C,T,C
11310,A,A,A,A,A,A,A,G
11312,C,T,T,T,T,C,T,C
11315,A,T,T,T,T,C,A,T
11318,A,C,A,A,A,A,A,A
11319,T,T,C,T,T,T,T,C
11324,T,T,C,T,T,T,C,C
11327,T,C,C,C,C,C,T,T
11333,A,C,C,T,T,C,T,C
11336,C,C,C,C,C,T,C,T
11339,T,T,C,C,C,C,T,C
11340,A,T,T,T,T,T,A,T
11342,C,A,T,A,A,T,C,C
11345,T,T,T,C,C,T,C,T
11346,A,A,A,A,A,C,A,A
11348,T,T,C,T,T,T,C,T
11351,T,C,T,C,C,C,C,T
11353,T,T,T,T,T,C,T,T
11354,A,A,A,A,A,A,A,G
11357,A,C,A,A,A,G,A,A
11358,A,A,A,G,G,A,A,A
11359,T,C,C,C,C,T,T,T
11360,T,A,T,A,A,T,T,A
11363,C,C,T,C,C,C,T,T
11366,T,C,C,T,T,T,T,T
11369,T,T,C,T,T,C,T,T
11372,T,C,T,T,T,T,T,T
11375,A,G,A,A,A,A,A,A
11378,T,T,T,T,T,G,T,T
11381,A,A,A,A,G,A,G,A
11384,C,T,C,C,C,C,C,C
11393,C,T,T,T,C,T,C,C
11397,A,G,G,A,A,A,A,A
11399,T,C,T,T,T,T,T,T
11402,T,T,C,C,C,C,C,T
11405,C,A,C,A,C,T,C,C
11411,A,G,A,A,A,A,A,A
11414,C,A,T,T,T,T,T,A
11417,C,T,T,C,C,A,C,T
11420,A,G,A,A,A,A,A,A
11421,C,C,T,T,T,T,C,C
11423,A,A,T,T,A,A,A,A
11426,C,A,A,A,A,T,C,T
11428,A,G,A,G,G,A,A,A
11429,C,C,T,C,C,C,C,C
11435,A,A,G,A,A,A,A,A
11441,C,T,C,C,T,C,C,C
11444,C,T,A,T,T,T,C,C
11450,C,T,C,C,C,T,C,C
11451,T,A,T,T,T,T,T,T
11453,A,C,C,C,C,A,A,A
11456,C,C,C,C,C,C,C,T
11459,A,A,A,T,T,A,A,A
11462,A,G,G,A,A,A,A,A
11465,A,G,A,G,G,A,A,A
11466,C,T,T,T,T,T,C,C
11467,T,C,C,C,C,C,T,T
11468,A,A,A,A,A,A,A,T
11471,A,T,A,A,A,A,A,C
11474,A,C,T,T,T,A,A,A
11477,A,A,A,A,A,A,G,G
11478,G,G,A,A,A,A,G,G
11479,C,C,T,T,T,C,C,C
11480,C,C,C,T,T,C,C,C
11481,C,C,T,C,C,C,C,C
11483,T,A,A,A,A,G,G,A
11486,C,T,T,T,T,C,C,C
11487,A,T,T,T,T,A,A,A
11492,T,T,T,T,T,T,C,C
11496,C,C,A,C,C,A,C,A
11498,T,A,T,T,T,C,T,T
11501,T,T,C,C,C,C,T,T
11504,T,T,T,T,T,C,T,T
11505,C,C,T,C,C,C,C,T
11507,A,C,A,A,A,T,A,A
11510,T,C,C,C,C,T,C,T
11511,A,G,A,A,A,A,A,A
11512,C,T,T,T,T,T,T,T
11513,C,T,C,T,T,C,T,C
11515,G,G,A,A,A,A,G,A
11516,T,T,T,T,T,C,T,T
11519,A,A,A,A,C,A,T,T
11525,A,A,A,C,C,T,C,T
11531,A,A,G,A,A,A,A,A
11535,C,C,C,C,A,C,C,C
11537,G,A,A,A,A,A,G,G
11543,A,A,A,A,A,A,T,A
11548,A,A,A,A,A,A,A,G
11549,A,A,A,A,C,A,A,A
11569,T,T,T,T,C,T,T,C
11583,G,G,G,A,G,G,A,G
11585,C,C,C,C,C,A,C,A
11593,A,A,A,T,T,A,A,A
11594,A,C,C,T,T,A,A,A
11596,A,T,T,T,T,T,A,C
11602,C,C,C,C,C,C,C,T
11607,T,T,T,T,C,T,T,T
11616,A,A,A,A,A,A,G,A
11620,A,T,T,T,T,T,C,T
11621,T,A,A,A,A,A,T,A
11622,T,T,T,T,C,T,T,T
11626,A,G,A,A,A,A,A,A
11637,T,C,C,T,C,C,T,C
11644,T,T,T,C,C,C,T,C
11645,T,A,C,C,T,T,T,T
11652,T,A,A,A,A,A,T,A
11656,A,A,A,T,A,A,A,A
11657,A,A,A,A,A,A,G,A
11685,A,A,A,A,A,A,A,G
11686,T,C,T,T,C,C,T,T
11695,A,A,A,A,G,A,A,A
11727,A,A,A,A,C,C,A,C
11744,C,C,C,C,C,T,C,C
11747,T,T,T,T,T,C,C,C
11750,T,T,T,T,C,C,T,C
11753,C,T,T,T,C,C,C,C
11757,A,A,A,T,T,A,T,G
11759,C,C,T,T,T,C,C,C
11764,T,T,T,T,T,C,T,T
11765,C,C,T,C,C,C,C,T
11766,T,T,C,C,C,C,T,C
11768,A,A,A,T,T,A,A,A
11769,T,C,C,C,C,C,T,C
11771,A,A,A,A,A,A,A,T
11774,C,T,C,C,C,T,T,C
11777,C,C,C,T,T,T,C,T
11779,T,T,C,T,T,T,T,T
11781,C,C,A,A,A,T,C,T
11783,T,A,C,C,C,A,G,A
11784,C,C,C,C,C,T,C,C
11786,A,T,C,G,G,A,A,T
11787,C,T,C,T,T,C,C,A
11789,A,A,A,A,A,A,G,C
11792,C,C,T,C,C,C,C,C
11799,C,T,T,T,T,C,C,C
11801,A,T,A,A,A,A,A,A
11804,T,T,C,C,C,C,C,C
11807,A,A,G,A,A,A,A,A
11810,A,A,G,G,G,A,A,A
11811,T,C,T,T,T,T,T,T
11812,C,T,C,C,C,C,C,C
11813,A,T,A,A,A,A,A,A
11816,C,C,C,T,T,C,C,C
11817,C,T,C,T,T,C,C,C
11821,T,C,T,T,T,T,T,C
11822,T,T,T,T,T,T,T,C
11825,A,A,A,A,A,A,G,A
11826,C,C,C,C,C,T,C,T
11828,C,C,C,C,C,C,T,T
11831,C,T,T,T,T,C,C,T
11834,C,T,C,C,C,C,C,C
11837,C,T,T,T,T,C,C,C
11840,A,A,C,T,T,A,A,A
11841,C,T,C,C,C,C,C,C
11843,G,A,A,A,A,A,G,A
11846,C,T,T,T,T,T,T,C
11852,C,A,A,A,A,A,C,G
11854,C,C,C,T,T,T,C,T
11861,C,C,C,T,T,C,C,T
11864,A,A,A,A,A,A,G,A
11867,C,T,C,C,C,T,C,C
11870,C,T,A,A,A,A,G,A
11874,A,A,T,A,A,A,C,A
11876,T,C,T,T,T,T,T,T
11877,A,C,G,G,G,A,A,A
11879,T,A,A,A,A,T,T,T
11883,C,C,T,C,C,C,C,C
11885,C,A,A,A,A,C,C,T
11886,T,T,G,A,A,A,T,A
11887,T,T,C,T,T,T,T,T
11888,A,T,C,T,T,C,A,T
11891,C,A,A,A,A,A,C,A
11892,C,C,C,T,T,T,C,C
11895,T,C,T,A,A,T,T,C
11898,A,T,T,T,T,A,A,C
11900,A,A,A,C,C,A,A,A
11903,T,C,T,C,C,C,C,T
11904,T,C,C,C,C,T,T,T
11907,C,T,T,T,T,T,C,T
11909,C,T,T,T,T,C,C,T
11911,A,A,A,A,A,A,A,G
11912,T,C,T,C,C,C,T,T
11915,T,T,T,C,C,C,T,T
11921,A,G,G,A,A,A,A,A
11924,T,C,T,T,T,T,T,T
11930,T,T,T,T,T,C,T,T
11936,C,C,C,A,A,C,C,C
11939,G,A,A,A,A,G,A,A
11942,C,A,A,A,A,C,C,C
11946,G,A,A,A,A,A,A,A
11948,C,T,T,T,C,T,T,A
11951,C,T,T,T,C,T,T,T
11952,A,A,A,A,A,A,G,A
11957,T,T,T,T,T,C,C,T
11960,A,A,A,A,A,A,G,A
11964,G,A,A,A,A,A,G,A
11967,C,C,C,C,C,C,T,C
11969,T,A,C,C,C,C,A,C
11971,A,C,C,C,C,C,A,C
11972,A,A,T,A,A,A,A,C
11975,A,A,A,A,A,A,G,A
11981,C,T,T,T,T,T,C,T
11985,A,A,A,A,C,C,A,C
11986,C,T,T,T,T,T,T,T
11987,T,T,T,T,A,T,T,A
11990,C,T,T,C,C,T,C,C
11992,T,A,T,T,T,T,T,T
11993,T,T,C,C,C,C,T,T
11999,T,A,A,A,A,A,G,A
12002,C,C,C,T,T,T,C,T
12003,C,T,T,T,T,C,C,C
12005,G,A,A,A,A,A,A,A
12010,C,T,T,T,T,C,T,C
12014,T,A,T,A,C,T,C,C
12017,A,A,C,A,A,A,A,G
12023,T,A,A,A,C,C,T,C
12026,T,C,C,C,C,C,C,T
12029,C,C,C,C,C,T,C,T
12035,A,G,A,A,A,A,A,A
12041,T,T,T,C,C,C,C,C
12044,A,A,A,A,A,G,A,A
12047,A,A,A,G,A,A,G,A
12050,C,T,T,T,T,C,T,T
12053,T,T,C,T,C,C,T,C
12056,A,T,A,A,A,A,A,A
12059,A,G,A,A,A,A,A,A
12062,T,C,C,T,T,T,C,C
12065,A,A,G,A,A,A,G,A
12068,C,C,C,C,C,T,C,C
12071,A,A,G,A,A,A,A,A
12074,C,C,C,C,C,T,C,C
12078,A,C,C,C,C,A,A,A
12080,C,T,C,T,T,C,C,C
12086,T,C,C,T,T,T,C,C
12092,C,C,C,C,C,C,C,T
12095,T,C,T,T,T,T,T,T
12098,A,G,G,A,A,A,A,A
12101,T,T,C,T,T,C,C,C
12104,T,T,T,T,T,C,T,C
12108,C,T,C,T,T,C,C,T
12113,C,C,C,T,T,C,C,C
12114,C,C,C,C,C,T,C,C
12116,G,A,A,T,T,A,G,A
12119,T,T,T,C,C,C,T,T
12122,C,T,T,T,T,T,T,T
12125,G,A,A,A,A,A,A,A
12126,C,T,C,C,C,C,C,C
12128,T,A,C,A,A,C,C,C
12131,C,C,T,C,C,T,C,T
12132,C,C,C,C,C,C,C,T
12134,C,A,A,A,A,T,C,A
12137,C,C,C,T,T,C,C,C
12140,A,A,A,A,A,T,A,A
12143,C,C,T,C,C,C,C,T
12146,C,C,C,C,C,T,C,C
12149,C,T,C,C,C,T,C,T
12152,A,G,A,A,A,A,A,A
12155,T,T,C,C,C,T,C,T
12159,C,C,C,C,C,T,C,C
12161,T,A,A,A,A,A,T,A
12164,C,C,C,C,C,T,C,C
12167,T,T,T,C,C,T,C,C
12170,C,T,C,C,C,T,C,T
12173,A,A,A,G,G,A,A,G
12176,A,G,A,A,A,A,A,A
12179,G,A,A,A,A,A,A,A
12182,G,T,T,A,A,A,G,T
12185,A,A,A,A,A,A,G,A
12188,T,T,T,C,C,T,T,C
12191,A,G,A,A,A,A,A,A
12194,T,C,T,C,C,C,T,A
12197,C,C,C,C,C,C,T,T
12198,C,C,T,C,C,C,C,C
12200,A,A,A,A,A,A,A,C
12201,C,T,C,C,C,T,C,C
12203,A,A,A,A,A,A,G,A
12206,T,T,T,C,C,T,T,C
12212,A,A,A,G,A,A,A,A
12215,G,A,A,A,A,A,G,A
12218,C,T,T,C,T,C,C,T
12233,A,A,T,A,A,A,A,A
12236,T,C,C,C,C,T,C,C
12239,T,T,T,G,T,T,T,T
12245,C,T,C,C,C,C,C,C
12246,C,C,T,C,C,C,C,C
12248,A,C,A,A,A,A,T,A
12254,A,A,T,A,A,A,A,A
12257,C,T,T,T,C,T,C,C
12258,C,T,C,C,C,C,C,C
12260,C,G,A,A,A,A,C,A
12263,T,T,C,T,T,T,C,C
12266,C,T,C,T,C,C,C,C
12272,C,C,C,C,C,T,C,T
12278,C,C,T,C,C,T,T,C
12281,C,T,C,C,C,T,C,C
12287,C,T,T,T,C,T,C,T
12290,T,T,C,T,T,T,T,T
12291,T,T,C,C,C,C,T,C
12296,T,C,C,T,T,T,T,T
12300,G,A,A,A,A,A,G,A
12301,T,C,C,C,T,T,T,T
12302,T,T,C,C,T,T,T,T
12308,T,C,C,T,T,T,T,T
12311,C,C,C,C,C,C,C,T
12312,C,C,T,C,C,C,C,C
12314,A,G,A,A,A,A,A,G
12329,A,A,G,A,A,A,A,A
12333,C,T,C,C,C,T,C,C
12335,T,T,T,T,A,A,T,C
12341,G,A,A,A,A,A,A,A
12344,T,C,T,C,T,T,T,T
12347,A,G,A,A,A,A,A,G
12348,T,C,T,T,T,T,T,T
12350,C,C,C,C,C,T,C,C
12353,C,T,T,C,C,A,C,T
12354,A,-,A,A,A,A,A,A
12355,A,-,A,A,A,A,A,A
12356,C,-,C,T,C,C,C,C
12359,C,T,T,C,C,C,T,T
12362,C,T,T,T,T,T,C,T
12363,G,G,G,A,A,A,G,G
12365,C,T,T,T,T,T,C,T
12368,T,T,T,C,C,C,T,C
12371,A,T,T,T,T,A,G,T
12372,A,A,A,A,A,A,C,A
12374,T,T,T,C,C,C,C,C
12380,T,T,T,C,C,T,T,T
12381,A,A,A,A,A,C,C,T
12382,T,C,T,T,T,T,T,T
12383,A,A,A,C,C,A,A,A
12386,C,G,T,A,A,C,A,C
12387,C,T,C,T,T,C,C,C
12390,T,T,T,T,T,C,C,C
12395,C,T,C,C,C,C,C,T
12401,T,T,C,C,C,C,T,T
12407,A,A,A,G,G,C,A,T
12413,A,C,C,T,T,A,A,A
12422,T,T,C,C,C,C,T,C
12425,C,C,A,A,G,A,T,A
12428,C,T,T,T,T,T,C,T
12431,C,C,C,T,C,C,C,C
12434,A,A,C,A,A,A,A,A
12437,A,A,A,G,A,A,A,A
12438,C,C,C,C,C,T,C,C
12440,A,T,T,A,A,A,A,T
12446,A,A,A,A,A,G,A,A
12458,C,T,C,C,C,G,C,C
12461,T,A,C,T,T,C,T,A
12467,A,A,A,A,A,C,A,A
12470,T,C,C,T,T,C,T,T
12476,A,A,A,T,T,A,T,T
12479,A,G,A,A,A,A,A,A
12482,A,A,A,A,A,C,C,T
12491,T,C,T,C,C,C,T,C
12494,A,T,T,T,T,T,A,T
12503,T,T,A,G,G,T,T,T
12506,A,G,A,A,A,A,A,A
12509,A,A,A,A,A,A,A,G
12512,T,C,T,C,C,C,C,T
12515,C,C,C,C,C,C,C,T
12518,A,C,A,A,A,A,T,A
12519,C,T,T,T,T,C,C,C
12521,G,A,A,A,A,A,A,A
12522,G,A,A,A,A,G,G,G
12524,C,C,T,T,T,C,C,T
12530,C,T,T,T,T,T,T,T
12533,C,T,C,C,C,C,C,C
12536,C,G,A,A,A,T,A,T
12537,C,T,T,C,C,C,C,C
12539,C,A,A,C,C,T,C,C
12542,G,A,A,A,A,G,A,A
12543,A,T,T,T,T,G,A,G
12545,T,A,A,A,A,A,T,A
12548,T,C,C,T,T,C,T,T
12551,T,T,C,C,C,C,C,T
12552,A,G,A,A,A,A,A,T
12553,A,A,A,A,A,A,A,C
12554,C,C,T,C,C,T,C,C
12555,T,A,A,A,A,A,T,A
12556,T,A,A,C,C,A,A,A
12557,T,C,T,C,C,T,T,C
12560,T,T,C,C,C,T,T,C
12561,T,A,C,T,T,C,T,T
12568,C,T,T,T,T,T,C,T
12569,T,C,T,T,T,T,T,T
12573,C,T,T,T,T,C,C,C
12575,T,A,A,A,A,A,T,A
12578,C,C,T,C,C,C,C,T
12581,C,T,T,T,T,A,T,C
12584,A,G,G,A,A,A,A,A
12590,A,A,T,T,T,A,A,G
12597,T,C,C,C,C,C,T,C
12602,T,T,T,C,C,T,T,T
12611,T,C,C,C,C,T,T,C
12614,T,C,T,T,T,T,T,T
12617,T,T,T,T,T,T,C,T
12618,C,C,C,T,T,C,C,C
12620,C,C,A,A,A,T,C,C
12623,C,A,C,C,C,C,A,C
12626,A,A,A,A,A,G,A,A
12629,C,T,C,C,C,T,C,C
12632,C,C,T,T,T,T,T,C
12644,C,T,C,T,T,T,T,T
12645,A,G,G,G,G,G,G,G
12647,T,A,A,A,A,T,C,T
12650,C,T,C,C,C,C,T,C
12653,C,C,C,T,T,C,C,C
12656,T,T,C,T,C,T,C,C
12665,C,T,T,T,C,C,T,T
12671,A,T,C,A,A,A,A,A
12675,C,C,C,C,C,T,T,C
12677,G,A,T,A,A,A,A,A
12686,G,T,T,T,A,A,G,T
12689,G,C,C,T,T,A,A,C
12695,A,C,C,C,C,A,G,A
12698,A,A,G,A,A,A,A,A
12701,C,T,C,T,T,C,C,C
12708,C,T,T,T,T,T,T,C
12710,C,C,C,T,T,T,C,C
12711,C,C,C,A,A,C,C,C
12719,C,C,T,C,C,C,T,T
12720,C,C,C,T,T,C,C,C
12722,A,G,G,A,A,A,A,A
12725,C,C,C,C,C,C,T,T
12728,C,C,C,C,C,T,C,T
12731,T,C,C,T,T,T,C,T
12734,C,C,T,C,C,A,C,C
12737,C,C,C,C,C,C,C,T
12740,A,A,A,A,A,A,A,C
12743,C,T,T,T,T,C,C,C
12746,C,T,T,T,C,C,C,C
12752,T,C,T,C,C,T,C,C
12755,A,A,G,A,A,A,A,A
12758,C,C,T,T,C,C,C,C
12761,T,T,T,C,C,T,T,T
12764,A,A,G,A,A,A,A,A
12767,C,C,T,T,T,C,C,C
12770,T,G,C,T,T,T,T,T
12773,C,C,A,T,T,T,C,C
12776,A,A,A,A,A,A,A,T
12779,C,C,T,T,T,T,T,T
12782,T,T,C,T,T,C,C,T
12785,T,C,T,T,T,C,T,C
12788,C,C,T,T,T,T,C,T
12791,G,A,A,A,A,A,A,A
12793,C,C,C,C,C,G,C,C
12794,A,C,T,T,C,C,A,C
12797,C,T,C,T,T,T,C,T
12800,A,A,A,A,A,A,A,G
12806,C,T,C,C,C,C,C,C
12809,C,T,C,T,C,T,C,C
12815,A,A,A,A,A,G,A,A
12821,A,T,T,C,T,A,A,A
12823,A,A,A,A,A,A,A,G
12824,C,C,C,C,C,C,T,T
12827,C,A,A,T,T,T,C,A
12829,C,T,T,C,C,C,C,C
12834,A,A,A,A,A,A,A,G
12835,T,C,C,C,C,C,C,C
12836,C,T,T,T,C,T,C,T
12839,A,A,G,G,G,A,G,A
12845,C,T,C,T,T,T,C,T
12848,A,T,A,C,C,T,C,C
12854,A,T,T,T,C,T,A,C
12857,C,C,T,C,C,C,C,C
12858,C,A,T,T,T,C,T,C
12861,G,A,G,A,A,A,G,G
12863,A,C,C,T,T,C,A,C
12866,C,C,C,T,C,C,C,C
12869,A,A,T,C,A,A,A,A
12872,C,C,C,C,C,C,C,T
12873,C,C,T,T,T,T,T,C
12875,C,A,A,A,A,A,A,A
12881,C,C,C,C,C,T,C,C
12887,A,A,C,A,A,A,A,A
12893,A,C,T,T,A,C,G,C
12896,C,T,C,C,C,T,C,T
12905,G,A,A,A,A,G,A,A
12908,C,C,T,C,C,T,C,T
12911,C,C,C,T,T,C,C,T
12914,A,C,A,A,A,A,A,A
12921,C,C,C,C,C,C,T,C
12923,A,A,A,A,A,G,A,A
12926,T,T,C,C,T,T,C,C
12929,T,T,T,T,T,C,T,T
12935,A,A,T,A,C,C,A,C
12938,T,C,C,C,T,C,T,C
12941,T,T,C,C,C,T,T,T
12947,C,T,C,C,T,T,C,C
12950,C,T,T,C,T,T,C,C
12971,A,C,A,A,A,A,A,A
12974,T,T,T,T,C,T,T,C
12978,C,C,C,C,C,T,C,C
12980,A,A,T,A,A,G,A,A
12983,C,T,C,T,T,T,C,T
12986,C,T,C,C,C,C,C,C
12989,T,A,A,A,T,T,T,T
12992,T,C,C,C,C,C,T,C
13001,T,A,A,A,T,C,T,T
13004,G,A,A,A,A,A,A,A
13010,C,C,C,T,T,T,C,T
13013,A,G,A,A,A,A,A,A
13016,A,A,A,A,A,T,A,A
13019,C,C,C,T,C,C,C,T
13022,T,C,T,T,T,T,T,T
13025,C,C,T,T,T,C,T,T
13028,C,T,C,T,T,C,C,C
13031,A,A,T,A,A,G,A,A
13043,A,A,A,C,A,A,A,A
13046,G,A,A,A,C,A,A,A
13049,T,T,T,C,C,T,T,T
13051,T,A,T,T,T,T,T,T
13052,T,C,T,C,C,T,T,C
13055,C,T,T,T,T,C,T,T
13058,C,A,C,C,C,A,C,C
13059,C,C,C,C,C,T,C,C
13064,C,T,T,T,T,T,C,C
13067,C,C,T,T,T,C,C,C
13070,T,T,T,C,C,T,T,T
13073,C,T,C,T,T,C,C,C
13076,A,A,A,A,A,A,G,A
13078,A,A,A,C,C,A,A,A
13079,T,C,T,C,C,C,T,C
13080,G,G,G,A,A,G,G,A
13082,C,T,C,C,C,C,T,C
13091,C,T,T,C,C,A,C,C
13094,A,T,T,C,C,A,A,A
13097,C,T,C,C,C,T,C,T
13100,A,A,A,A,A,A,A,C
13103,C,T,C,C,C,T,C,C
13109,C,C,C,T,T,C,C,C
13112,A,A,A,A,G,A,A,A
13115,A,A,A,A,A,A,A,C
13118,C,A,C,C,C,A,C,C
13121,A,C,T,A,A,A,A,A
13124,C,T,C,T,T,C,C,T
13127,C,C,C,C,T,C,C,C
13130,T,C,C,C,C,C,T,C
13139,T,T,T,C,C,C,T,T
13140,G,A,T,C,A,A,G,A
13142,C,T,A,C,C,C,C,T
13145,C,T,T,T,T,C,C,C
13148,A,T,A,A,A,A,A,C
13151,T,T,T,C,C,C,C,C
13154,T,C,T,T,T,T,C,C
13157,T,C,T,T,T,T,C,T
13163,A,A,A,A,A,A,G,A
13166,C,C,C,T,T,C,C,T
13168,G,A,A,A,A,A,A,A
13169,C,C,T,T,T,C,C,C
13170,A,A,A,A,A,A,A,G
13172,T,T,T,T,T,T,C,C
13174,C,A,A,A,A,A,C,A
13176,G,A,A,A,A,A,A,A
13177,T,C,T,T,T,T,T,T
13178,C,C,C,C,C,C,C,T
13181,C,C,C,C,C,C,T,C
13184,A,A,A,A,A,G,A,A
13192,G,G,G,G,G,T,G,G
13194,T,T,T,T,T,T,C,T
13196,T,C,T,T,C,T,T,T
13197,T,C,C,C,C,C,T,C
13205,C,A,A,A,A,C,C,C
13214,A,T,C,T,T,A,A,T
13217,T,T,T,A,A,C,T,C
13220,T,T,T,C,C,C,T,C
13227,T,C,C,C,C,C,T,T
13232,A,C,C,A,A,A,A,A
13235,C,T,T,T,T,C,C,T
13236,C,C,C,C,C,C,C,T
13238,A,C,T,T,T,A,T,A
13241,C,T,C,T,T,C,T,T
13247,A,T,A,A,A,A,A,A
13256,C,T,T,T,T,C,C,T
13259,C,C,C,C,C,C,C,T
13260,C,T,C,C,C,T,C,T
13262,A,A,G,G,G,A,T,A
13265,C,T,T,T,T,C,C,C
13272,C,T,T,T,T,T,C,T
13274,A,T,C,T,T,T,A,C
13275,T,T,T,A,A,T,T,T
13277,A,C,C,C,C,C,A,C
13278,A,A,A,T,T,A,A,A
13279,T,C,C,C,C,T,T,C
13282,A,A,A,A,A,A,G,A
13283,T,C,C,C,C,T,T,C
13287,G,T,A,A,A,A,G,A
13288,C,C,C,A,A,C,C,C
13292,T,C,T,C,C,C,C,C
13293,C,T,C,A,A,C,C,C
13294,C,C,C,C,C,T,C,C
13295,A,A,A,T,T,G,A,A
13296,T,T,T,C,C,C,T,T
13297,A,T,T,T,T,A,A,A
13298,T,T,T,T,T,T,C,C
13304,C,T,T,C,C,T,T,T
13307,C,C,T,C,C,C,C,C
13310,A,A,A,A,A,C,A,A
13313,T,A,C,C,C,C,T,C
13314,T,C,T,T,T,C,T,C
13315,T,T,T,C,C,T,T,T
13316,A,A,A,A,A,G,A,A
13319,G,A,A,A,A,A,A,A
13322,G,C,C,C,C,T,T,T
13324,T,A,A,A,T,A,T,T
13325,T,T,C,C,C,T,T,T
13328,C,T,T,C,C,T,C,C
13332,T,C,T,T,T,T,T,T
13334,T,A,A,A,A,A,T,A
13337,T,C,C,T,T,T,T,T
13338,A,A,G,A,A,G,A,A
13340,T,G,C,C,C,C,T,T
13343,C,T,C,T,C,C,C,C
13346,C,A,C,C,C,T,C,C
13351,C,T,C,T,T,C,C,T
13352,A,A,A,T,T,A,A,A
13355,C,T,C,C,C,C,C,C
13357,T,T,A,T,T,T,T,T
13358,A,A,C,A,A,A,A,A
13359,A,A,A,G,G,A,A,A
13360,A,A,T,A,T,A,A,T
13364,T,A,A,A,A,C,T,A
13367,C,C,C,T,T,T,C,C
13370,C,T,T,C,C,T,C,T
13371,C,A,A,A,A,C,C,C
13372,T,T,T,C,C,T,T,C
13373,A,T,A,A,A,A,A,A
13376,C,C,C,C,C,C,C,T
13379,A,C,A,A,A,A,A,A
13382,A,A,A,A,G,A,G,A
13389,C,C,C,C,C,T,C,C
13391,A,A,A,A,A,A,G,A
13394,T,C,C,C,C,C,C,C
13395,C,T,T,T,T,C,C,C
13397,C,A,A,A,A,C,C,C
13398,C,T,C,C,C,C,C,C
13400,A,G,A,A,A,A,A,A
13404,T,T,T,C,C,T,T,T
13406,G,A,A,A,A,G,G,G
13407,A,A,A,G,G,A,A,A
13409,C,C,C,C,C,C,C,T
13412,G,A,A,A,A,A,A,A
13413,T,C,T,T,T,C,C,C
13421,A,A,A,A,A,G,A,A
13422,A,C,T,T,T,A,A,G
13423,C,T,T,C,C,C,C,T
13424,C,A,A,A,A,C,C,T
13427,C,C,T,C,C,C,T,C
13436,C,T,A,T,T,A,T,A
13439,C,C,C,A,A,C,C,C
13444,C,C,C,C,C,T,C,C
13445,T,C,C,C,C,A,T,T
13446,C,A,A,A,A,C,C,C
13448,T,C,C,C,C,T,C,T
13453,C,C,C,T,T,C,C,C
13454,A,A,A,A,A,A,A,T
13456,A,G,A,A,A,A,A,A
13460,A,G,A,A,A,A,A,A
13463,C,T,T,T,T,C,C,C
13464,A,A,G,G,G,A,A,A
13466,T,C,T,T,T,C,T,C
13467,T,C,C,C,C,C,C,C
13469,A,T,C,T,T,C,A,T
13475,C,C,T,T,T,T,C,C
13477,A,A,G,G,G,A,A,A
13488,T,C,C,T,T,T,T,T
13490,A,G,A,A,A,A,G,A
13493,T,C,T,T,T,C,T,C
13496,A,A,G,A,A,A,A,A
13497,T,C,C,C,C,C,T,C
13499,G,A,C,C,C,T,A,T
13505,T,T,C,T,T,T,T,T
13506,A,A,A,A,A,A,T,A
13508,A,G,A,A,A,G,A,A
13509,T,T,T,T,T,T,A,T
13511,A,A,A,A,A,C,A,A
13514,C,T,C,T,T,C,C,C
13515,C,C,C,C,C,C,C,T
13518,A,G,A,G,G,A,A,A
13520,T,A,T,T,T,C,T,C
13522,A,G,G,G,G,A,A,A
13523,C,C,C,C,C,T,C,C
13526,C,A,T,A,A,C,C,T
13528,T,T,T,C,C,T,C,T
13529,C,C,C,C,C,C,C,T
13530,T,T,T,C,C,T,T,T
13535,T,C,T,C,C,C,T,T
13541,C,T,T,T,T,C,C,T
13542,T,A,C,C,C,C,C,T
13544,A,C,A,C,A,A,A,A
13545,T,T,T,C,T,T,T,T
13548,T,A,A,A,A,A,T,A
13549,C,T,T,C,C,T,C,C
13550,A,A,T,T,T,C,T,T
13551,A,A,A,G,A,A,A,A
13558,T,C,C,C,C,C,C,C
13564,A,G,G,G,G,A,A,G
13570,G,A,A,A,A,A,A,A
13582,A,A,A,A,A,A,G,A
13585,A,C,T,A,A,A,A,A
13588,C,C,A,A,C,A,C,C
13591,A,A,A,G,A,A,A,A
13594,C,T,C,C,C,C,C,C
13600,T,T,T,C,T,C,T,T
13603,C,C,C,T,T,C,C,C
13609,T,C,T,T,T,T,T,C
13612,T,T,C,T,T,T,C,T
13615,C,C,T,C,C,T,C,C
13618,C,C,C,C,C,T,C,C
13621,T,C,T,T,T,T,T,T
13627,A,A,A,C,A,A,A,A
13633,A,G,A,A,A,A,G,A
13639,T,C,C,T,C,C,T,C
13642,T,A,T,T,T,T,C,T
13645,C,T,T,T,T,C,C,T
13648,T,A,A,A,A,A,T,A
13651,C,T,T,T,A,A,C,A
13657,C,C,C,T,T,C,C,A
13660,T,C,C,A,A,T,C,C
13663,T,T,T,C,C,C,T,T
13666,C,T,T,T,T,C,C,C
13668,A,G,G,A,A,A,G,G
13669,C,T,C,C,C,C,C,T
13672,A,T,A,A,A,A,A,A
13674,C,C,T,T,T,C,C,C
13675,T,A,A,T,T,A,C,A
13680,C,C,C,C,C,C,C,T
13684,A,A,A,A,A,A,G,A
13687,A,A,A,A,A,T,A,C
13689,C,T,T,T,T,T,C,C
13690,C,T,C,T,T,C,C,C
13693,A,G,A,A,A,A,A,G
13696,C,C,T,T,T,C,T,C
13698,T,T,A,T,T,T,T,T
13699,C,T,T,C,C,T,C,T
13701,A,G,G,A,A,A,A,A
13702,C,C,T,C,C,T,T,T
13708,T,T,C,C,C,C,C,T
13711,C,A,A,T,T,T,C,C
13713,A,G,G,A,A,A,A,A
13715,C,C,C,C,C,C,G,C
13716,C,T,C,C,C,C,C,C
13718,T,T,C,T,T,T,T,T
13719,C,C,T,C,C,C,C,C
13722,G,G,A,G,G,G,G,G
13724,T,C,T,T,T,T,T,T
13725,T,T,C,T,T,T,T,T
13726,A,A,A,A,A,C,A,C
13728,T,T,C,T,T,C,C,C
13729,T,T,C,T,T,C,T,T
13731,C,A,A,A,A,A,C,A
13732,T,T,C,C,C,C,T,C
13733,C,T,T,T,T,C,C,C
13735,A,A,A,A,A,A,G,A
13737,C,C,C,T,T,C,T,C
13738,T,T,T,T,T,C,T,C
13743,C,C,C,T,T,C,C,C
13744,A,A,A,A,A,A,G,A
13746,A,A,A,A,A,A,A,T
13747,A,A,A,A,A,A,G,A
13748,T,T,T,A,A,T,T,T
13749,A,A,A,A,A,A,A,T
13751,T,T,T,T,T,T,T,C
13752,T,C,C,C,C,T,T,C
13755,G,G,G,T,T,A,G,G
13756,C,C,C,T,T,C,C,C
13757,A,G,A,A,A,A,A,A
13758,C,T,T,T,T,T,C,T
13760,C,T,A,T,T,T,T,T
13762,A,A,A,A,A,A,C,A
13764,T,T,C,T,T,T,C,T
13765,T,A,C,T,T,T,T,G
13766,A,G,A,A,A,A,A,A
13767,A,T,T,C,C,C,C,C
13770,A,A,G,A,A,A,C,A
13771,A,A,A,A,A,C,T,A
13772,A,A,C,G,G,A,A,A
13773,C,C,C,C,C,C,C,T
13774,C,C,C,T,T,C,C,C
13777,T,T,T,C,C,T,T,T
13779,T,A,A,A,A,T,T,T
13780,A,T,A,A,A,C,A,C
13782,T,A,A,A,A,T,T,C
13783,C,C,C,C,C,A,T,C
13785,C,C,C,T,T,C,C,C
13786,C,C,T,C,C,C,T,T
13789,C,T,T,T,T,T,T,T
13792,T,A,A,A,A,A,C,A
13794,C,T,T,T,T,C,C,C
13795,T,C,T,C,C,T,C,T
13797,A,A,A,A,A,A,G,A
13801,A,C,A,C,C,A,A,A
13803,C,C,C,C,C,T,C,T
13804,C,A,A,A,A,A,C,C
13806,A,A,A,G,G,A,A,A
13813,T,C,T,T,T,C,C,C
13816,G,A,A,A,A,A,A,A
13822,T,C,C,T,T,C,T,T
13825,C,T,C,T,T,T,C,C
13834,T,A,A,A,A,T,T,T
13837,A,G,A,A,A,A,G,G
13840,T,T,C,T,T,C,C,C
13852,T,T,T,T,T,T,C,T
13858,A,T,T,T,T,A,A,A
13861,C,A,A,A,A,C,C,C
13864,A,A,A,A,A,A,G,G
13867,T,A,A,A,A,A,C,T
13873,C,C,C,A,A,A,C,C
13879,C,T,C,T,T,C,C,T
13881,A,G,A,A,A,A,A,A
13882,C,T,C,C,C,C,C,C
13885,C,A,C,C,C,T,C,C
13888,C,C,C,C,C,C,C,T
13891,T,T,C,T,T,T,T,C
13893,A,A,G,A,A,A,A,A
13897,A,G,A,A,A,A,A,A
13909,T,T,T,T,T,C,C,T
13912,T,C,T,T,T,T,T,T
13914,A,A,A,A,A,A,G,A
13915,A,A,C,A,C,A,A,A
13918,T,T,T,T,T,C,T,T
13924,C,C,T,T,C,C,C,C
13927,T,C,C,T,C,T,C,C
13936,C,A,A,A,A,C,C,C
13939,T,T,C,T,T,C,T,T
13942,A,A,C,A,A,A,A,A
13945,C,C,C,C,C,C,C,T
13948,T,T,T,T,T,C,T,A
13950,A,G,A,G,G,A,A,G
13951,A,A,G,A,A,A,A,A
13959,C,T,T,T,T,C,C,C
13963,C,C,T,C,C,C,C,C
13966,A,A,A,A,A,A,G,A
13971,C,C,C,C,T,C,C,T
13972,A,A,A,A,A,A,G,A
13981,T,T,A,T,T,C,C,T
13983,A,A,G,A,A,G,A,A
13984,A,A,C,C,C,C,A,C
13987,T,A,C,C,T,C,T,C
13999,T,T,T,T,C,T,T,T
14008,T,T,T,T,T,T,T,A
14010,A,A,A,A,A,A,A,G
14011,T,T,T,T,T,C,T,A
14014,T,T,C,C,C,C,C,T
14023,A,A,A,A,A,A,G,A
14026,A,A,A,A,C,C,A,C
14029,A,C,T,-,A,A,A,A
14032,C,C,C,T,T,T,C,T
14038,T,C,T,T,T,T,T,T
14041,T,A,T,T,T,T,T,T
14047,T,T,C,T,C,T,C,T
14052,C,T,T,T,T,C,T,C
14077,T,C,C,C,T,T,C,T
14080,A,A,A,A,A,G,A,A
14083,G,G,G,G,G,A,G,G
14088,C,C,C,C,C,C,T,C
14094,C,T,T,T,C,C,C,C
14098,C,T,C,C,C,C,C,C
14140,A,T,A,A,A,A,A,A
14141,C,C,C,C,T,T,T,C
14142,C,T,T,C,C,T,C,C
14156,A,C,C,C,A,A,G,A
14159,A,A,A,A,A,A,G,A
14168,C,T,C,C,C,C,C,C
14171,A,A,A,A,A,G,A,A
14172,T,C,C,T,T,C,T,C
14174,A,A,A,A,A,A,A,G
14177,T,C,T,C,T,T,T,T
14186,T,C,T,T,T,T,T,T
14189,C,C,C,C,C,C,T,C
14192,C,C,C,C,C,C,T,C
14195,A,A,A,A,A,A,A,T
14198,C,T,T,C,C,C,C,C
14199,A,G,A,A,A,A,A,A
14204,C,C,T,C,C,C,C,C
14205,C,T,T,C,T,T,T,T
14207,A,A,A,A,A,G,A,A
14210,T,C,C,A,T,C,C,C
14211,G,G,G,G,G,G,A,G
14213,C,T,T,T,C,T,C,C
14219,C,T,T,C,C,T,C,C
14222,C,T,C,C,C,C,T,C
14225,T,T,C,C,C,C,C,T
14228,A,T,A,A,A,A,A,A
14231,A,A,A,A,A,A,A,G
14240,C,C,T,C,T,C,C,C
14243,T,T,T,C,T,T,C,T
14246,G,C,C,C,C,C,A,C
14249,C,C,T,C,C,T,T,C
14252,T,G,T,T,T,A,C,A
14253,C,C,C,T,C,T,C,C
14255,A,G,A,A,A,A,A,A
14259,G,A,A,A,A,G,A,A
14261,C,C,C,T,C,A,C,C
14264,C,C,C,C,C,C,T,C
14265,C,T,T,C,C,C,C,C
14271,G,G,G,G,G,A,G,G
14273,C,C,C,C,C,T,C,C
14279,C,C,T,T,T,C,C,C
14282,T,T,C,T,T,T,T,T
14288,T,C,A,A,A,C,C,C
14291,T,A,C,A,A,G,A,A
14294,C,T,C,C,C,C,C,C
14295,T,T,T,C,C,C,T,T
14300,C,T,T,T,T,A,T,C
14303,A,G,A,A,A,A,A,A
14306,C,C,T,C,C,C,C,C
14309,C,C,C,T,T,C,T,T
14315,A,A,A,A,A,C,A,A
14318,T,C,T,T,T,C,C,C
14321,A,A,A,A,A,T,A,A
14322,A,A,A,A,A,C,A,A
14323,T,T,T,C,C,T,T,T
14324,A,A,A,A,A,A,G,A
14330,C,T,T,C,C,A,C,T
14333,T,C,C,C,C,T,C,C
14342,A,A,C,A,A,T,A,A
14345,A,T,C,A,C,C,T,C
14348,C,C,T,C,T,C,T,C
14351,T,T,C,T,T,C,C,T
14354,T,C,C,C,C,C,C,C
14363,A,A,A,A,A,A,G,A
14366,T,T,C,T,C,C,T,C
14372,G,G,A,A,A,C,G,A
14376,C,C,C,T,C,C,T,C
14378,A,A,T,A,A,A,A,A
14381,C,T,T,C,C,T,C,C
14387,T,T,C,T,T,T,T,T
14388,A,A,T,A,A,T,A,A
14393,C,T,C,C,C,T,C,C
14396,A,A,A,A,A,C,A,A
14399,C,C,C,T,T,C,T,T
14402,A,A,A,A,G,A,A,A
14405,C,C,T,C,T,T,C,T
14408,A,C,T,T,A,A,A,A
14414,T,T,C,C,C,C,T,T
14417,T,T,T,T,T,T,C,C
14420,T,C,T,C,C,C,T,C
14423,C,C,T,C,C,C,C,C
14424,T,T,C,T,T,T,T,T
14429,C,T,T,T,T,C,C,T
14430,C,C,C,C,C,C,C,T
14432,T,C,C,A,A,C,T,A
14435,T,C,C,T,T,C,T,C
14438,C,A,C,C,C,A,C,C
14447,C,A,T,C,A,A,A,A
14448,T,A,A,A,A,A,A,A
14450,A,T,A,G,A,G,G,A
14453,T,C,C,T,C,C,C,C
14456,T,C,T,T,T,T,C,C
14462,A,C,C,C,C,T,C,C
14465,T,T,T,T,C,C,C,T
14466,A,G,A,A,A,A,A,A
14468,A,A,A,A,A,C,A,A
14471,T,T,C,T,C,C,C,T
14472,A,A,A,A,A,C,A,A
14480,C,A,A,A,A,A,A,A
14486,C,T,T,C,C,C,T,C
14493,G,G,G,G,G,A,G,G
14495,A,C,T,T,C,C,A,C
14496,C,C,C,C,C,G,C,C
14498,T,C,C,A,C,C,T,T
14501,A,T,A,A,A,A,A,A
14502,C,T,C,C,T,C,C,T
14504,G,A,A,A,A,A,A,A
14507,C,C,C,C,C,T,C,T
14513,C,A,A,A,A,A,A,A
14519,C,T,T,C,C,C,C,C
14522,A,A,A,A,A,C,A,A
14525,A,G,A,A,A,A,A,A
14528,T,C,C,T,C,C,T,C
14534,C,C,T,C,C,C,C,C
14537,C,T,T,T,C,C,T,T
14540,C,T,A,A,A,A,A,A
14543,T,G,T,C,G,T,C,A
14552,A,A,A,A,A,G,A,A
14564,C,C,C,T,C,C,C,C
14570,T,T,T,A,A,A,A,A
14573,C,A,A,A,C,C,C,T
14576,A,A,A,A,A,C,A,A
14579,T,A,A,A,A,A,T,A
14588,C,T,C,C,T,T,C,C
14591,C,T,T,T,T,C,C,C
14592,C,T,C,T,T,C,C,C
14600,C,T,T,T,T,T,T,A
14603,C,T,C,T,T,T,C,C
14606,A,A,C,T,T,A,A,C
14609,T,T,T,C,C,C,T,C
14612,T,C,C,C,C,T,T,C
14615,A,T,A,A,A,A,A,A
14618,A,A,A,A,G,A,A,A
14622,C,C,C,C,C,T,C,T
14624,A,A,A,T,A,A,A,A
14627,C,C,T,C,C,C,C,C
14633,A,G,A,A,A,A,G,A
14636,T,C,C,C,C,T,T,C
14642,G,T,A,T,T,A,G,T
14645,C,G,G,A,C,T,C,C
14654,A,A,A,C,A,A,A,A
14657,C,C,C,C,C,T,C,C
14660,A,A,G,A,A,A,A,G
14663,C,T,C,C,C,A,T,T
14666,C,A,A,T,T,C,C,C
14667,T,C,C,T,T,C,C,C
14669,G,A,A,A,A,A,A,A
14675,A,A,T,A,A,A,A,A
14678,C,T,C,C,C,C,C,T
14681,C,T,C,C,C,C,C,T
14684,T,T,C,C,C,T,C,C
14687,C,C,C,C,C,T,C,C
14693,C,C,T,T,T,C,C,C
14696,C,T,T,T,T,C,C,C
14697,T,C,T,C,C,T,T,T
14699,A,A,A,A,A,A,G,A
14702,A,A,A,A,A,C,A,A
14705,T,T,C,C,C,C,C,C
14708,T,C,T,T,T,C,C,C
14711,C,T,T,T,T,C,C,T
14712,G,G,G,G,G,G,G,A
14714,G,A,A,A,A,A,A,A
14717,C,C,T,C,C,C,C,T
14718,C,C,A,A,A,A,C,A
14722,C,C,T,T,T,T,C,T
14723,A,A,T,A,A,A,A,A
14726,C,T,C,T,T,T,C,T
14729,T,C,C,A,A,T,A,T
14732,C,C,C,T,T,C,C,C
14735,C,T,T,T,T,T,C,C
14738,C,A,A,A,A,A,C,A
14741,C,C,T,T,C,T,T,C
14744,C,A,C,C,T,T,C,A
14747,C,C,C,C,C,C,T,C
14756,A,G,A,A,A,A,A,A
14759,A,A,A,A,A,A,A,T
14765,C,C,C,C,C,T,C,C
14768,A,A,A,A,T,C,A,C
14774,A,A,C,C,C,C,A,C
14775,T,T,C,T,C,C,C,C
14777,A,A,A,A,A,T,A,A
14780,C,C,C,C,C,T,C,C
14786,T,C,C,C,C,C,C,C
14792,T,C,C,C,C,C,T,C
14798,T,C,C,C,C,C,T,T
14801,A,A,A,A,A,A,A,T
14804,T,C,T,C,C,T,C,C
14810,C,T,T,C,T,C,C,C
14813,C,C,C,T,T,C,C,C
14816,T,C,T,C,C,T,C,C
14819,A,A,A,A,T,A,A,T
14822,C,C,T,T,C,C,C,C
14828,T,T,T,C,C,T,T,C
14831,C,C,C,T,T,C,C,C
14832,C,T,C,T,T,C,C,C
14837,T,T,A,A,A,A,T,A
14838,A,A,G,G,G,A,A,A
14841,C,C,C,A,A,C,C,C
14843,A,T,A,C,C,A,A,A
14846,C,C,T,C,C,C,T,C
14850,T,T,C,T,T,T,T,T
14852,C,C,T,T,T,C,T,T
14853,T,C,T,C,C,T,C,C
14854,T,T,C,T,T,T,T,T
14855,A,A,A,A,A,A,A,G
14856,A,T,T,T,T,T,C,T
14858,T,C,T,T,T,T,T,T
14861,C,T,T,C,C,C,C,T
14864,A,A,A,G,G,A,A,A
14867,C,T,C,T,T,T,C,C
14868,C,T,C,T,T,C,C,C
14873,A,A,A,A,A,A,A,C
14874,T,T,C,C,C,C,T,C
14876,A,A,A,A,A,A,G,A
14879,T,T,C,C,C,T,C,T
14882,C,C,C,T,T,C,C,T
14885,A,A,A,A,A,T,A,A
14888,C,T,C,C,C,C,C,T
14892,C,T,C,T,T,C,C,T
14897,A,A,A,A,A,A,A,T
14900,C,T,C,T,T,C,C,C
14906,C,T,C,C,C,C,C,T
14909,C,C,C,C,C,C,T,C
14912,C,T,C,C,C,C,C,T
14918,A,A,A,A,A,C,A,A
14921,T,A,C,C,C,C,C,A
14924,T,T,C,T,T,C,C,C
14930,A,T,C,C,C,T,A,A
14936,C,C,C,C,C,T,C,C
14942,C,C,C,T,C,A,A,C
14945,T,C,C,C,C,C,T,C
14954,C,A,A,A,A,A,C,A
14957,A,A,A,A,G,A,A,A
14960,A,A,G,A,A,A,A,A
14963,T,T,C,T,T,T,T,C
14966,C,T,C,C,C,C,C,C
14967,C,C,C,C,C,T,C,C
14969,A,T,A,A,A,A,A,A
14972,T,T,T,T,C,C,C,C
14975,A,A,A,A,A,A,C,A
14978,C,C,C,T,T,C,C,C
14981,C,T,C,C,T,C,C,C
14984,T,C,C,C,C,T,T,T
14985,C,C,C,C,C,C,T,T
14987,A,T,A,A,A,A,A,A
14990,C,T,T,T,T,C,C,C
14993,A,C,T,C,C,C,A,T
14996,C,C,T,T,T,C,C,T
14999,C,T,T,T,T,C,C,C
15002,T,T,C,C,C,C,C,C
15014,T,G,A,A,A,A,A,A
15017,C,T,A,T,T,C,C,T
15018,C,C,C,C,C,T,T,T
15023,C,A,A,A,A,C,C,C
15024,T,C,C,C,C,C,T,C
15026,A,T,A,A,A,A,A,A
15029,C,T,C,T,T,C,C,T
15030,T,C,T,T,T,C,T,C
15035,T,C,A,C,C,C,T,C
15038,C,T,T,T,T,T,T,C
15039,C,T,T,T,T,T,C,C
15044,T,C,C,C,C,T,T,C
15045,T,T,T,C,C,C,T,C
15050,C,A,T,A,A,T,C,C
15051,C,T,T,T,T,T,C,C
15053,A,T,C,C,C,A,A,T
15054,A,T,C,C,A,C,A,T
15059,T,T,C,C,T,C,T,C
15062,C,T,T,T,T,C,T,C
15063,C,C,C,C,C,C,C,T
15065,T,T,C,C,A,T,C,A
15068,T,T,C,C,C,C,C,C
15071,C,T,C,C,C,T,T,T
15077,G,A,A,A,A,A,A,A
15083,A,A,C,A,A,A,A,A
15095,C,T,C,C,C,C,C,C
15098,C,C,C,C,C,C,C,T
15104,C,C,T,C,C,C,C,C
15107,A,C,C,C,C,T,A,C
15111,A,A,A,A,G,A,A,A
15112,T,T,T,T,T,C,T,T
15113,T,C,C,C,C,A,C,C
15114,T,C,C,C,T,T,T,T
15116,G,A,A,A,A,A,G,A
15119,C,C,C,C,T,C,T,C
15123,A,G,A,A,A,A,A,A
15125,C,A,C,C,T,C,C,T
15126,C,T,C,C,C,C,C,C
15134,C,T,C,T,T,C,A,C
15137,C,T,T,C,C,C,C,C
15141,C,T,C,T,T,C,C,T
15143,T,A,A,A,A,A,G,A
15146,C,T,C,T,C,C,C,T
15147,T,T,T,T,T,T,T,C
15152,C,C,T,T,T,T,T,T
15158,T,C,C,T,T,T,T,T
15161,G,A,A,A,A,A,A,A
15164,C,C,A,C,C,T,C,A
15179,C,C,T,T,C,C,T,C
15182,A,A,A,A,A,A,A,C
15185,T,T,C,T,C,C,C,C
15188,T,C,T,T,T,C,T,C
15191,C,C,C,C,C,C,T,C
15194,T,T,C,T,C,C,T,T
15197,C,A,T,T,T,C,C,C
15201,C,C,T,C,C,A,T,T
15206,C,C,C,C,C,C,T,C
15212,C,C,T,C,C,T,C,T
15215,A,C,C,C,A,C,A,C
15218,C,C,C,C,C,T,C,C
15222,T,A,T,A,T,T,T,T
15223,C,C,C,C,C,T,C,C
15224,A,C,T,C,A,A,G,A
15227,C,T,T,C,C,T,C,T
15231,T,T,T,C,C,C,T,T
15234,A,A,A,A,A,G,A,A
15236,T,T,T,T,C,C,C,C
15239,T,T,T,C,C,A,C,A
15242,A,G,A,A,A,A,A,A
15246,A,A,G,A,A,A,A,A
15248,C,C,C,C,T,C,C,C
15254,A,A,A,A,T,G,A,C
15257,T,C,C,T,T,T,T,T
15260,C,T,T,C,C,C,T,T
15266,C,C,T,T,T,C,C,T
15269,A,G,A,A,A,A,A,A
15270,A,A,A,A,A,T,A,A
15282,T,C,T,T,T,T,T,T
15285,C,C,C,C,C,T,C,C
15304,A,G,A,A,G,C,A,A
15305,C,C,T,T,T,T,C,T
15311,T,C,T,T,C,T,C,T
15327,T,T,T,T,T,C,T,T
15338,T,A,A,A,T,T,T,T
15339,C,T,T,T,T,T,C,C
15341,T,A,T,A,T,C,T,T
15342,C,C,C,A,C,C,C,C
15369,G,A,A,A,A,A,A,A
15370,C,C,C,C,C,T,T,C
15371,T,C,C,C,C,T,T,C
15372,A,A,T,A,A,A,A,A
15373,C,T,T,T,T,T,C,T
15378,C,C,C,C,T,C,C,C
15383,C,T,T,T,T,T,C,T
15386,G,G,A,A,G,G,G,G
15399,G,A,A,A,A,A,G,A
15406,A,A,A,A,A,G,A,A
15423,A,T,A,A,C,A,A,A
15433,T,A,A,A,A,A,T,A
15437,C,T,C,C,C,C,C,T
15447,C,T,T,T,T,T,T,T
15449,G,A,G,G,G,G,G,A
15450,T,A,A,A,A,T,T,T
15454,T,T,T,A,A,T,T,T
15455,T,T,T,T,T,C,T,T
15456,T,A,T,A,A,T,T,T
15457,A,A,A,T,T,A,A,A
15458,T,T,T,A,A,T,T,T
15459,G,G,G,T,T,G,G,G
15460,T,T,T,G,G,T,T,T
15461,A,A,A,T,T,A,A,A
15465,C,C,T,T,T,C,C,C
15475,A,A,A,A,T,A,A,T
15476,C,T,T,T,C,A,T,T
15479,T,T,T,T,T,T,T,C
15480,T,T,T,T,A,T,A,A
15482,T,C,T,T,T,T,T,T
15487,A,T,T,T,T,T,A,T
15499,T,A,A,A,A,A,A,A
15504,C,A,A,A,A,A,A,A
15505,A,A,A,A,A,A,A,T
15508,A,T,A,A,A,A,A,A
15509,A,A,T,T,T,A,T,T
15517,G,A,A,A,A,A,A,A
15518,T,T,T,T,C,T,T,T
15519,T,T,T,T,A,T,C,T
15520,C,A,T,T,T,A,T,A
15521,A,A,C,C,C,A,A,A
15522,G,G,A,A,A,G,G,C
15523,G,A,A,A,A,G,C,A
15524,T,C,C,C,C,A,A,A
15525,C,A,A,A,A,C,C,C
15526,A,C,C,C,C,A,A,A
15527,T,-,A,A,A,T,T,T
15528,A,A,A,A,A,T,A,C
15529,A,T,A,C,C,A,A,C
15530,A,A,A,A,A,A,A,T
15531,A,C,C,C,C,A,A,A
15532,T,T,T,T,T,C,C,C
15533,A,A,A,A,A,A,C,A
15535,T,A,A,A,A,T,T,T
15536,C,A,A,A,A,A,A,A
15537,A,T,A,A,A,A,C,A
15541,A,A,A,A,A,A,A,C
15542,C,C,T,T,T,C,C,C
15544,T,T,C,C,C,T,T,T
15545,A,T,A,A,A,A,A,A
15546,A,A,A,A,A,A,A,C
15547,A,-,-,-,-,-,-,-
15548,T,-,-,-,-,-,-,-
15549,C,C,A,A,A,A,C,A
15551,A,T,T,T,T,C,T,A
15552,T,T,A,T,T,A,A,A
15553,A,C,T,T,T,T,C,C
15554,T,T,A,A,A,A,A,A
15555,A,C,C,C,C,C,C,A
15556,T,T,T,C,C,T,C,T
15557,A,A,A,A,A,-,C,A
15558,T,C,C,C,C,C,A,C
15559,A,A,A,A,A,A,T,A
15560,C,A,A,A,A,A,A,A
15565,A,A,T,A,A,A,A,A
15566,A,A,A,A,A,A,A,C
15570,T,-,-,-,-,-,T,-
15571,A,-,-,-,-,-,A,-
15573,C,A,A,A,A,C,C,C
15574,T,A,T,T,T,A,A,A
15575,T,T,T,C,C,T,T,T
15576,A,C,T,T,T,T,-,T
15577,A,C,A,A,A,A,A,T
15578,A,C,A,T,T,T,A,C
15579,C,T,T,T,T,T,T,T
15585,A,T,A,A,A,A,A,T
15586,A,T,A,A,A,A,A,A
15588,C,T,T,T,T,T,T,T
15589,T,T,T,C,C,T,C,T
15594,T,C,C,C,C,C,T,C
15596,A,C,T,C,C,C,T,T
15597,T,T,T,T,T,T,T,C
15598,A,A,A,T,T,A,T,T
15599,A,A,A,A,A,C,A,C
15600,G,A,G,A,A,G,A,A
15606,A,A,A,A,A,T,A,A
15607,T,T,T,T,T,A,T,T
15608,C,C,A,A,A,C,C,C
15610,G,G,A,A,A,G,G,G
15611,T,T,T,T,T,C,T,T
15612,G,G,A,A,A,G,G,G
15613,T,T,C,T,T,T,T,T
15617,C,C,C,A,A,C,C,C
15618,T,T,G,G,G,G,T,A
15619,G,G,A,G,G,T,G,T
15626,A,A,C,C,A,A,A,A
15631,A,T,T,T,T,C,A,T
15632,C,A,A,A,A,T,C,C
15633,A,A,A,A,C,A,A,C
15642,C,T,C,C,C,C,C,C
15643,T,C,T,T,T,C,C,C
15644,C,C,C,C,C,T,C,T
15649,C,C,C,T,C,C,C,C
15669,T,T,T,T,C,T,T,T
15681,C,C,C,C,C,T,C,C
15682,T,T,C,T,T,T,T,T
15683,A,A,C,A,A,A,A,A
15707,C,C,T,C,C,C,C,C
15724,A,T,A,A,A,T,A,A
15725,A,A,T,A,T,A,A,T
15730,C,C,T,C,C,C,C,C
15751,T,T,T,T,A,T,T,T
15752,T,-,C,-,-,T,T,T
15753,A,A,A,A,A,T,A,A
15771,A,C,T,T,T,T,A,T
15772,C,C,G,G,G,G,C,G
15802,T,T,C,T,T,T,T,T
15813,C,C,C,C,T,T,C,C
15814,A,A,A,A,A,T,A,A
15864,T,A,T,T,A,T,A,A
15882,T,T,G,T,T,T,T,T
15917,C,T,T,T,T,T,C,T
15922,T,T,T,T,A,A,A,A
15923,A,A,A,A,A,A,T,A
15926,T,C,T,T,T,T,T,T
15928,G,G,G,A,A,A,A,A
15930,C,T,T,G,G,G,C,G
15931,C,C,C,T,T,T,C,T
15947,A,A,G,A,A,A,A,A
15959,A,A,T,T,A,T,A,T
15963,A,G,G,A,A,A,A,A
15967,A,A,T,A,A,A,A,A
15975,C,C,T,T,C,T,T,T
15996,G,C,G,C,G,C,G,C
16001,A,G,G,A,A,G,A,A
16012,G,T,T,A,A,G,G,G
16015,A,T,T,T,T,A,A,A
16016,A,A,G,A,A,A,G,A
16019,C,C,A,C,C,C,C,C
16020,C,A,A,A,C,C,C,C
16021,A,C,A,A,A,A,A,A
16023,T,A,T,T,T,T,T,T
16024,C,T,C,C,C,C,C,C
16025,A,C,A,A,A,A,A,A
16026,C,T,C,C,C,C,C,C
16028,T,T,A,A,A,T,C,A
16030,A,A,G,A,A,A,A,A
16032,G,G,C,G,G,G,G,G
16033,C,C,T,C,C,C,C,C
16034,T,T,A,T,T,C,T,T
16036,A,A,T,A,A,A,A,A
16037,T,T,T,T,T,A,T,T
16042,C,C,A,A,A,A,C,C
16048,T,T,T,T,C,T,T,T
16059,A,T,A,A,A,A,A,A
16060,A,A,T,C,C,C,T,T
16061,T,A,-,A,A,A,T,A
16062,G,A,A,A,A,A,T,A
16063,C,T,T,C,C,C,T,T
16065,A,A,A,A,A,T,T,A
16066,C,T,A,A,A,A,T,T
16067,T,T,T,T,T,A,T,T
16068,C,T,A,T,T,C,T,C
16071,T,T,C,T,T,T,T,T
16074,C,T,T,T,T,T,T,T
16075,A,T,T,T,T,A,A,C
16076,A,G,G,A,A,A,G,A
16078,T,T,T,A,A,T,T,T
16079,T,T,T,C,C,T,T,T
16081,T,T,T,T,T,C,T,T
16086,C,C,T,T,T,T,C,T
16087,T,-,T,-,-,C,T,C
16089,C,C,C,A,A,A,C,A
16092,A,A,A,C,C,C,A,C
16098,C,T,T,T,T,C,C,C
16099,A,T,T,T,T,C,A,A
16105,T,A,A,A,A,A,A,A
16106,C,T,T,A,A,C,C,C
16108,T,C,T,T,T,T,T,T
16110,T,T,T,T,T,C,T,T
16111,T,G,T,C,C,T,T,T
16112,A,-,A,A,A,A,A,A
16132,C,T,T,T,T,C,C,T
16133,T,C,C,C,T,T,T,T
16135,A,A,A,A,A,G,A,A
16141,T,A,A,C,C,A,T,-
16142,G,G,A,A,A,A,G,-
16143,A,T,C,C,C,C,A,A
16144,A,A,A,A,A,A,A,G
16145,A,G,C,C,C,C,A,A
16146,G,A,A,A,A,C,G,C
16147,A,-,T,T,T,T,A,A
16148,C,C,A,G,G,A,C,T
16149,A,C,A,T,T,T,A,T
16150,T,C,A,A,A,A,T,T
16151,A,T,T,A,A,A,A,A
16152,T,T,C,T,T,A,A,A
16153,A,A,T,T,T,C,A,C
16154,A,G,A,T,T,T,T,T
16155,T,C,C,T,T,T,T,T
16156,A,T,T,T,T,A,A,T
16157,T,A,C,A,A,A,T,A
16158,T,C,C,C,C,C,T,C
16159,A,T,T,T,T,T,A,T
16161,C,C,A,C,C,C,C,C
16162,T,A,A,T,T,T,T,T
16163,A,C,T,A,A,T,G,T
16164,T,T,C,C,C,G,C,A
16165,C,T,T,T,T,A,C,A
16166,A,T,A,A,A,A,A,A
16167,A,A,-,A,A,A,A,A
16168,A,C,-,A,A,T,A,C
16169,C,C,-,C,C,T,C,C
16170,C,C,-,C,C,C,C,C
16171,C,A,T,T,T,C,C,T
16172,T,A,G,G,G,T,T,T
16173,A,T,T,T,T,A,A,A
16174,T,C,C,T,T,T,T,T
16175,G,A,C,A,A,G,G,G
16176,T,C,T,C,C,T,T,T
16178,C,T,C,T,T,T,C,T
16180,G,T,A,A,A,A,G,A
16181,A,A,C,A,A,A,A,A
16183,C,C,A,C,C,C,C,C
16184,A,T,T,T,T,C,A,T
16192,T,T,A,T,T,T,T,T
16193,A,G,G,G,G,A,A,A
16198,C,A,A,A,A,A,T,A
16205,A,A,A,T,T,G,A,G
16207,G,A,A,A,A,A,G,A
16211,T,T,T,T,T,C,T,T
16213,T,C,C,T,T,C,T,C
16217,T,T,A,T,T,T,T,T
16218,T,T,C,T,T,T,T,T
16223,C,T,T,C,C,C,C,T
16224,T,C,T,T,T,T,T,C
16225,T,T,T,T,T,T,T,C
16227,T,A,T,T,T,T,T,T
16228,A,A,A,A,A,A,A,T
16232,A,A,A,A,A,A,T,A
16236,T,T,A,T,T,T,T,T
16237,A,T,A,A,A,A,A,A
16238,C,C,C,T,T,C,C,C
16239,A,A,C,C,C,A,A,A
16240,A,T,C,T,T,A,A,A
16241,A,C,C,C,C,A,A,A
16242,A,A,G,A,A,A,A,A
16243,T,G,C,T,T,T,T,T
16244,C,T,C,T,T,T,C,T
16245,A,T,C,C,C,T,A,A
16246,T,T,T,C,C,C,T,C
16247,G,A,A,G,G,A,G,A
16248,T,C,C,C,C,C,C,C
16249,T,C,C,C,C,C,C,C
16250,C,C,T,C,C,C,C,C
16252,G,A,G,G,G,A,G,A
16253,T,C,C,C,C,C,T,C
16254,G,T,T,T,T,T,T,T
16255,A,A,G,A,A,A,A,A
16256,A,A,A,A,A,G,G,G
16257,C,C,C,C,C,T,T,T
16268,A,A,A,A,A,G,A,A
16269,T,T,T,T,T,T,A,T
16270,C,A,T,T,T,C,T,T
16271,A,A,A,A,A,A,A,G
16272,T,C,C,C,C,C,C,C
16274,C,C,C,C,C,C,T,T
16275,T,T,T,T,T,C,C,A
16276,C,C,T,T,T,C,C,A
16279,T,C,T,T,T,T,C,T
16280,T,A,T,T,T,T,T,T
16281,A,T,T,T,T,A,A,A
16283,G,A,A,A,A,G,G,G
16284,C,C,T,C,C,C,C,C
16288,A,G,G,G,G,A,A,A
16289,A,G,G,G,G,A,A,A
16290,A,A,G,A,A,A,A,A
16291,C,T,C,C,C,C,C,T
16292,A,T,C,C,C,C,A,A
16293,T,T,T,T,T,T,T,C
16294,T,T,C,T,T,T,A,T
16295,A,C,C,C,C,C,A,C
16296,A,G,A,G,G,A,A,G
16297,C,C,T,T,T,C,T,C
16298,A,A,A,A,A,G,G,A
16299,A,A,A,A,A,A,A,G
