pos,ref,129S1/SvImJ,AKR/J,A/J,BALB/cJ,C3H/HeJ,C57BL/6NJ,CAST/EiJ,CBA/J,DBA/2J,FVB/NJ,LP/J,NOD/ShiLtJ,NZO/HiLtJ,PWK/PhJ,SPRET/EiJ,WSB/EiJ
53,T,T,T,T,T,T,T,T,T,T,T,T,T,T,T,C,T
55,G,G,G,G,G,G,G,T,G,G,G,G,G,A,T,-,G
97,A,A,A,A,A,A,A,A,A,A,A,A,A,A,A,G,A
131,G,G,G,G,G,G,G,G,G,G,G,G,G,G,G,A,G
160,T,T,T,T,T,T,T,T,T,T,T,T,T,T,T,A,T
165,A,A,A,A,A,A,A,C,A,A,A,A,A,A,C,C,A
348,C,C,C,C,C,C,C,T,C,C,C,C,C,C,T,T,C
361,C,C,C,C,C,C,C,C,C,C,C,C,C,C,C,T,C
455,G,G,G,G,G,G,G,A,G,G,G,G,G,G,A,A,G
572,T,T,T,T,T,T,T,C,T,T,T,T,T,T,T,T,T
611,A,A,A,A,A,A,A,A,A,A,A,A,A,A,A,G,A
716,A,A,A,A,A,A,A,A,A,A,A,A,A,A,T,A,A
798,A,A,A,A,A,A,A,A,A,A,A,A,A,A,A,T,A
816,A,A,A,A,A,A,A,A,A,A,A,A,A,A,A,G,A
817,C,C,C,C,C,C,C,C,C,C,C,C,C,C,T,C,C
837,C,C,C,C,C,C,C,C,C,C,C,C,C,C,C,T,C
933,T,T,T,T,T,T,T,T,T,T,T,T,T,T,T,C,T
947,T,T,T,T,T,T,T,A,T,T,T,T,T,T,T,T,T
953,T,T,T,T,T,T,T,T,T,T,T,T,T,T,T,C,T
961,T,T,T,T,T,T,T,T,T,T,T,T,T,T,T,C,T
964,G,G,G,G,G,G,G,A,G,G,G,G,G,G,G,A,G
1070,T,T,T,T,T,T,T,T,T,T,T,T,T,T,T,A,T
1072,T,T,T,T,T,T,T,C,T,T,T,T,T,T,T,T,T
1078,C,C,C,C,C,C,C,T,C,C,C,C,C,C,C,C,C
1079,C,C,C,C,C,C,C,C,C,C,C,C,C,C,C,T,C
1084,A,A,A,A,A,A,A,G,A,A,A,A,A,A,G,G,A
1113,C,C,C,C,C,C,C,C,C,C,C,C,C,C,C,T,C
1115,A,A,A,A,A,A,A,A,A,A,A,A,A,A,A,-,A
1130,T,T,T,T,T,T,T,T,T,T,T,T,T,T,T,C,T
1132,C,C,C,C,C,C,C,C,C,C,C,C,C,C,C,T,C
1133,T,T,T,T,T,T,T,T,T,T,T,T,T,T,T,C,T
1136,T,T,T,T,T,T,T,C,T,T,T,T,T,T,T,T,T
1137,A,A,A,A,A,A,A,A,A,A,A,A,A,A,A,T,A
1138,T,T,T,T,T,T,T,T,T,T,T,T,T,T,T,C,T
1156,T,T,T,T,T,T,T,T,T,T,T,T,T,T,T,A,T
1159,T,T,T,T,T,T,T,T,T,T,T,T,T,T,T,C,T
1216,C,C,C,C,C,C,C,C,C,C,C,C,C,C,C,T,C
1234,C,C,C,C,C,C,C,C,C,C,C,C,C,C,C,T,C
1235,T,T,T,T,T,T,T,T,T,T,T,T,T,T,T,C,T
1248,G,G,G,G,G,G,G,A,G,G,G,G,G,G,A,A,G
1251,C,C,C,C,C,C,C,C,C,C,C,C,C,C,C,T,C
1289,C,C,C,C,C,C,C,C,C,C,C,C,C,C,C,T,C
1353,A,A,A,A,A,A,A,A,A,A,A,A,A,G,A,A,A
1364,T,T,T,T,T,T,T,T,T,T,T,T,T,T,T,A,T
1450,A,A,A,A,A,A,A,G,A,A,A,A,A,A,A,A,A
1475,T,T,T,T,T,T,T,T,T,T,T,T,T,T,T,C,T
1495,C,C,C,C,C,C,C,C,C,C,C,C,C,C,T,C,C
1498,C,C,C,C,C,C,C,C,C,C,C,C,C,C,C,T,C
1519,G,G,G,G,G,G,G,A,G,G,G,G,G,A,A,A,G
1521,T,T,T,T,T,T,T,C,T,T,T,T,T,T,T,T,T
1522,T,T,T,T,T,T,T,C,T,T,T,T,T,T,T,T,T
1547,C,C,C,C,C,C,C,C,C,C,C,C,C,C,C,T,C
1583,C,C,C,C,C,C,C,C,C,C,C,C,C,C,C,T,C
1585,A,A,A,A,A,A,A,A,A,A,A,A,A,A,G,A,A
1587,A,A,A,A,A,A,A,A,A,A,A,A,A,A,A,T,A
1590,G,G,G,G,G,G,G,G,G,G,G,G,G,A,A,A,G
1592,T,T,T,T,T,T,T,T,T,T,T,T,T,T,T,C,T
1626,T,T,T,T,T,T,T,T,T,T,T,T,T,T,C,C,T
1658,C,C,C,C,C,C,C,A,C,C,C,C,C,C,C,T,C
1661,T,T,T,T,T,T,T,T,T,T,T,T,T,T,T,C,T
1666,T,T,T,T,T,T,T,T,T,T,T,T,T,T,T,C,T
1667,C,C,C,C,C,C,C,C,C,C,C,C,C,C,C,T,C
1670,T,T,T,T,T,T,T,T,T,T,T,T,T,T,T,C,T
1673,T,T,T,T,T,T,T,C,T,T,T,T,T,T,C,T,T
1679,C,C,C,C,C,C,C,C,C,C,C,C,C,C,C,T,C
1692,C,C,C,C,C,C,C,C,C,C,C,C,C,C,A,C,C
1704,T,T,T,T,T,T,T,C,T,T,T,T,T,T,T,T,T
1715,C,C,C,C,C,C,C,C,C,C,C,C,C,C,C,T,C
1756,C,C,C,C,C,C,C,C,C,C,C,C,C,C,T,T,C
1773,G,G,G,G,G,G,G,G,G,G,G,G,G,G,A,G,G
1775,G,G,G,G,G,G,G,G,G,G,G,G,G,G,A,A,G
1791,A,A,A,A,A,A,A,G,A,A,A,A,A,A,A,A,A
1810,G,G,G,G,G,G,G,G,G,G,G,G,G,G,G,A,G
1822,T,T,T,T,T,T,T,T,T,T,T,T,T,C,T,T,T
1824,A,A,A,A,A,A,A,A,A,A,A,A,A,A,A,C,A
1826,C,C,C,C,C,C,C,T,C,C,C,C,C,C,T,T,C
1828,C,C,C,C,C,C,C,C,C,C,C,C,C,C,C,T,C
1830,C,C,C,C,C,C,C,C,C,C,C,C,C,C,C,A,C
1837,T,T,T,T,T,T,T,C,T,T,T,T,T,T,T,C,T
1841,C,C,C,C,C,C,C,T,C,C,C,C,C,C,T,T,C
1842,C,C,C,C,C,C,C,C,C,C,C,C,C,C,C,T,C
1853,T,T,T,T,T,T,T,T,T,T,T,T,T,T,T,A,T
1863,C,C,C,C,C,C,C,T,C,C,C,C,C,C,C,C,C
1881,A,A,A,A,A,A,A,A,A,A,A,A,A,A,A,T,A
1893,C,C,C,C,C,C,C,T,C,C,C,C,C,C,T,T,C
1960,T,T,T,T,T,T,T,T,T,T,T,T,T,T,T,A,T
2071,c,C,C,C,C,C,C,C,C,C,C,C,C,C,C,T,C
2086,c,C,C,C,C,C,C,C,C,C,C,C,C,C,C,T,C
2144,t,T,T,T,T,T,T,T,T,T,T,T,T,T,T,C,T
2182,T,T,T,T,T,T,T,T,T,T,T,T,T,T,T,C,T
2184,T,T,T,T,T,T,T,T,T,T,T,T,T,T,T,C,T
2185,A,A,A,A,A,A,A,G,A,A,A,A,A,A,G,G,A
2197,T,T,T,T,T,T,T,T,T,T,T,T,T,T,T,C,T
2199,A,A,A,A,A,A,A,A,A,A,A,A,A,A,A,T,A
2201,T,T,T,T,T,T,T,T,T,T,T,T,T,C,T,T,T
2204,T,T,T,T,T,T,T,T,T,T,T,T,T,T,T,-,T
2232,A,A,A,A,A,A,A,A,A,A,A,A,A,A,A,G,A
2238,T,T,T,T,T,T,T,T,T,T,T,T,T,T,A,C,T
2301,T,T,T,T,T,T,T,T,T,T,T,T,T,T,T,C,T
2339,A,A,A,A,A,A,A,A,A,A,A,A,A,A,A,-,A
2340,G,G,G,G,G,G,G,A,G,G,G,G,G,A,A,A,A
2344,T,T,T,T,T,T,T,C,T,T,T,T,T,T,C,C,T
2415,T,T,T,T,T,T,T,T,T,T,T,T,T,T,T,C,T
2525,C,C,C,C,C,C,C,C,C,C,C,C,C,T,T,C,C
2553,G,G,G,G,G,G,G,G,G,G,G,G,G,G,G,A,G
2615,T,T,T,T,T,T,T,C,T,T,T,T,T,T,T,T,T
2623,T,T,T,T,T,T,T,T,T,T,T,T,T,T,T,C,T
2628,A,A,A,A,A,A,A,A,A,A,A,A,A,A,A,-,A
2635,A,A,A,A,A,A,A,A,A,A,A,A,A,A,A,T,A
2646,A,A,A,A,A,A,A,A,A,A,A,A,A,A,A,G,A
2649,C,C,C,C,C,C,C,C,C,C,C,C,C,C,C,T,C
2655,C,C,C,C,C,C,C,C,C,C,C,C,C,C,C,T,C
2656,C,C,C,C,C,C,C,C,C,C,C,C,C,C,T,C,C
2762,T,T,T,T,T,T,T,T,T,T,T,T,T,T,T,C,T
2765,T,T,T,T,T,T,T,T,T,T,T,T,T,T,T,C,T
2766,A,A,A,A,A,A,A,A,A,A,A,A,A,G,A,A,A
2767,T,T,T,T,T,T,T,T,T,T,T,T,T,C,T,T,T
2768,C,C,C,C,C,C,C,C,C,C,C,C,C,C,C,T,C
2769,C,C,C,C,C,C,C,C,C,C,C,C,C,C,C,T,C
2781,G,G,G,G,G,G,G,G,G,G,G,G,G,G,G,C,G
2783,C,C,C,C,C,C,C,C,C,C,C,C,C,C,C,A,C
2786,C,C,C,C,C,C,C,T,C,C,C,C,C,C,T,T,C
2789,T,T,T,T,T,T,T,T,T,T,T,T,T,T,T,C,T
2798,C,C,C,C,C,C,C,T,C,C,C,C,C,T,T,T,C
2801,A,A,A,A,A,A,A,A,A,A,A,A,A,A,A,G,A
2804,C,C,C,C,C,C,C,C,C,C,C,C,C,C,C,T,C
2806,T,T,T,T,T,T,T,T,T,T,T,T,T,T,T,A,T
2814,T,T,T,T,T,T,T,C,T,T,T,T,T,C,C,C,T
2840,C,C,C,C,C,C,C,T,C,C,C,C,C,T,T,C,C
2865,A,A,A,A,A,A,A,G,A,A,A,A,A,A,A,G,A
2867,T,T,T,T,T,T,T,T,T,T,T,T,T,T,T,C,T
2870,T,T,T,T,T,T,T,A,T,T,T,T,T,T,A,A,T
2873,T,T,T,T,T,T,T,T,T,T,T,T,T,T,T,C,T
2882,C,C,C,C,C,C,C,C,C,C,C,C,C,C,C,T,C
2885,T,T,T,T,T,T,T,C,T,T,T,T,T,T,C,T,T
2886,T,T,T,T,T,T,T,C,T,T,T,T,T,T,C,C,T
2900,A,A,A,A,A,A,A,A,A,A,A,A,A,A,A,G,A
2913,T,T,T,T,T,T,T,T,T,T,T,T,T,T,T,C,T
2918,T,T,T,T,T,T,T,C,T,T,T,T,T,T,T,T,T
2921,A,A,A,A,A,A,A,A,A,A,A,A,A,A,A,T,A
2934,C,C,C,C,C,C,C,C,C,C,C,C,C,T,C,C,C
2939,T,T,T,T,T,T,T,T,T,T,T,T,T,T,T,C,T
2951,T,T,T,T,T,T,T,T,T,T,T,T,T,T,C,T,T
2954,A,A,A,A,A,A,A,G,A,A,A,A,A,A,A,A,A
2957,C,C,C,C,C,C,C,C,C,C,C,C,C,C,C,T,C
2960,A,A,A,A,A,A,A,A,A,A,A,A,A,A,A,G,A
2966,T,T,T,T,T,T,T,T,T,T,T,T,T,T,T,C,T
2969,T,T,T,T,T,T,T,T,T,T,T,T,T,T,T,C,T
2975,T,T,T,T,T,T,T,T,T,T,T,T,T,T,C,A,T
2978,C,C,C,C,C,C,C,C,C,C,C,C,C,C,C,T,C
3002,T,T,T,T,T,T,T,T,T,T,T,T,T,T,T,C,T
3014,C,C,C,C,C,C,C,C,C,C,C,C,C,C,C,T,C
3026,A,A,A,A,A,A,A,A,A,A,A,A,A,A,A,T,A
3027,C,C,C,C,C,C,C,C,C,C,C,C,C,C,C,T,C
3038,T,T,T,T,T,T,T,T,T,T,T,T,T,T,C,T,T
3041,T,T,T,T,T,T,T,T,T,T,T,T,T,T,C,T,T
3048,C,C,C,C,C,C,C,T,C,C,C,C,C,C,T,C,C
3053,G,G,G,G,G,G,G,A,G,G,G,G,G,G,G,G,G
3066,T,T,T,T,T,T,T,T,T,T,T,T,T,T,T,C,T
3077,T,T,T,T,T,T,T,C,T,T,T,T,T,T,C,C,T
3089,T,T,T,T,T,T,T,C,T,T,T,T,T,T,T,T,T
3095,C,C,C,C,C,C,C,T,C,C,C,C,C,C,C,C,C
3099,C,C,C,C,C,C,C,T,C,C,C,C,C,C,C,C,C
3107,A,A,A,A,A,A,A,A,A,A,A,A,A,A,A,C,A
3140,C,C,C,C,C,C,C,C,C,C,C,C,C,C,T,C,C
3147,T,T,T,T,T,T,T,T,T,T,T,T,T,T,T,C,T
3155,C,C,C,C,C,C,C,C,C,C,C,C,C,C,T,T,C
3176,T,T,T,T,T,T,T,T,T,T,T,T,T,T,T,C,T
3191,T,T,T,T,T,T,T,T,T,T,T,T,T,T,C,C,T
3194,T,T,T,T,T,T,T,T,T,T,T,T,T,C,T,T,T
3200,T,T,T,T,T,T,T,T,T,T,T,T,T,T,C,C,T
3209,T,T,T,T,T,T,T,T,T,T,T,T,T,T,T,G,T
3212,A,A,A,A,A,A,A,A,A,A,A,A,A,A,A,G,A
3220,A,A,A,A,A,A,A,G,A,A,A,A,A,A,G,G,A
3224,A,A,A,A,A,A,A,A,A,A,A,A,A,A,A,G,A
3233,T,T,T,T,T,T,T,T,T,T,T,T,T,T,C,C,T
3234,C,C,C,C,C,C,C,C,C,C,C,C,C,C,C,T,C
3260,A,A,A,A,A,A,A,A,A,A,A,A,A,G,A,A,A
3270,T,T,T,T,T,T,T,T,T,T,T,T,T,T,T,C,T
3273,C,C,C,C,C,C,C,C,C,C,C,C,C,C,C,G,C
3275,T,T,T,T,T,T,T,A,T,T,T,T,T,T,A,A,T
3278,G,G,G,G,G,G,G,A,G,G,G,G,G,G,A,G,G
3281,A,A,A,A,A,A,A,A,A,A,A,A,A,A,A,G,A
3311,C,C,C,C,C,C,C,T,C,C,C,C,C,C,C,C,C
3314,A,A,A,A,A,A,A,A,A,A,A,A,A,A,A,C,A
3317,C,C,C,C,C,C,C,T,C,C,C,C,C,C,C,T,C
3329,A,A,A,A,A,A,A,A,A,A,A,A,A,A,T,A,A
3335,G,G,G,G,G,G,G,G,G,G,G,G,G,G,G,A,G
3338,C,C,C,C,C,C,C,C,C,C,C,C,C,C,C,A,C
3350,G,G,G,G,G,G,G,G,G,G,G,G,G,G,A,A,G
3359,A,A,A,A,A,A,A,A,A,A,A,A,A,A,A,G,A
3362,A,A,A,A,A,A,A,G,A,A,A,A,A,A,A,A,A
3365,A,A,A,A,A,A,A,A,A,A,A,A,A,A,A,T,A
3380,G,G,G,G,G,G,G,G,G,G,G,G,G,G,G,A,G
3386,C,C,C,C,C,C,C,C,C,C,C,C,C,C,C,T,C
3392,A,A,A,A,A,A,A,A,A,A,A,A,A,A,G,A,A
3404,C,C,C,C,C,C,C,C,C,C,C,C,C,C,C,T,C
3410,C,C,C,C,C,C,C,C,C,C,C,C,C,C,C,T,C
3413,G,G,G,G,G,G,G,G,G,G,G,G,G,G,G,A,G
3416,A,A,A,A,A,A,A,A,A,A,A,A,A,A,A,G,A
3422,T,T,T,T,T,T,T,T,T,T,T,T,T,C,T,C,T
3431,G,G,G,G,G,G,G,G,G,G,G,G,G,G,G,A,G
3434,C,C,C,C,C,C,C,C,C,C,C,C,C,C,C,T,C
3443,T,T,T,T,T,T,T,C,T,T,T,T,T,T,T,T,T
3455,C,C,C,C,C,C,C,C,C,C,C,C,C,C,C,T,C
3467,T,T,T,T,T,T,T,C,T,T,T,T,T,C,C,C,T
3491,C,C,C,C,C,C,C,T,C,C,C,C,C,C,C,T,C
3497,C,C,C,C,C,C,C,T,C,C,C,C,C,C,T,T,C
3500,T,T,T,T,T,T,T,T,T,T,T,T,T,T,T,C,T
3501,T,T,T,T,T,T,T,T,T,T,T,T,T,T,T,C,T
3512,C,C,C,C,C,C,C,C,C,C,C,C,C,C,C,A,C
3532,T,T,T,T,T,T,T,T,T,T,T,T,T,T,T,C,T
3537,G,G,G,G,G,G,G,A,G,G,G,G,G,G,G,G,G
3539,T,T,T,T,T,T,T,C,T,T,T,T,T,T,C,T,T
3540,C,C,C,C,C,C,C,C,C,C,C,C,C,C,C,T,C
3566,G,G,G,G,G,G,G,A,G,G,G,G,G,G,A,A,G
3569,C,C,C,C,C,C,C,C,C,C,C,C,C,C,C,T,C
3578,T,T,T,T,T,T,T,T,T,T,T,T,T,T,C,C,T
3581,T,T,T,T,T,T,T,T,T,T,T,T,T,T,T,C,T
3584,A,A,A,A,A,A,A,A,A,A,A,A,A,A,A,C,A
3587,C,C,C,C,C,C,C,C,C,C,C,C,C,C,C,T,C
3590,C,C,C,C,C,C,C,C,C,C,C,C,C,C,C,T,C
3593,T,T,T,T,T,T,T,C,T,T,T,T,T,T,C,C,T
3599,T,T,T,T,T,T,T,C,T,T,T,T,T,C,C,C,T
3605,T,T,T,T,T,T,T,T,T,T,T,T,T,T,T,A,T
3614,T,T,T,T,T,T,T,T,T,T,T,T,T,T,T,C,T
3629,T,T,T,T,T,T,T,C,T,T,T,T,T,T,T,T,T
3630,C,C,C,C,C,C,C,T,C,C,C,C,C,C,T,T,C
3635,C,C,C,C,C,C,C,T,C,C,C,C,C,C,T,C,C
3656,G,G,G,G,G,G,G,G,G,G,G,G,G,G,G,A,G
3662,T,T,T,T,T,T,T,T,T,T,T,T,T,T,T,C,T
3668,T,T,T,T,T,T,T,T,T,T,T,T,T,T,T,C,T
3689,A,A,A,A,A,A,A,G,A,A,A,A,A,A,G,G,A
3690,G,G,G,G,G,G,G,G,G,G,G,G,G,G,G,A,G
3691,T,T,T,T,T,T,T,T,T,T,T,T,T,T,T,C,T
3692,A,A,A,A,A,A,A,A,A,A,A,A,A,G,A,G,A
3695,A,A,A,A,A,A,A,A,A,A,A,A,A,A,A,T,A
3720,T,T,T,T,T,T,T,T,T,T,T,T,T,T,T,C,T
3727,A,A,A,A,A,A,A,A,A,A,A,A,A,A,A,G,A
3747,T,T,T,T,T,T,T,T,T,T,T,T,T,T,T,A,T
3757,C,C,C,C,C,C,C,T,C,C,C,C,C,C,T,T,C
3760,G,G,G,G,G,G,G,G,G,G,G,G,G,G,G,A,G
3796,c,C,C,C,C,C,C,T,C,C,C,C,C,C,C,C,C
3817,c,C,C,C,C,C,C,T,C,C,C,C,C,C,T,T,C
3836,t,T,T,T,T,T,T,T,T,T,T,T,T,T,T,C,T
3842,a,A,A,A,A,A,A,A,A,A,A,A,A,A,A,-,A
3925,C,C,C,C,C,C,C,C,C,C,C,C,C,C,T,A,C
3932,G,G,G,G,G,G,G,G,G,G,G,G,G,A,G,G,G
3933,C,C,C,C,C,C,C,G,C,C,C,C,C,C,C,C,C
3934,C,C,C,C,C,C,C,C,C,C,C,C,C,C,C,T,C
3937,C,C,C,C,C,C,C,C,C,C,C,C,C,C,T,C,C
3946,C,C,C,C,C,C,C,C,C,C,C,C,C,C,C,A,C
3952,C,C,C,C,C,C,C,C,C,C,C,C,C,C,C,T,C
3956,T,T,T,T,T,T,T,T,T,T,T,T,T,T,T,C,T
3961,T,T,T,T,T,T,T,T,T,T,T,T,T,T,T,C,T
3965,G,G,G,G,G,G,G,G,G,G,G,G,G,G,A,G,G
3970,C,C,C,C,C,C,C,C,C,C,C,C,C,C,C,T,C
3979,C,C,C,C,C,C,C,C,C,C,C,C,C,C,C,T,C
3991,A,A,A,A,A,A,A,A,A,A,A,A,A,A,A,C,A
3994,A,A,A,A,A,A,A,A,A,A,A,A,A,A,A,G,A
4012,G,G,G,G,G,G,G,G,G,G,G,G,G,G,A,A,G
4018,C,C,C,C,C,C,C,C,C,C,C,C,C,C,C,T,C
4025,C,C,C,C,C,C,C,C,C,C,C,C,C,C,C,T,C
4039,C,C,C,C,C,C,C,C,C,C,C,C,C,C,T,T,C
4048,C,C,C,C,C,C,C,T,C,C,C,C,C,C,C,T,C
4051,C,C,C,C,C,C,C,C,C,C,C,C,C,C,C,T,C
4090,C,C,C,C,C,C,C,T,C,C,C,C,C,C,C,T,C
4093,C,C,C,C,C,C,C,C,C,C,C,C,C,C,C,T,C
4099,A,A,A,A,A,A,A,A,A,A,A,A,A,A,A,C,A
4123,C,C,C,C,C,C,C,T,C,C,C,C,C,T,C,T,C
4135,C,C,C,C,C,C,C,C,C,C,C,C,C,C,C,T,C
4144,C,C,C,C,C,C,C,C,C,C,C,C,C,C,C,T,C
4150,A,A,A,A,A,A,A,A,A,A,A,A,A,A,G,A,A
4154,C,C,C,C,C,C,C,C,C,C,C,C,C,C,C,T,C
4159,A,A,A,A,A,A,A,G,A,A,A,A,A,A,A,A,A
4165,A,A,A,A,A,A,A,A,A,A,A,A,A,A,A,G,A
4166,A,A,A,A,A,A,A,A,A,A,A,A,A,A,A,G,A
4187,G,G,G,G,G,G,G,G,G,G,G,G,G,G,A,G,G
4189,T,T,T,T,T,T,T,C,T,T,T,T,T,T,C,C,T
4198,T,T,T,T,T,T,T,T,T,T,T,T,T,T,T,C,T
4213,A,A,A,A,A,A,A,A,A,A,A,A,A,A,A,G,A
4225,A,A,A,A,A,A,A,A,A,A,A,A,A,A,A,G,A
4229,C,C,C,C,C,C,C,C,C,C,C,C,C,C,C,T,C
4243,A,A,A,A,A,A,A,A,A,A,A,A,A,A,A,C,A
4256,T,T,T,T,T,T,T,C,T,T,T,T,T,T,T,C,T
4264,A,A,A,A,A,A,A,G,A,A,A,A,A,A,A,A,A
4276,G,G,G,G,G,G,G,G,G,G,G,G,G,A,G,A,G
4282,A,A,A,A,A,A,A,A,A,A,A,A,A,A,A,G,A
4285,G,G,G,G,G,G,G,G,G,G,G,G,G,G,G,A,G
4288,C,C,C,C,C,C,C,C,C,C,C,C,C,C,C,T,C
4297,T,T,T,T,T,T,T,C,T,T,T,T,T,T,T,T,T
4300,T,T,T,T,T,T,T,T,T,T,T,T,T,T,T,C,T
4306,T,T,T,T,T,T,T,T,T,T,T,T,T,T,C,C,T
4321,T,T,T,T,T,T,T,T,T,T,T,T,T,T,C,T,T
4324,T,T,T,T,T,T,T,C,T,T,T,T,T,C,C,C,T
4336,T,T,T,T,T,T,T,C,T,T,T,T,T,T,T,C,T
4342,T,T,T,T,T,T,T,C,T,T,T,T,T,T,C,C,T
4348,T,T,T,T,T,T,T,C,T,T,T,T,T,T,C,T,T
4351,C,C,C,C,C,C,C,C,C,C,C,C,C,C,C,T,C
4354,G,G,G,G,G,G,G,G,G,G,G,G,G,G,G,A,G
4360,C,C,C,C,C,C,C,C,C,C,C,C,C,C,C,T,C
4363,C,C,C,C,C,C,C,C,C,C,C,C,C,C,C,T,C
4364,T,T,T,T,T,T,T,T,T,T,T,T,T,T,T,C,T
4366,T,T,T,T,T,T,T,T,T,T,T,T,T,T,T,C,T
4387,A,A,A,A,A,A,A,G,A,A,A,A,A,A,A,A,A
4396,T,T,T,T,T,T,T,T,T,T,T,T,T,T,T,A,T
4399,T,T,T,T,T,T,T,T,T,T,T,T,T,T,T,C,T
4402,C,C,C,C,C,C,C,C,C,C,C,C,C,C,T,C,C
4408,G,G,G,G,G,G,G,A,G,G,G,G,G,A,A,A,G
4426,C,C,C,C,C,C,C,C,C,C,C,C,C,C,C,T,C
4453,C,C,C,C,C,C,C,C,C,C,C,C,C,C,T,C,C
4456,T,T,T,T,T,T,T,C,T,T,T,T,T,T,C,C,T
4471,C,C,C,C,C,C,C,C,C,C,C,C,C,C,C,T,C
4484,T,T,T,T,T,T,T,T,T,T,T,T,T,T,C,C,T
4492,T,T,T,T,T,T,T,C,T,T,T,T,T,T,T,T,T
4501,C,C,C,C,C,C,C,C,C,C,C,C,C,C,C,T,C
4504,C,C,C,C,C,C,C,C,C,C,C,C,C,C,T,C,C
4510,C,C,C,C,C,C,C,C,C,C,C,C,C,C,C,T,C
4513,C,C,C,C,C,C,C,C,C,C,C,C,C,C,C,T,C
4516,T,T,T,T,T,T,T,A,T,T,T,T,T,T,A,A,T
4528,C,C,C,C,C,C,C,C,C,C,C,C,C,C,C,T,C
4537,T,T,T,T,T,T,T,C,T,T,T,T,T,T,T,T,T
4546,T,T,T,T,T,T,T,C,T,T,T,T,T,T,C,C,T
4550,G,G,G,G,G,G,G,G,G,G,G,G,G,G,G,A,G
4551,C,C,C,C,C,C,C,T,C,C,C,C,C,C,T,T,C
4552,C,C,C,C,C,C,C,C,C,C,C,C,C,C,C,T,C
4561,C,C,C,C,C,C,C,C,C,C,C,C,C,C,C,T,C
4570,T,T,T,T,T,T,T,C,T,T,T,T,T,T,C,T,T
4579,T,T,T,T,T,T,T,T,T,T,T,T,T,T,T,C,T
4581,A,A,A,A,A,A,A,G,A,A,A,A,A,A,G,A,A
4594,C,C,C,C,C,C,C,C,C,C,C,C,C,C,C,T,C
4600,A,A,A,A,A,A,A,A,A,A,A,A,A,A,A,G,A
4624,T,T,T,T,T,T,T,C,T,T,T,T,T,T,C,C,T
4639,T,T,T,T,T,T,T,T,T,T,T,T,T,T,T,C,T
4645,C,C,C,C,C,C,C,C,C,C,C,C,C,C,C,T,C
4651,G,G,G,G,G,G,G,G,G,G,G,G,G,G,A,A,G
4655,T,T,T,T,T,T,T,T,T,T,T,T,T,T,C,C,T
4658,C,C,C,C,C,C,C,C,C,C,C,C,C,C,C,T,C
4672,C,C,C,C,C,C,C,C,C,C,C,C,C,C,T,C,C
4675,T,T,T,T,T,T,T,T,T,T,T,T,T,T,T,C,T
4678,A,A,A,A,A,A,A,A,A,A,A,A,A,A,A,G,A
4684,A,A,A,A,A,A,A,A,A,A,A,A,A,A,A,G,A
4693,C,C,C,C,C,C,C,T,C,C,C,C,C,C,T,T,C
4694,T,T,T,T,T,T,T,T,T,T,T,T,T,T,C,T,T
4699,A,A,A,A,A,A,A,A,A,A,A,A,A,A,A,T,A
4706,A,A,A,A,A,A,A,A,A,A,A,A,A,G,A,A,A
4714,C,C,C,C,C,C,C,C,C,C,C,C,C,C,C,T,C
4717,A,A,A,A,A,A,A,A,A,A,A,A,A,A,A,G,A
4720,A,A,A,A,A,A,A,G,A,A,A,A,A,A,A,G,A
4732,C,C,C,C,C,C,C,T,C,C,C,C,C,T,T,T,C
4735,C,C,C,C,C,C,C,C,C,C,C,C,C,C,C,T,C
4738,T,T,T,T,T,T,T,T,T,T,T,T,T,T,T,C,T
4744,T,T,T,T,T,T,T,C,T,T,T,T,T,T,C,T,T
4765,A,A,A,A,A,A,A,A,A,A,A,A,A,A,A,G,A
4771,T,T,T,T,T,T,T,C,T,T,T,T,T,C,C,C,T
4774,A,A,A,A,A,A,A,C,A,A,A,A,A,A,C,A,A
4789,T,T,T,T,T,T,T,T,T,T,T,T,T,T,T,C,T
4795,T,T,T,T,T,T,T,G,T,T,T,T,T,T,T,T,T
4807,T,T,T,T,T,T,T,T,T,T,T,T,T,T,C,T,T
4810,C,C,C,C,C,C,C,C,C,C,C,C,C,C,C,T,C
4813,T,T,T,T,T,T,T,C,T,T,T,T,T,T,T,T,T
4837,C,C,C,C,C,C,C,C,C,C,C,C,C,C,T,C,C
4840,T,T,T,T,T,T,T,C,T,T,T,T,T,T,T,T,T
4852,A,A,A,A,A,A,A,A,A,A,A,A,A,A,A,G,A
4879,C,C,C,C,C,C,C,C,C,C,C,C,C,C,C,T,C
4884,T,T,T,T,T,T,T,C,T,T,T,T,T,T,C,T,T
4885,A,A,A,A,A,A,A,A,A,A,A,A,A,C,A,A,A
4894,C,C,C,C,C,C,C,C,C,C,C,C,C,C,C,T,C
4900,A,A,A,A,A,A,A,A,A,A,A,A,A,A,A,G,A
4901,G,G,G,G,G,G,G,A,G,G,G,G,G,G,G,G,G
4903,T,T,T,T,T,T,T,T,T,T,T,T,T,G,T,T,T
4904,A,A,A,A,A,A,A,A,A,A,A,A,A,A,A,G,A
4906,C,C,C,C,C,C,C,C,C,C,C,C,C,C,C,T,C
4912,C,C,C,C,C,C,C,T,C,C,C,C,C,C,T,T,C
4930,A,A,A,A,A,A,A,A,A,A,A,A,A,A,A,G,A
4942,A,A,A,A,A,A,A,T,A,A,A,A,A,A,A,A,A
4947,C,C,C,C,C,C,C,T,C,C,C,C,C,C,T,C,A
4965,A,A,A,A,A,A,A,A,A,A,A,A,A,A,A,T,A
4966,C,C,C,C,C,C,C,C,C,C,C,C,C,C,C,A,C
4973,G,G,G,G,G,G,G,G,G,G,G,G,G,G,G,A,G
4976,A,A,A,A,A,A,A,A,A,A,A,A,A,A,A,G,A
4988,C,C,C,C,C,C,C,T,C,C,C,C,C,C,C,C,C
5001,A,A,A,A,A,A,A,A,A,A,A,A,A,A,A,G,A
5034,T,T,T,T,T,T,T,T,T,T,T,T,T,T,T,C,T
5035,C,C,C,C,C,C,C,C,C,C,C,C,C,C,C,T,C
5088,A,A,A,A,A,A,A,G,A,A,A,A,A,A,A,A,A
5118,A,A,A,A,A,A,A,A,A,A,A,A,A,A,A,T,A
5171,G,G,G,G,G,G,G,G,G,G,G,G,G,G,G,A,G
5282,T,T,T,T,T,T,T,T,T,T,T,T,T,T,T,C,T
5289,T,T,T,T,T,T,T,T,T,T,T,T,T,T,C,T,T
5335,T,T,T,T,T,T,T,T,T,T,T,C,T,T,T,T,T
5342,T,T,T,T,T,T,T,T,T,T,T,T,T,T,T,C,T
5363,C,C,C,C,C,C,C,C,C,C,C,C,C,C,C,T,C
5381,C,C,C,C,C,C,C,A,C,C,C,C,C,C,A,G,C
5385,C,C,C,C,C,C,C,C,C,C,C,C,C,C,C,T,C
5393,C,C,C,C,C,C,C,C,C,C,C,C,C,C,T,C,C
5405,G,G,G,G,G,G,G,G,G,G,G,G,G,G,G,A,G
5414,G,G,G,G,G,G,G,A,G,G,G,G,G,G,A,A,G
5417,T,T,T,T,T,T,T,T,T,T,T,T,T,T,C,T,T
5420,T,T,T,T,T,T,T,T,T,T,T,T,T,T,C,T,T
5423,A,A,A,A,A,A,A,A,A,A,A,A,A,A,A,C,A
5463,G,G,G,G,G,G,G,G,G,G,G,G,G,A,G,G,G
5468,T,T,T,T,T,T,T,T,T,T,T,T,T,T,T,C,T
5489,C,C,C,C,C,C,C,T,C,C,C,C,C,C,C,T,C
5498,C,C,C,C,C,C,C,T,C,C,C,C,C,C,C,C,C
5513,T,T,T,T,T,T,T,T,T,T,T,T,T,T,T,A,T
5531,C,C,C,C,C,C,C,C,C,C,C,C,C,C,C,T,C
5537,A,A,A,A,A,A,A,A,A,A,A,A,A,A,A,T,A
5552,T,T,T,T,T,T,T,C,T,T,T,T,T,C,T,T,T
5588,C,C,C,C,C,C,C,T,C,C,C,C,C,C,T,T,C
5600,T,T,T,T,T,T,T,T,T,T,T,T,T,T,T,C,T
5603,A,A,A,A,A,A,A,A,A,A,A,A,A,A,A,G,A
5633,T,T,T,T,T,T,T,T,T,T,T,T,T,T,T,C,T
5639,C,C,C,C,C,C,C,C,C,C,C,C,C,C,T,T,C
5645,A,A,A,A,A,A,A,A,A,A,A,A,A,A,A,C,A
5654,T,T,T,T,T,T,T,T,T,T,T,T,T,T,T,C,T
5657,C,C,C,C,C,C,C,C,C,C,C,C,C,C,C,T,C
5681,A,A,A,A,A,A,A,A,A,A,A,A,A,A,A,T,A
5717,A,A,A,A,A,A,A,A,A,A,A,A,A,A,A,T,A
5759,C,C,C,C,C,C,C,T,C,C,C,C,C,C,C,C,C
5781,T,T,T,T,T,T,T,T,T,T,T,T,T,T,T,C,T
5786,T,T,T,T,T,T,T,C,T,T,T,T,T,T,T,T,T
5789,A,A,A,A,A,A,A,G,A,A,A,A,A,A,G,A,A
5792,G,G,G,G,G,G,G,G,G,G,G,G,G,G,G,T,G
5795,A,A,A,A,A,A,A,A,A,A,A,A,A,A,G,G,A
5810,A,A,A,A,A,A,A,A,A,A,A,A,A,A,A,T,A
5828,T,T,T,T,T,T,T,C,T,T,T,T,T,T,C,C,T
5837,C,C,C,C,C,C,C,C,C,C,C,C,C,C,C,T,C
5840,G,G,G,G,G,G,G,G,G,G,G,G,G,G,G,A,G
5855,A,A,A,A,A,A,A,G,A,A,A,A,A,A,A,A,A
5861,G,G,G,G,G,G,G,A,G,G,G,G,G,G,A,G,G
5870,T,T,T,T,T,T,T,T,T,T,T,T,T,T,T,C,T
5876,A,A,A,A,A,A,A,A,A,A,A,A,A,A,A,C,A
5882,C,C,C,C,C,C,C,C,C,C,C,C,C,C,C,A,C
5903,C,C,C,C,C,C,C,C,C,C,C,C,C,C,C,T,C
5906,A,A,A,A,A,A,A,A,A,A,A,A,A,A,G,A,A
5909,G,G,G,G,G,G,G,G,G,G,G,G,G,G,A,A,G
5916,T,T,T,T,T,T,T,T,T,T,T,T,T,T,T,C,T
5930,G,G,G,G,G,G,G,A,G,G,G,G,G,A,A,A,G
5954,A,A,A,A,A,A,A,A,A,A,A,A,A,A,A,G,A
5955,C,C,C,C,C,C,C,C,C,C,C,C,C,C,C,T,C
5972,A,A,A,A,A,A,A,A,A,A,A,A,A,A,A,T,A
5990,T,T,T,T,T,T,T,T,T,T,T,T,T,T,C,T,T
6005,G,G,G,G,G,G,G,G,G,G,G,G,G,G,A,G,G
6023,G,G,G,G,G,G,G,A,G,G,G,G,G,G,A,A,G
6026,T,T,T,T,T,T,T,T,T,T,T,T,T,T,C,T,T
6029,G,G,G,G,G,G,G,G,G,G,G,G,G,G,A,A,G
6038,C,C,C,C,C,C,C,C,C,C,C,C,C,C,C,T,C
6041,T,T,T,T,T,T,T,T,T,T,T,T,T,C,T,C,T
6044,G,G,G,G,G,G,G,C,G,G,G,G,G,G,G,C,G
6065,T,T,T,T,T,T,T,C,T,T,T,T,T,T,T,T,T
6068,C,C,C,C,C,C,C,C,C,C,C,C,C,C,C,T,C
6071,C,C,C,C,C,C,C,C,C,C,C,C,C,C,C,T,C
6080,T,T,T,T,T,T,T,T,T,T,T,T,T,T,T,C,T
6095,T,T,T,T,T,T,T,T,T,T,T,T,T,T,T,C,T
6101,T,T,T,T,T,T,T,A,T,T,T,T,T,T,T,T,T
6104,T,T,T,T,T,T,T,T,T,T,T,T,T,T,T,C,T
6107,C,C,C,C,C,C,C,C,C,C,C,C,C,C,T,C,C
6110,C,C,C,C,C,C,C,C,C,C,C,C,C,C,C,T,C
6113,C,C,C,C,C,C,C,T,C,C,C,C,C,C,C,T,C
6116,A,A,A,A,A,A,A,G,A,A,A,A,A,A,A,A,A
6128,T,T,T,T,T,T,T,T,T,T,T,T,T,T,T,C,T
6137,T,T,T,T,T,T,T,T,T,T,T,T,T,T,T,C,T
6152,A,A,A,A,A,A,A,A,A,A,A,A,A,A,A,G,A
6164,T,T,T,T,T,T,T,T,T,T,T,T,T,T,T,C,T
6170,C,C,C,C,C,C,C,T,C,C,C,C,C,C,C,C,C
6173,T,T,T,T,T,T,T,C,T,T,T,T,T,T,T,C,T
6188,A,A,A,A,A,A,A,A,A,A,A,A,A,A,T,A,A
6197,C,C,C,C,C,C,C,C,C,C,C,C,C,C,C,T,C
6216,T,T,T,T,T,T,T,T,T,T,T,T,T,T,T,C,T
6218,A,A,A,A,A,A,A,A,A,A,A,A,A,A,A,G,A
6221,T,T,T,T,T,T,T,T,T,T,T,T,T,T,T,C,T
6263,C,C,C,C,C,C,C,C,C,C,C,C,C,C,T,C,C
6281,C,C,C,C,C,C,C,C,C,C,C,C,C,C,C,T,C
6284,A,A,A,A,A,A,A,A,A,A,A,A,A,A,G,A,A
6308,A,A,A,A,A,A,A,A,A,A,A,A,A,A,A,G,A
6317,T,T,T,T,T,T,T,T,T,T,T,T,T,T,T,C,T
6332,T,T,T,T,T,T,T,C,T,T,T,T,T,T,T,C,T
6341,A,A,A,A,A,A,A,A,A,A,A,A,A,A,A,G,A
6350,C,C,C,C,C,C,C,T,C,C,C,C,C,C,T,C,C
6371,T,T,T,T,T,T,T,C,T,T,T,T,T,T,T,T,T
6377,T,T,T,T,T,T,T,T,T,T,T,T,T,T,T,C,T
6384,C,C,C,C,C,C,C,C,C,C,C,C,C,C,T,C,C
6386,A,A,A,A,A,A,A,A,A,A,A,A,A,A,A,T,A
6398,T,T,T,T,T,T,T,T,T,T,T,T,T,T,T,C,T
6399,T,T,T,T,T,T,T,C,T,T,T,T,T,T,C,C,T
6404,C,C,C,C,C,C,C,C,C,C,C,C,C,C,C,T,C
6407,C,C,C,C,C,C,C,C,C,C,C,C,C,T,C,T,C
6410,A,A,A,A,A,A,A,A,A,A,A,A,A,A,A,T,A
6422,C,C,C,C,C,C,C,C,C,C,C,C,C,C,C,T,C
6425,G,G,G,G,G,G,G,A,G,G,G,G,G,G,G,G,G
6428,T,T,T,T,T,T,T,T,T,T,T,T,T,T,T,C,T
6434,T,T,T,T,T,T,T,T,T,T,T,T,T,T,T,C,T
6461,C,C,C,C,C,C,C,T,C,C,C,C,C,C,T,T,C
6468,C,C,C,C,C,C,C,C,C,C,C,C,C,C,C,T,C
6470,A,A,A,A,A,A,A,A,A,A,A,A,A,G,A,A,A
6473,A,A,A,A,A,A,A,A,A,A,A,A,A,A,A,T,A
6476,G,G,G,G,G,G,G,G,G,G,G,G,G,G,G,A,G
6485,G,G,G,G,G,G,G,G,G,G,G,G,G,G,G,A,G
6488,T,T,T,T,T,T,T,C,T,T,T,T,T,T,T,T,T
6506,T,T,T,T,T,T,T,C,T,T,T,T,T,T,C,T,T
6522,T,T,T,T,T,T,T,T,T,T,T,T,T,T,T,C,T
6535,T,T,T,T,T,T,T,T,T,T,T,T,T,T,T,A,T
6548,C,C,C,C,C,C,C,C,C,C,C,C,C,C,C,T,C
6575,C,C,C,C,C,C,C,C,C,C,C,C,C,T,C,C,C
6578,A,A,A,A,A,A,A,G,A,A,A,A,A,A,A,A,A
6620,G,G,G,G,G,G,G,A,G,G,G,G,G,A,A,A,G
6623,C,C,C,C,C,C,C,C,C,C,C,C,C,C,C,T,C
6632,A,A,A,A,A,A,A,A,A,A,A,A,A,A,A,T,A
6662,T,T,T,T,T,T,T,T,T,T,T,T,T,T,T,C,T
6692,T,T,T,T,T,T,T,T,T,T,T,T,T,T,T,G,T
6698,A,A,A,A,A,A,A,A,A,A,A,A,A,A,A,G,A
6704,T,T,T,T,T,T,T,T,T,T,T,T,T,T,T,C,T
6722,T,T,T,T,T,T,T,T,T,T,T,T,T,T,T,A,T
6728,C,C,C,C,C,C,C,C,C,C,C,C,C,C,C,T,C
6731,G,G,G,G,G,G,G,A,G,G,G,G,G,G,G,A,G
6743,T,T,T,T,T,T,T,T,T,T,T,T,T,T,T,C,T
6749,G,G,G,G,G,G,G,G,G,G,G,G,G,G,G,A,G
6785,G,G,G,G,G,G,G,A,G,G,G,G,G,A,A,A,G
6791,T,T,T,T,T,T,T,C,T,T,T,T,T,T,C,C,T
6830,A,A,A,A,A,A,A,A,A,A,A,A,A,A,A,C,A
6833,T,T,T,T,T,T,T,T,T,T,T,T,T,T,T,C,T
6842,C,C,C,C,C,C,C,C,C,C,C,C,C,C,T,C,C
6845,G,G,G,G,G,G,G,G,G,G,G,G,G,G,G,A,G
6848,A,A,A,A,A,A,A,G,A,A,A,A,A,A,A,G,A
6857,T,T,T,T,T,T,T,C,T,T,T,T,T,T,T,T,T
6860,A,A,A,A,A,A,A,A,A,A,A,A,A,A,A,G,A
6896,a,A,A,A,A,A,A,A,A,A,A,A,A,A,A,T,A
6915,t,T,T,T,T,T,T,T,T,T,T,T,T,T,T,C,T
6957,T,T,T,T,T,T,T,T,T,T,T,T,T,T,T,-,T
6976,A,A,A,A,A,A,A,A,A,A,A,A,A,A,A,G,A
6992,T,T,T,T,T,T,T,C,T,T,T,T,T,T,T,C,T
6993,C,C,C,C,C,C,C,C,C,C,C,C,C,C,C,T,C
6996,T,T,T,T,T,T,T,C,T,T,T,T,T,T,T,A,T
6997,A,A,A,A,A,A,A,A,A,A,A,A,A,A,A,G,A
7012,T,T,T,T,T,T,T,T,T,T,T,T,T,T,T,C,T
7033,T,T,T,T,T,T,T,T,T,T,T,T,T,T,T,A,T
7037,C,C,C,C,C,C,C,T,C,C,C,C,C,C,C,T,C
7057,T,T,T,T,T,T,T,T,T,T,T,T,T,T,T,C,T
7069,G,G,G,G,G,G,G,A,G,G,G,G,G,G,A,A,G
7074,T,T,T,T,T,T,T,T,T,T,T,T,T,T,T,C,T
7084,T,T,T,T,T,T,T,T,T,T,T,T,T,T,T,C,T
7087,T,T,T,T,T,T,T,T,T,T,T,T,T,T,T,C,T
7094,C,C,C,C,C,C,C,C,C,C,C,C,C,C,C,T,C
7105,T,T,T,T,T,T,T,T,T,T,T,T,T,T,T,C,T
7132,T,T,T,T,T,T,T,T,T,T,T,T,T,T,T,C,T
7135,C,C,C,C,C,C,C,T,C,C,C,C,C,C,C,T,C
7138,C,C,C,C,C,C,C,C,C,C,C,C,C,C,C,T,C
7141,G,G,G,G,G,G,G,G,G,G,G,G,G,G,G,A,G
7148,T,T,T,T,T,T,T,T,T,T,T,T,T,T,C,T,T
7183,T,T,T,T,T,T,T,T,T,T,T,T,T,T,C,T,T
7210,T,T,T,T,T,T,T,T,T,T,T,T,T,T,T,C,T
7214,C,C,C,C,C,C,C,C,C,C,C,C,C,C,T,C,C
7216,A,A,A,A,A,A,A,A,A,A,A,A,A,A,A,G,A
7222,T,T,T,T,T,T,T,T,T,T,T,T,T,T,T,C,T
7234,C,C,C,C,C,C,C,C,C,C,C,C,C,C,C,T,C
7243,T,T,T,T,T,T,T,C,T,T,T,T,T,T,C,T,T
7249,C,C,C,C,C,C,C,C,C,C,C,C,C,C,C,T,C
7262,C,C,C,C,C,C,C,C,C,C,C,C,C,C,C,T,C
7264,A,A,A,A,A,A,A,A,A,A,A,A,A,A,G,A,A
7270,A,A,A,A,A,A,A,A,A,A,A,A,A,A,A,G,A
7282,C,C,C,C,C,C,C,C,C,C,C,C,C,C,C,T,C
7285,C,C,C,C,C,C,C,C,C,C,C,C,C,C,C,T,C
7294,A,A,A,A,A,A,A,A,A,A,A,A,A,A,A,C,A
7303,T,T,T,T,T,T,T,C,T,T,T,T,T,T,T,G,T
7306,A,A,A,A,A,A,A,A,A,A,A,A,A,A,A,G,A
7315,G,G,G,G,G,G,G,G,G,G,G,G,G,G,A,A,G
7318,C,C,C,C,C,C,C,C,C,C,C,C,C,C,C,T,C
7321,A,A,A,A,A,A,A,A,A,A,A,A,A,A,A,G,A
7339,A,A,A,A,A,A,A,G,A,A,A,A,A,A,A,G,A
7352,G,G,G,G,G,G,G,G,G,G,G,G,G,G,G,G,C
7354,A,A,A,A,A,A,A,A,A,A,A,A,A,A,A,G,A
7369,T,T,T,T,T,T,T,T,T,T,T,T,T,T,T,C,T
7375,T,T,T,T,T,T,T,C,T,T,T,T,T,T,T,C,T
7381,C,C,C,C,C,C,C,C,C,C,C,C,C,C,C,T,C
7390,C,C,C,C,C,C,C,C,C,C,C,C,C,C,C,T,C
7394,C,C,C,C,C,C,C,C,C,C,C,C,C,C,C,T,C
7396,A,A,A,A,A,A,A,A,A,A,A,A,A,A,A,G,A
7405,T,T,T,T,T,T,T,T,T,T,T,T,T,T,T,C,T
7411,A,A,A,A,A,A,A,A,A,A,A,A,A,G,A,A,A
7417,G,G,G,G,G,G,G,G,G,G,G,G,G,G,G,A,G
7429,T,T,T,T,T,T,T,T,T,T,T,T,T,T,T,C,T
7441,T,T,T,T,T,T,T,T,T,T,T,T,T,T,T,C,T
7444,G,G,G,G,G,G,G,G,G,G,G,G,G,G,G,A,G
7468,A,A,A,A,A,A,A,A,A,A,A,A,A,A,A,G,A
7469,T,T,T,T,T,T,T,T,T,T,T,T,T,T,T,C,T
7474,T,T,T,T,T,T,T,C,T,T,T,T,T,T,C,C,T
7480,T,T,T,T,T,T,T,T,T,T,T,T,T,T,T,C,T
7486,C,C,C,C,C,C,C,C,C,C,C,C,C,C,C,T,C
7489,C,C,C,C,C,C,C,T,C,C,C,C,C,C,T,C,C
7495,C,C,C,C,C,C,C,C,C,C,C,C,C,C,C,T,C
7504,A,A,A,A,A,A,A,C,A,A,A,A,A,A,C,T,A
7507,C,C,C,C,C,C,C,C,C,C,C,C,C,C,C,G,C
7513,C,C,C,C,C,C,C,A,C,C,C,C,C,C,A,A,C
7522,T,T,T,T,T,T,T,T,T,T,T,T,T,T,T,A,T
7528,T,T,T,T,T,T,T,T,T,T,T,T,T,T,T,C,T
7531,T,T,T,T,T,T,T,T,T,T,T,T,T,T,T,C,T
7549,A,A,A,A,A,A,A,A,A,A,A,A,A,A,A,G,A
7565,A,A,A,A,A,A,A,A,A,A,A,A,A,A,G,A,A
7582,G,G,G,G,G,G,G,G,G,G,G,G,G,G,A,A,G
7591,T,T,T,T,T,T,T,T,T,T,T,T,T,T,T,C,T
7612,T,T,T,T,T,T,T,T,T,T,T,T,T,T,T,C,T
7633,G,G,G,G,G,G,G,A,G,G,G,G,G,G,A,A,G
7645,A,A,A,A,A,A,A,A,A,A,A,A,A,A,A,T,A
7651,G,G,G,G,G,G,G,A,G,G,G,G,G,G,G,G,G
7669,C,C,C,C,C,C,C,C,C,C,C,C,C,C,C,T,C
7697,T,T,T,T,T,T,T,T,T,T,T,T,T,T,T,A,T
7698,T,T,T,T,T,T,T,T,T,T,T,T,T,T,C,C,T
7738,T,T,T,T,T,T,T,T,T,T,T,T,T,T,T,A,T
7749,A,A,A,A,A,A,A,A,A,A,A,A,A,A,A,T,A
7778,G,G,G,G,G,G,G,G,G,G,T,G,G,G,G,G,G
7807,C,C,C,C,C,C,C,C,C,C,C,C,C,C,A,T,C
7831,C,C,C,C,C,C,C,C,C,C,C,C,C,C,C,T,C
7834,A,A,A,A,A,A,A,A,A,A,A,A,A,A,A,G,A
7870,G,G,G,G,G,G,G,A,G,G,G,G,G,A,A,G,G
7885,A,A,A,A,A,A,A,A,A,A,A,A,A,A,A,G,A
7887,C,C,C,C,C,C,C,C,C,C,C,C,C,C,C,T,C
7891,A,A,A,A,A,A,A,G,A,A,A,A,A,A,A,A,A
7923,T,T,T,T,T,T,T,T,T,T,T,T,T,T,T,C,T
7977,C,C,C,C,C,C,C,C,C,C,C,C,C,C,C,T,C
7986,T,T,T,T,T,T,T,T,T,T,T,T,T,T,T,C,T
8010,A,A,A,A,A,A,A,T,A,A,A,A,A,A,T,T,A
8019,C,C,C,C,C,C,C,T,C,C,C,C,C,C,C,T,C
8040,C,C,C,C,C,C,C,C,C,C,C,C,C,C,C,T,C
8049,T,T,T,T,T,T,T,A,T,T,T,T,T,T,A,A,T
8074,G,G,G,G,G,G,G,A,G,G,G,G,G,G,A,A,G
8088,C,C,C,C,C,C,C,T,C,C,C,C,C,C,C,T,C
8100,G,G,G,G,G,G,G,G,G,G,G,G,G,G,G,A,G
8106,C,C,C,C,C,C,C,C,C,C,C,C,C,C,T,T,C
8124,A,A,A,A,A,A,A,G,A,A,A,A,A,A,G,G,A
8133,C,C,C,C,C,C,C,C,C,C,C,C,C,C,C,T,C
8134,C,C,C,C,C,C,C,C,C,C,C,C,C,C,C,T,C
8139,A,A,A,A,A,A,A,A,A,A,A,A,A,A,A,G,A
8142,T,T,T,T,T,T,T,T,T,T,T,T,T,T,T,C,T
8145,T,T,T,T,T,T,T,T,T,T,T,T,T,T,C,A,T
8154,C,C,C,C,C,C,C,C,C,C,C,C,C,C,C,T,C
8208,T,T,T,T,T,T,T,C,T,T,T,T,T,T,C,T,T
8211,T,T,T,T,T,T,T,C,T,T,T,T,T,T,T,T,T
8223,C,C,C,C,C,C,C,C,C,C,C,C,C,C,T,C,C
8229,T,T,T,T,T,T,T,T,T,T,T,T,T,T,T,C,T
8232,A,A,A,A,A,A,A,T,A,A,A,A,A,A,A,A,A
8238,A,A,A,A,A,A,A,A,A,A,A,A,A,A,A,G,A
8244,T,T,T,T,T,T,T,T,T,T,T,T,T,T,T,C,T
8247,A,A,A,A,A,A,A,A,A,A,A,A,A,A,T,A,A
8259,A,A,A,A,A,A,A,A,A,A,A,A,A,A,A,G,A
8274,C,C,C,C,C,C,C,C,C,C,C,C,C,C,C,A,C
8277,C,C,C,C,C,C,C,C,C,C,C,C,C,C,C,T,C
8283,C,C,C,C,C,C,C,C,C,C,C,C,C,C,C,T,C
8298,A,A,A,A,A,A,A,A,A,A,A,A,A,A,A,C,A
8301,T,T,T,T,T,T,T,T,T,T,T,T,T,T,C,T,T
8325,T,T,T,T,T,T,T,T,T,T,T,T,T,T,T,C,T
8331,T,T,T,T,T,T,T,T,T,T,T,T,T,T,C,T,T
8340,T,T,T,T,T,T,T,T,T,T,T,T,T,T,T,C,T
8358,T,T,T,T,T,T,T,T,T,T,T,T,T,T,T,C,T
8385,A,A,A,A,A,A,A,A,A,A,A,A,A,A,A,C,A
8403,G,G,G,G,G,G,G,G,G,G,G,G,G,G,G,A,G
8406,T,T,T,T,T,T,T,T,T,T,T,T,T,T,T,A,T
8418,T,T,T,T,T,T,T,T,T,T,T,T,T,T,T,C,T
8421,T,T,T,T,T,T,T,C,T,T,T,T,T,T,C,C,T
8439,A,A,A,A,A,A,A,G,A,A,A,A,A,G,A,A,A
8454,A,A,A,A,A,A,A,A,A,A,A,A,A,A,A,G,A
8460,T,T,T,T,T,T,T,T,T,T,T,T,T,T,A,T,T
8467,T,T,T,T,T,T,T,C,T,T,T,T,T,C,C,C,T
8475,T,T,T,T,T,T,T,T,T,T,T,T,T,T,T,C,T
8484,A,A,A,A,A,A,A,A,A,A,A,A,A,A,A,G,A
8520,A,A,A,A,A,A,A,A,A,A,A,A,A,A,A,T,A
8523,C,C,C,C,C,C,C,C,C,C,C,C,C,C,C,T,C
8527,A,A,A,A,A,A,A,A,A,A,A,A,A,A,A,G,A
8529,T,T,T,T,T,T,T,T,T,T,T,T,T,T,T,C,T
8538,T,T,T,T,T,T,T,C,T,T,T,T,T,T,C,T,T
8568,C,C,C,C,C,C,C,C,C,C,C,C,C,T,C,T,C
8575,C,C,C,C,C,C,C,C,C,C,C,C,C,C,C,T,C
8589,T,T,T,T,T,T,T,T,T,T,T,T,T,T,T,C,T
8590,C,C,C,C,C,C,C,C,C,C,C,C,C,C,C,T,C
8598,T,T,T,T,T,T,T,T,T,T,T,T,T,T,T,C,T
8612,C,C,C,C,C,C,C,T,C,C,C,C,C,C,C,C,C
8642,T,T,T,T,T,T,T,C,T,T,T,T,T,T,T,C,T
8663,T,T,T,T,T,T,T,T,T,T,T,T,T,T,T,C,T
8669,C,C,C,C,C,C,C,C,C,C,C,C,C,C,C,A,C
8699,A,A,A,A,A,A,A,A,A,A,A,A,A,A,A,G,A
8719,A,A,A,A,A,A,A,G,A,A,A,A,A,A,A,G,A
8726,T,T,T,T,T,T,T,T,T,T,T,T,T,T,T,C,T
8732,A,A,A,A,A,A,A,A,A,A,A,A,A,A,A,G,A
8735,A,A,A,A,A,A,A,A,A,A,A,A,A,A,A,G,A
8747,A,A,A,A,A,A,A,A,A,A,A,A,A,A,G,A,A
8789,A,A,A,A,A,A,A,A,A,A,A,A,A,A,A,T,A
8792,T,T,T,T,T,T,T,T,T,T,T,T,T,T,T,C,T
8816,C,C,C,C,C,C,C,C,C,C,C,C,C,C,C,T,C
8828,T,T,T,T,T,T,T,T,T,T,T,T,T,T,T,C,T
8843,A,A,A,A,A,A,A,A,A,A,A,A,A,A,A,T,A
8849,T,T,T,T,T,T,T,C,T,T,T,T,T,T,C,T,T
8855,A,A,A,A,A,A,A,A,A,A,A,A,A,A,A,G,A
8858,T,T,T,T,T,T,T,C,T,T,T,T,T,C,C,C,T
8861,A,A,A,A,A,A,A,A,A,A,A,A,A,A,A,G,A
8864,C,C,C,C,C,C,C,C,C,C,C,C,C,T,C,T,C
8867,C,C,C,C,C,C,C,C,C,C,C,C,C,C,C,T,C
8873,G,G,G,G,G,G,G,G,G,G,G,G,G,G,G,A,G
8882,T,T,T,T,T,T,T,C,T,T,T,T,T,T,C,C,T
8885,C,C,C,C,C,C,C,C,C,C,C,C,C,C,C,T,C
8889,G,G,G,G,G,A,G,G,G,G,G,G,G,G,G,G,G
8897,C,C,C,C,C,C,C,C,C,C,C,C,C,C,C,T,C
8906,G,G,G,G,G,G,G,G,G,G,G,G,G,G,G,T,G
8942,A,A,A,A,A,A,A,A,A,A,A,A,A,A,A,T,A
8948,C,C,C,C,C,C,C,C,C,C,C,C,C,C,C,T,C
8984,T,T,T,T,T,T,T,T,T,T,T,T,T,T,T,C,T
8990,A,A,A,A,A,A,A,A,A,A,A,A,A,A,A,G,A
8993,C,C,C,C,C,C,C,C,C,C,C,C,C,C,C,T,C
9002,T,T,T,T,T,T,T,C,T,T,T,T,T,T,T,C,T
9008,T,T,T,T,T,T,T,A,T,T,T,T,T,T,A,A,T
9029,T,T,T,T,T,T,T,T,T,T,T,T,T,T,T,A,T
9038,T,T,T,T,T,T,T,T,T,T,T,T,T,T,T,C,T
9047,T,T,T,T,T,T,T,C,T,T,T,T,T,T,T,T,T
9050,T,T,T,T,T,T,T,T,T,T,T,T,T,T,T,C,T
9056,C,C,C,C,C,C,C,C,C,C,C,C,C,C,C,T,C
9059,T,T,T,T,T,T,T,T,T,T,T,T,T,T,T,A,T
9071,A,A,A,A,A,A,A,A,A,A,A,A,A,A,A,G,A
9077,C,C,C,C,C,C,C,T,C,C,C,C,C,C,T,C,C
9080,C,C,C,C,C,C,C,T,C,C,C,C,C,C,T,T,C
9093,C,C,C,C,C,C,C,C,C,C,C,C,C,C,T,C,C
9110,A,A,A,A,A,A,A,A,A,A,A,A,A,A,A,T,A
9128,C,C,C,C,C,C,C,T,C,C,C,C,C,C,C,C,C
9134,C,C,C,C,C,C,C,C,C,C,C,C,C,C,C,A,C
9137,A,A,A,A,A,A,A,G,A,A,A,A,A,G,G,A,A
9140,T,T,T,T,T,T,T,T,T,T,T,T,T,T,C,T,T
9152,T,T,T,T,T,T,T,T,T,T,T,T,T,C,T,T,T
9161,A,A,A,A,A,A,A,A,A,A,A,A,A,A,C,A,A
9173,A,A,A,A,A,A,A,A,A,A,A,A,A,A,T,A,A
9176,T,T,T,T,T,T,T,T,T,T,T,T,T,T,T,C,T
9182,C,C,C,C,C,C,C,T,C,C,C,C,C,C,C,T,C
9188,T,T,T,T,T,T,T,A,T,T,T,T,T,T,A,A,T
9191,T,T,T,T,T,T,T,C,T,T,T,T,T,T,T,A,T
9203,G,G,G,G,G,G,G,G,G,G,G,G,G,G,G,A,G
9206,T,T,T,T,T,T,T,T,T,T,T,T,T,T,T,C,T
9224,C,C,C,C,C,C,C,C,C,C,C,C,C,C,C,A,C
9236,T,T,T,T,T,T,T,T,T,T,T,T,T,T,T,C,T
9287,C,C,C,C,C,C,C,C,C,C,C,C,C,C,T,T,C
9305,C,C,C,C,C,C,C,C,C,C,C,C,C,C,C,T,C
9338,T,T,T,T,T,T,T,C,T,T,T,T,T,T,T,T,T
9348,G,G,G,A,A,A,G,G,A,G,G,G,A,G,G,G,G
9365,C,C,C,C,C,C,C,C,C,C,C,C,C,C,C,T,C
9389,T,T,T,T,T,T,T,T,T,T,T,T,T,T,T,A,T
9391,A,A,A,A,A,A,A,A,A,A,A,A,A,G,A,A,A
9406,T,T,T,T,T,T,T,T,T,T,T,T,T,T,T,C,T
9434,T,T,T,T,T,T,T,T,T,T,T,T,T,T,T,T,C
9439,A,A,A,A,A,A,A,A,A,A,A,A,A,A,A,G,A
9441,T,T,T,T,T,T,T,T,T,T,T,T,T,T,G,G,T
9445,C,C,C,C,C,C,C,C,C,C,C,C,C,C,C,T,C
9461,T,C,C,C,C,C,C,C,C,C,C,C,C,C,T,C,C
9472,C,C,C,C,C,C,C,C,C,C,C,C,C,C,C,T,C
9474,G,G,G,G,G,G,G,G,G,G,G,G,G,G,G,A,G
9476,T,T,T,T,T,T,T,C,T,T,T,T,T,T,T,C,T
9501,C,C,C,C,C,C,C,C,C,C,C,C,C,C,T,C,C
9504,A,A,A,A,A,A,A,G,A,A,A,A,A,A,G,A,A
9506,G,G,G,G,G,G,G,A,G,G,G,G,G,G,A,A,G
9509,A,A,A,A,A,A,A,A,A,A,A,A,A,A,G,A,A
9513,C,C,C,C,C,C,C,T,C,C,C,C,C,C,C,T,C
9515,A,A,A,A,A,A,A,A,A,A,A,A,A,A,A,G,A
9527,A,A,A,A,A,A,A,A,A,A,A,A,A,A,A,G,A
9530,C,C,C,C,C,C,C,T,C,C,C,C,C,T,T,T,C
9543,C,C,C,C,C,C,C,C,C,C,C,C,C,C,C,T,C
9545,G,G,G,G,G,G,G,A,G,G,G,G,G,G,G,A,G
9548,C,C,C,C,C,C,C,C,C,C,C,C,C,C,C,T,C
9563,T,T,T,T,T,T,T,T,T,T,T,T,T,T,T,C,T
9578,A,A,A,A,A,A,A,A,A,A,A,A,A,A,A,T,A
9581,C,C,C,C,C,C,C,T,C,C,C,C,C,T,T,T,C
9596,T,T,T,T,T,T,T,T,T,T,T,T,T,T,T,C,T
9599,A,A,A,A,A,A,A,A,A,A,A,A,A,G,A,A,A
9602,T,T,T,T,T,T,T,T,T,T,T,T,T,T,C,A,T
9626,C,C,C,C,C,C,C,T,C,C,C,C,C,C,C,C,C
9629,G,G,G,G,G,G,G,G,G,G,G,G,G,G,G,A,G
9635,A,A,A,A,A,A,A,A,A,A,A,A,A,A,A,T,A
9638,T,T,T,T,T,T,T,T,T,T,T,T,T,T,C,T,T
9644,T,T,T,T,T,T,T,T,T,T,T,T,T,T,T,C,T
9647,A,A,A,A,A,A,A,G,A,A,A,A,A,A,G,T,A
9648,T,T,T,T,T,T,T,T,T,T,T,T,T,T,T,C,T
9656,C,C,C,C,C,C,C,C,C,C,C,C,C,C,T,C,C
9665,T,T,T,T,T,T,T,C,T,T,T,T,T,T,T,T,T
9668,T,T,T,T,T,T,T,T,T,T,T,T,T,T,C,A,T
9674,A,A,A,A,A,A,A,A,A,A,A,A,A,A,A,C,A
9683,A,A,A,A,A,A,A,A,A,A,A,A,A,A,A,G,A
9686,A,A,A,A,A,A,A,A,A,A,A,A,A,A,A,C,A
9695,T,T,T,T,T,T,T,T,T,T,T,T,T,T,T,C,T
9701,A,A,A,A,A,A,A,G,A,A,A,A,A,A,A,A,A
9716,T,T,T,T,T,T,T,C,T,T,T,T,T,T,T,T,T
9719,A,A,A,A,A,A,A,G,A,A,A,A,A,A,A,A,A
9724,T,T,T,T,T,T,T,T,T,T,T,T,T,T,T,C,T
9725,T,T,T,T,T,T,T,T,T,T,T,T,T,T,T,C,T
9749,T,T,T,T,T,T,T,T,T,T,T,T,T,T,T,C,T
9755,T,T,T,T,T,T,T,T,T,T,T,T,T,T,T,C,T
9770,T,T,T,T,T,T,T,T,T,T,T,T,T,T,T,C,T
9773,A,A,A,A,A,A,A,G,A,A,A,A,A,A,A,A,A
9785,A,A,A,A,A,A,A,A,A,A,A,A,A,A,A,G,A
9794,A,A,A,A,A,A,A,A,A,A,A,A,A,A,A,G,A
9797,A,A,A,A,A,A,A,A,A,A,A,A,A,A,A,G,A
9803,G,G,G,G,G,G,G,G,G,G,G,G,G,G,A,A,G
9823,A,A,A,A,A,A,A,A,A,A,A,A,A,A,A,T,A
9858,G,G,G,G,G,G,G,A,G,G,G,G,G,G,A,G,G
9861,G,G,G,G,G,G,G,G,G,G,G,G,G,G,G,A,G
9862,T,T,T,T,T,T,T,T,T,T,T,T,T,T,T,C,T
9886,A,A,A,A,A,A,A,A,A,A,A,A,A,A,A,G,A
9894,C,C,C,C,C,C,C,T,C,C,C,C,C,C,C,C,C
9900,C,C,C,C,C,C,C,C,C,C,C,C,C,C,A,G,C
9924,T,T,T,T,T,T,T,T,T,T,T,T,T,T,C,T,T
9948,T,T,T,T,T,T,T,T,T,T,T,T,T,T,C,T,T
9966,A,A,A,A,A,A,A,A,A,A,A,A,A,A,G,A,A
9972,C,C,C,C,C,C,C,C,C,C,C,C,C,C,C,T,C
9975,G,G,G,G,G,G,G,G,G,G,G,G,G,G,G,A,G
9985,G,G,G,G,G,G,G,A,G,G,G,G,G,A,A,A,A
9987,A,A,A,A,A,A,A,A,A,A,A,A,A,A,G,A,A
10015,A,A,A,A,A,A,A,A,A,A,A,A,A,A,A,G,A
10017,T,T,T,T,T,T,T,T,T,T,T,T,T,T,T,C,T
10019,C,C,C,C,C,C,C,C,C,C,C,C,C,C,C,G,C
10026,C,C,C,C,C,C,C,C,C,C,C,C,C,C,C,T,C
10044,C,C,C,C,C,C,C,C,C,C,C,C,C,C,T,T,C
10056,C,C,C,C,C,C,C,C,C,C,C,C,C,C,C,T,C
10059,C,C,C,C,C,C,C,C,C,C,C,C,C,C,C,T,C
10066,T,T,T,T,T,T,T,T,T,T,T,T,T,T,T,C,T
10068,A,A,A,A,A,A,A,A,A,A,A,A,A,A,G,A,A
10071,T,T,T,T,T,T,T,T,T,T,T,T,T,T,T,C,T
10074,C,C,C,C,C,C,C,C,C,C,C,C,C,C,C,T,C
10083,C,C,C,C,C,C,C,T,C,C,C,C,C,C,C,T,C
10105,C,C,C,C,C,C,C,C,C,C,C,C,C,C,C,T,C
10117,G,G,G,G,G,G,G,G,G,G,G,G,G,G,G,A,G
10119,T,T,T,T,T,T,T,T,T,T,T,T,T,T,C,T,T
10125,C,C,C,C,C,C,C,C,C,C,C,C,C,C,C,T,C
10140,T,T,T,T,T,T,T,T,T,T,T,T,T,T,T,C,T
10152,T,T,T,T,T,T,T,T,T,T,T,T,T,T,T,C,T
10155,C,C,C,C,C,C,C,C,C,C,C,C,C,C,T,C,C
10161,A,A,A,A,A,A,A,A,A,A,A,A,A,A,A,C,A
10175,A,A,A,A,A,A,A,G,A,A,A,A,A,A,A,A,A
10182,C,C,C,C,C,C,C,C,C,C,C,C,C,C,C,T,C
10184,T,T,T,T,T,T,T,T,T,T,T,T,T,T,T,C,T
10193,A,A,A,A,A,A,A,A,A,A,A,A,A,A,A,G,A
10196,G,G,G,G,G,G,G,G,G,G,G,G,G,G,G,A,G
10202,A,A,A,A,A,A,A,A,A,A,A,A,A,A,A,T,A
10215,C,C,C,C,C,C,C,C,C,C,C,C,C,C,C,T,C
10220,A,A,A,A,A,A,A,A,A,A,A,A,A,A,A,T,A
10222,G,G,G,G,G,G,G,G,G,G,G,G,G,G,G,A,G
10226,T,T,T,T,T,T,T,T,T,T,T,T,T,T,T,C,T
10256,T,T,T,T,T,T,T,T,T,T,T,T,T,T,T,C,T
10263,C,C,C,C,C,C,C,T,C,C,C,C,C,C,T,T,C
10271,T,T,T,T,T,T,T,T,T,T,T,T,T,T,C,C,T
10272,T,T,T,T,T,T,T,T,T,T,T,T,T,T,T,C,T
10275,A,A,A,A,A,A,A,A,A,A,A,A,A,A,A,G,A
10276,C,C,C,C,C,C,C,C,C,C,C,C,C,C,C,T,C
10283,A,A,A,A,A,A,A,A,A,A,A,A,A,A,A,C,A
10284,A,A,A,A,A,A,A,A,A,A,A,A,A,A,A,T,A
10289,T,T,T,T,T,T,T,T,T,T,T,T,T,T,T,C,T
10322,T,T,T,T,T,T,T,T,T,T,T,T,T,T,T,C,T
10328,T,T,T,T,T,T,T,T,T,T,T,T,T,T,T,C,T
10334,C,C,C,C,C,C,C,C,C,C,C,C,C,C,C,T,C
10343,C,C,C,C,C,C,C,C,C,C,C,C,C,C,C,T,C
10346,C,C,C,C,C,C,C,C,C,C,C,C,C,C,C,T,C
10367,T,T,T,T,T,T,T,T,T,T,T,T,T,T,T,C,T
10406,C,C,C,C,C,C,C,C,C,C,C,C,C,C,C,T,C
10432,A,A,A,A,A,A,A,A,A,A,A,A,A,A,G,A,A
10433,C,C,C,C,C,C,C,T,C,C,C,C,C,C,C,C,C
10436,A,A,A,A,A,A,A,A,A,A,A,A,A,A,A,C,A
10445,A,A,A,A,A,A,A,A,A,A,A,A,A,A,A,G,A
10460,A,A,A,A,A,A,A,A,A,A,A,A,A,A,A,G,A
10464,A,A,A,A,A,A,A,A,A,A,A,A,A,A,A,G,A
10469,C,C,C,C,C,C,C,C,C,C,C,C,C,C,C,T,C
10476,A,A,A,A,A,A,A,A,A,A,A,A,A,A,A,G,A
10477,T,T,T,T,T,T,T,T,T,T,T,T,T,T,T,C,T
10493,C,C,C,C,C,C,C,T,C,C,C,C,C,C,T,T,C
10496,T,T,T,T,T,T,T,T,T,T,T,T,T,T,T,C,T
10520,t,T,T,T,T,T,T,C,T,T,T,T,T,T,T,C,T
10547,C,C,C,C,C,C,C,C,C,C,C,C,C,T,C,C,C
10559,T,T,T,T,T,T,T,T,T,T,T,T,T,T,C,T,T
10562,T,T,T,T,T,T,T,T,T,T,T,T,T,T,T,C,T
10574,A,A,A,A,A,A,A,G,A,A,A,A,A,A,G,A,A
10580,C,C,C,C,C,C,C,C,C,C,C,C,C,C,C,T,C
10583,A,A,A,A,A,A,A,G,A,A,A,A,A,G,A,A,A
10593,C,C,C,C,C,C,C,C,C,C,C,C,C,C,C,T,C
10597,A,A,A,A,A,A,A,A,A,A,A,A,A,A,G,A,A
10598,C,C,C,C,C,C,C,C,C,C,C,C,C,C,C,T,C
10604,G,G,G,G,G,G,G,A,G,G,G,G,G,G,A,A,G
10610,T,T,T,T,T,T,T,C,T,T,T,T,T,T,T,C,T
10622,T,T,T,T,T,T,T,T,T,T,T,T,T,T,T,C,T
10634,T,T,T,T,T,T,T,T,T,T,T,T,T,T,T,C,T
10646,G,G,G,G,G,G,G,G,G,G,G,G,G,G,G,A,G
10662,T,T,T,T,T,T,T,T,T,T,T,T,T,T,T,C,T
10664,A,A,A,A,A,A,A,A,A,A,A,A,A,A,A,T,A
10667,C,C,C,C,C,C,C,T,C,C,C,C,C,C,C,C,C
10673,C,C,C,C,C,C,C,A,C,C,C,C,C,C,C,C,C
10676,T,T,T,T,T,T,T,T,T,T,T,T,T,T,T,C,T
10677,G,G,G,G,G,G,G,G,G,G,G,G,G,G,G,A,G
10679,A,A,A,A,A,A,A,A,A,A,A,A,A,A,A,C,A
10685,C,C,C,C,C,C,C,C,C,C,C,C,C,C,C,T,C
10701,T,T,T,T,T,T,T,T,T,T,T,T,T,T,T,C,T
10704,T,T,T,T,T,T,T,C,T,T,T,T,T,T,T,T,T
10719,A,A,A,A,A,A,A,A,A,A,A,A,A,A,A,G,A
10722,T,T,T,T,T,T,T,T,T,T,T,T,T,T,T,C,T
10725,G,G,G,G,G,G,G,G,G,G,G,G,G,G,G,A,G
10728,G,G,G,G,G,G,G,A,G,G,G,G,G,G,G,A,G
10730,T,T,T,T,T,T,T,T,T,T,T,T,T,T,T,C,T
10742,C,C,C,C,C,C,C,C,C,C,C,C,C,C,C,T,C
10754,G,G,G,G,G,G,G,G,G,G,G,G,G,G,A,G,G
10755,T,T,T,T,T,T,T,T,T,T,T,T,T,T,T,C,T
10757,G,G,G,G,G,G,G,G,G,G,G,G,G,G,G,A,G
10763,C,C,C,C,C,C,C,C,C,C,C,C,C,C,C,T,C
10778,T,T,T,T,T,T,T,T,T,T,T,T,T,T,T,C,T
10791,T,T,T,T,T,T,T,T,T,T,T,T,T,T,T,C,T
10802,T,T,T,T,T,T,T,T,T,T,T,T,T,T,T,C,T
10806,C,C,C,C,C,C,C,C,C,C,C,C,C,C,C,T,C
10808,A,A,A,A,A,A,A,A,A,A,A,A,A,A,A,G,A
10814,A,A,A,A,A,A,A,A,A,A,A,A,A,A,A,C,A
10817,A,A,A,A,A,A,A,A,A,A,A,A,A,A,A,T,A
10820,A,A,A,A,A,A,A,A,A,A,A,A,A,A,A,G,A
10832,A,A,A,A,A,A,A,A,A,A,A,A,A,A,A,G,A
10838,A,A,A,A,A,A,A,A,A,A,A,A,A,A,A,T,A
10844,T,T,T,T,T,T,T,T,T,T,T,T,T,T,T,C,T
10847,G,G,G,G,G,G,G,G,G,G,G,G,G,G,G,A,G
10862,A,A,A,A,A,A,A,A,A,A,A,A,A,A,A,C,A
10865,T,T,T,T,T,T,T,T,T,T,T,T,T,T,T,G,T
10868,T,T,T,T,T,T,T,T,T,T,T,T,T,T,C,T,T
10878,T,T,T,T,T,T,T,C,T,T,T,T,T,T,T,T,T
10886,T,T,T,T,T,T,T,T,T,T,T,T,T,T,T,C,T
10940,A,A,A,A,A,A,A,A,A,A,A,A,A,A,A,G,A
10943,C,C,C,C,C,C,C,T,C,C,C,C,C,C,C,C,C
10952,C,C,C,C,C,C,C,C,C,C,C,C,C,A,C,C,C
10958,C,C,C,C,C,C,C,C,C,C,C,C,C,C,C,A,C
10962,C,C,C,C,C,C,C,C,C,C,C,C,C,C,C,T,C
10988,A,A,A,A,A,A,A,A,A,A,A,A,A,A,A,G,A
11003,A,A,A,A,A,A,A,G,A,A,A,A,A,A,A,A,A
11024,C,C,C,C,C,C,C,C,C,C,C,C,C,C,C,T,C
11039,T,T,T,T,T,T,T,T,T,T,T,T,T,T,T,C,T
11045,C,C,C,C,C,C,C,C,C,C,C,C,C,C,C,T,C
11057,T,T,T,T,T,T,T,T,T,T,T,T,T,T,C,T,T
11072,A,A,A,A,A,A,A,A,A,A,A,A,A,A,A,G,A
11075,C,C,C,C,C,C,C,C,C,C,C,C,C,C,C,T,C
11081,T,T,T,T,T,T,T,T,T,T,T,T,T,T,T,C,T
11093,C,C,C,C,C,C,C,C,C,C,C,C,C,C,C,T,C
11109,C,C,C,C,C,C,C,C,C,C,C,C,C,C,T,C,C
11117,C,C,C,C,C,C,C,C,C,C,C,C,C,C,C,T,C
11120,A,A,A,A,A,A,A,A,A,A,A,A,A,A,A,T,A
11126,C,C,C,C,C,C,C,C,C,C,C,C,C,C,C,T,C
11138,A,A,A,A,A,A,A,A,A,A,A,A,A,A,A,G,A
11156,A,A,A,A,A,A,A,A,A,A,A,A,A,A,A,T,A
11159,C,C,C,C,C,C,C,C,C,C,C,C,C,C,C,T,C
11174,G,G,G,G,G,G,G,A,G,G,G,G,G,G,A,A,G
11177,C,C,C,C,C,C,C,C,C,C,C,C,C,C,C,T,C
11183,C,C,C,C,C,C,C,C,C,C,C,C,C,C,C,T,C
11192,A,A,A,A,A,A,A,A,A,A,A,A,A,A,A,G,A
11195,C,C,C,C,C,C,C,T,C,C,C,C,C,C,T,T,C
11204,A,A,A,A,A,A,A,A,A,A,A,A,A,A,A,T,A
11207,A,A,A,A,A,A,A,T,A,A,A,A,A,A,A,A,A
11228,T,T,T,T,T,T,T,T,T,T,T,T,T,T,T,C,T
11246,G,G,G,G,G,G,G,G,G,G,G,G,G,G,G,A,G
11249,A,A,A,A,A,A,A,A,A,A,A,A,A,A,T,A,A
11256,C,C,C,C,C,C,C,C,C,C,C,C,C,C,C,T,C
11270,T,T,T,T,T,T,T,T,T,T,T,T,T,T,T,C,T
11279,T,T,T,T,T,T,T,T,T,T,T,T,T,T,T,C,T
11288,T,T,T,T,T,T,T,T,T,T,T,T,T,T,T,C,T
11297,A,A,A,A,A,A,A,C,A,A,A,A,A,A,C,C,A
11301,T,T,T,T,T,T,T,T,T,T,T,T,T,T,T,C,T
11303,A,A,A,A,A,A,A,A,A,A,A,A,A,A,A,G,A
11305,T,T,T,T,T,T,T,T,T,T,T,T,T,T,T,A,T
11306,C,C,C,C,C,C,C,C,C,C,C,C,C,C,T,C,C
11312,C,C,C,C,C,C,C,C,C,C,C,C,C,C,C,T,C
11324,T,T,T,T,T,T,T,T,T,T,T,T,T,T,T,C,T
11333,A,A,A,A,A,A,A,A,A,A,A,A,A,A,A,T,A
11345,T,T,T,T,T,T,T,T,T,T,T,T,T,T,T,C,T
11348,T,T,T,T,T,T,T,T,T,T,T,T,T,T,T,C,T
11351,T,T,T,T,T,T,T,T,T,T,T,T,T,T,C,C,T
11358,A,A,A,A,A,A,A,C,A,A,A,A,A,A,A,A,A
11363,C,C,C,C,C,C,C,C,C,C,C,C,C,C,C,T,C
11369,T,T,T,T,T,T,T,C,T,T,T,T,T,T,T,T,T
11381,A,A,A,A,A,A,A,G,A,A,A,A,A,A,G,G,A
11402,T,T,T,T,T,T,T,T,T,T,T,T,T,T,T,C,T
11404,C,C,C,C,C,C,C,C,C,C,C,C,C,C,T,C,C
11405,C,C,C,C,C,C,C,T,C,C,C,C,C,C,C,C,C
11408,C,C,C,C,C,C,C,T,C,C,C,C,C,C,C,C,C
11414,C,C,C,C,C,C,C,C,C,C,C,C,C,C,C,T,C
11429,C,C,C,C,C,C,C,T,C,C,C,C,C,C,C,C,C
11465,A,A,A,A,A,A,A,G,A,A,A,A,A,A,G,A,A
11477,A,A,A,A,A,A,A,A,A,A,A,A,A,A,A,G,A
11478,G,G,G,G,G,G,G,G,G,G,G,G,G,G,A,G,G
11480,C,C,C,C,C,C,C,T,C,C,C,C,C,C,T,C,C
11483,T,T,T,T,T,T,T,T,T,T,T,T,T,T,T,G,T
11492,T,T,T,T,T,T,T,T,T,T,T,T,T,T,T,C,T
11504,T,T,T,T,T,T,T,C,T,T,T,T,T,T,C,T,T
11510,T,T,T,T,T,T,T,C,T,T,T,T,T,T,C,C,T
11511,A,A,A,A,A,A,A,G,A,A,A,A,A,A,A,A,A
11512,C,C,C,C,C,C,C,C,C,C,C,C,C,C,C,T,C
11513,C,C,C,C,C,C,C,C,C,C,C,C,C,C,C,T,C
11516,T,T,T,T,T,T,T,C,T,T,T,T,T,T,T,T,T
11519,A,A,A,A,A,A,A,A,A,A,A,A,A,A,A,T,A
11525,A,A,A,A,A,A,A,A,A,A,A,A,A,A,A,C,A
11537,G,G,G,G,G,G,G,A,G,G,G,G,G,G,G,G,G
11543,A,A,A,A,A,A,A,A,A,A,A,A,A,A,A,T,A
11583,G,G,G,G,G,G,G,G,G,G,G,G,G,G,G,A,G
11600,C,C,C,C,C,C,C,C,C,C,C,C,C,C,A,C,C
11606,A,A,A,A,A,A,A,A,A,A,A,A,A,A,G,A,A
11616,A,A,A,A,A,A,A,A,A,A,A,A,A,A,A,G,A
11620,A,A,A,A,A,A,A,A,A,A,A,A,A,A,A,C,A
11650,G,G,G,G,G,G,G,A,G,G,G,G,G,G,G,G,G
11657,A,A,A,A,A,A,A,A,A,A,A,A,A,A,A,G,A
11659,C,C,C,C,C,C,C,T,C,C,C,C,C,C,C,C,C
11747,T,T,T,T,T,T,T,T,T,T,T,T,T,T,T,C,T
11757,A,A,A,A,A,A,A,A,A,A,A,A,A,A,A,T,A
11765,C,C,C,C,C,C,C,C,C,C,C,C,C,C,T,C,C
11774,C,C,C,C,C,C,C,C,C,C,C,C,C,C,C,T,C
11778,A,A,A,A,A,A,A,A,A,A,A,A,A,A,G,A,A
11783,T,T,T,T,T,T,T,T,T,T,T,T,T,T,C,G,T
11789,A,A,A,A,A,A,A,A,A,A,A,A,A,A,A,G,A
11804,T,T,T,T,T,T,T,T,T,T,T,T,T,T,T,C,T
11825,A,A,A,A,A,A,A,A,A,A,A,A,A,A,A,G,A
11826,C,C,C,C,C,C,C,T,C,C,C,C,C,C,T,C,C
11828,C,C,C,C,C,C,C,T,C,C,C,C,C,C,C,T,C
11843,G,G,G,G,G,G,G,A,G,G,G,G,G,A,A,G,G
11846,C,C,C,C,C,C,C,C,C,C,C,C,C,T,C,T,C
11864,A,A,A,A,A,A,A,A,A,A,A,A,A,A,A,G,A
11867,C,C,C,C,C,C,C,A,C,C,C,C,C,C,C,C,C
11870,C,C,C,C,C,C,C,C,C,C,C,C,C,C,A,G,C
11874,A,A,A,A,A,A,A,A,A,A,A,A,A,A,A,C,A
11892,C,C,C,C,C,C,C,C,C,C,C,C,C,C,T,C,C
11901,T,T,T,T,C,T,T,T,T,T,T,T,T,T,T,T,T
11903,T,T,T,T,T,T,T,T,T,T,T,T,T,T,T,C,T
11907,C,C,C,C,C,C,C,T,C,C,C,C,C,C,T,C,C
11915,T,T,T,T,T,T,T,C,T,T,T,T,T,T,C,T,T
11933,A,A,A,A,A,A,A,A,A,A,A,A,A,C,A,A,A
11939,G,G,G,G,G,G,G,A,G,G,G,G,G,G,A,A,G
11946,G,G,G,G,G,G,G,G,G,G,G,G,G,G,G,A,G
11948,C,C,C,C,C,C,C,C,C,C,C,C,C,C,C,T,C
11951,C,C,C,C,C,C,C,C,C,C,C,C,C,C,C,T,C
11952,A,A,A,A,A,A,A,A,A,A,A,A,A,A,A,G,A
11957,T,T,T,T,T,T,T,T,T,T,T,T,T,T,T,C,T
11960,A,A,A,A,A,A,A,A,A,A,A,A,A,A,A,G,A
11967,C,C,C,C,C,C,C,C,C,C,C,C,C,C,C,T,C
11969,T,T,T,T,T,T,T,T,T,T,T,T,T,T,T,A,T
11972,A,A,A,A,A,A,A,G,A,A,A,A,A,A,G,A,A
11975,A,A,A,A,A,A,A,A,A,A,A,A,A,A,A,G,A
11986,C,C,C,C,C,C,C,C,C,C,C,C,C,C,C,T,C
11999,T,T,T,T,T,T,T,T,T,T,T,T,T,T,G,G,T
12002,C,C,C,C,C,C,C,C,C,C,C,C,C,C,T,C,C
12005,G,G,G,G,G,G,G,G,G,G,G,G,G,G,A,A,G
12008,T,T,T,T,T,T,T,T,T,T,T,T,T,T,C,T,T
12010,C,C,C,C,C,C,C,C,C,C,C,C,C,C,C,T,C
12011,A,A,A,A,A,A,A,G,A,A,A,A,A,A,A,A,A
12014,T,T,T,T,T,T,T,T,T,T,T,T,T,T,T,C,T
12026,T,T,T,T,T,T,T,C,T,T,T,T,T,T,T,C,T
12041,T,T,T,T,T,T,T,T,T,T,T,T,T,T,T,C,T
12047,A,A,A,A,A,A,A,A,A,A,A,A,A,A,A,G,A
12050,C,C,C,C,C,C,C,T,C,C,C,C,C,C,C,T,C
12062,T,T,T,T,T,T,T,T,T,T,T,T,T,T,C,C,T
12065,A,A,A,A,A,A,A,A,A,A,A,A,A,A,A,G,A
12083,C,C,C,C,C,C,C,C,C,C,C,C,C,C,T,C,C
12086,T,T,T,T,T,T,T,T,T,T,T,T,T,T,T,C,T
12101,T,T,T,T,T,T,T,T,T,T,T,T,T,T,T,C,T
12116,G,G,G,G,G,G,G,A,G,G,G,G,G,G,A,G,G
12122,C,C,C,C,C,C,C,C,C,C,C,C,C,C,C,T,C
12125,G,G,G,G,G,G,G,G,G,G,G,G,G,G,G,A,G
12128,T,T,T,T,T,T,T,T,T,T,T,T,T,T,T,C,T
12137,C,C,C,C,C,C,C,T,C,C,C,C,C,C,T,C,C
12155,T,T,T,T,T,T,T,T,T,T,T,T,T,T,T,C,T
12167,T,T,T,T,T,T,T,T,T,T,T,T,T,T,T,C,T
12179,G,G,G,G,G,G,G,G,G,G,G,G,G,G,A,A,G
12182,G,G,G,G,G,G,G,G,G,G,G,G,G,G,C,G,G
12185,A,A,A,A,A,A,A,A,A,A,A,A,A,A,G,G,A
12194,T,T,T,T,T,T,T,T,T,T,T,T,T,T,C,T,T
12197,C,C,C,C,C,C,C,T,C,C,C,C,C,C,T,T,C
12203,A,A,A,A,A,A,A,A,A,A,A,A,A,A,A,G,A
12218,C,C,C,C,C,C,C,C,C,C,C,C,C,C,T,C,C
12236,T,T,T,T,T,T,T,T,T,T,T,T,T,T,T,C,T
12248,A,A,A,A,A,A,A,A,A,A,A,A,A,A,A,T,A
12263,T,T,T,T,T,T,T,C,T,T,T,T,T,T,T,C,T
12278,C,C,C,C,C,C,C,C,C,C,C,C,C,C,C,T,C
12291,T,T,T,T,T,T,T,T,T,T,T,T,T,T,C,T,T
12319,T,T,T,T,T,T,T,C,T,T,T,T,T,T,T,T,T
12341,G,G,G,G,G,G,G,A,G,G,G,G,G,G,G,A,G
12353,C,C,C,C,C,C,C,T,C,C,C,C,C,T,T,C,C
12359,C,C,C,C,C,C,C,C,C,C,C,C,C,C,C,T,C
12371,A,A,A,A,A,A,A,A,A,A,A,A,A,A,A,G,A
12372,A,A,A,A,A,A,A,A,A,A,A,A,A,A,A,C,A
12374,T,T,T,T,T,T,T,T,T,T,T,T,T,T,T,C,T
12381,A,A,A,A,A,A,A,A,A,A,A,A,A,A,A,C,A
12386,C,C,C,C,C,C,C,C,C,C,C,C,C,C,C,A,C
12390,T,T,T,T,T,T,T,C,T,T,T,T,T,T,C,C,T
12395,C,C,C,C,C,C,C,T,C,C,C,C,C,C,C,C,C
12425,C,C,C,C,C,C,C,C,C,C,C,C,C,C,C,T,C
12464,A,A,A,A,A,A,A,A,A,A,A,A,A,A,C,A,A
12476,A,A,A,A,A,A,A,G,A,A,A,A,A,A,G,T,A
12482,A,A,A,A,A,A,A,A,A,A,A,A,A,A,A,C,A
12512,T,T,T,T,T,T,T,T,T,T,T,T,T,T,T,C,T
12518,A,A,A,A,A,A,A,A,A,A,A,A,A,A,A,T,A
12521,G,G,G,G,G,G,G,G,G,G,G,G,G,G,A,A,G
12522,G,G,G,G,G,G,G,G,G,G,G,G,G,G,G,G,A
12530,C,C,C,C,C,C,C,C,C,C,C,C,C,C,C,T,C
12536,C,C,C,C,C,C,C,C,C,C,C,C,C,C,A,A,C
12542,G,G,G,G,G,G,G,A,G,G,G,G,G,G,G,A,G
12551,T,T,T,T,T,T,T,T,T,T,T,T,T,T,T,C,T
12555,T,T,T,T,T,T,T,T,T,T,T,T,T,T,C,T,T
12556,T,T,T,T,T,T,T,T,T,T,T,T,T,T,T,A,T
12573,C,C,C,C,C,C,C,C,C,C,C,C,C,C,T,C,C
12575,T,T,T,T,T,T,T,A,T,T,T,T,T,A,A,T,T
12581,C,C,C,C,C,C,C,C,C,C,C,C,C,C,C,T,C
12602,T,T,T,T,T,T,T,C,T,T,T,T,T,T,C,T,T
12614,T,T,T,T,T,T,T,C,T,T,T,T,T,T,T,T,T
12617,T,T,T,T,T,T,T,T,T,T,T,T,T,T,T,C,T
12623,C,C,C,C,C,C,C,C,C,C,C,C,C,C,C,A,C
12632,C,C,C,C,C,C,C,C,C,C,C,C,C,C,C,T,C
12644,C,C,C,C,C,C,C,T,C,C,C,C,C,C,T,T,C
12645,A,A,A,A,A,A,A,A,A,A,A,A,A,A,A,G,A
12647,T,T,T,T,T,T,T,C,T,T,T,T,T,T,C,C,T
12650,C,C,C,C,C,C,C,C,C,C,C,C,C,C,C,T,C
12656,T,T,T,T,T,T,T,C,T,T,T,T,T,T,C,C,T
12665,C,C,C,C,C,C,C,C,C,C,C,C,C,C,C,T,C
12675,C,C,C,C,C,C,C,C,C,C,C,C,C,C,C,T,C
12677,G,G,G,G,G,G,G,G,G,G,G,G,G,G,G,A,G
12686,G,G,G,G,G,G,G,A,G,G,G,G,G,G,G,G,G
12689,G,G,G,G,G,G,G,G,G,G,G,G,G,G,A,A,G
12695,A,A,A,A,A,A,A,A,A,A,A,A,A,G,G,G,A
12708,C,C,C,C,C,C,C,C,C,C,C,C,C,C,C,T,C
12719,C,C,C,C,C,C,C,C,C,C,C,C,C,C,C,T,C
12725,C,C,C,C,C,C,C,C,C,C,C,C,C,C,C,T,C
12731,T,T,T,T,T,T,T,T,T,T,T,T,T,T,T,C,T
12749,A,A,A,A,A,A,A,G,A,A,A,A,A,A,G,A,A
12752,T,T,T,T,T,T,T,C,T,T,T,T,T,T,C,C,T
12779,C,C,C,C,C,C,C,C,C,C,C,C,C,C,C,T,C
12782,T,T,T,T,T,T,T,T,T,T,T,T,T,T,T,C,T
12791,G,G,G,G,G,G,G,G,G,G,G,G,G,G,G,A,G
12824,C,C,C,C,C,C,C,C,C,C,C,C,C,C,C,T,C
12835,T,T,T,T,T,T,T,C,T,T,T,T,T,C,C,C,T
12839,A,A,A,A,A,A,A,A,A,A,A,A,A,A,A,G,A
12848,A,A,A,A,A,A,A,A,A,A,A,A,A,A,C,C,A
12858,C,C,C,C,C,C,C,C,C,C,C,C,C,C,C,T,C
12873,C,C,C,C,C,C,C,C,C,C,C,C,C,C,C,T,C
12875,C,C,C,C,C,C,C,C,C,C,C,C,C,C,C,A,C
12889,T,T,T,T,T,T,T,T,T,T,T,T,T,T,T,T,C
12890,A,A,A,A,A,A,A,G,A,A,A,A,A,G,G,A,A
12893,A,A,A,A,A,A,A,A,A,A,A,A,A,A,A,G,A
12905,G,G,G,G,G,G,G,G,G,G,G,G,G,G,G,A,G
12921,C,C,C,C,C,C,C,C,C,C,C,C,C,C,C,T,C
12926,T,T,T,T,T,T,T,T,T,T,T,T,T,T,T,C,T
12929,T,T,T,T,T,T,T,A,T,T,T,T,T,T,C,T,T
12974,T,T,T,T,T,T,T,C,T,T,T,T,T,T,C,T,T
12980,A,A,A,A,A,A,A,G,A,A,A,A,A,A,A,A,A
12983,C,C,C,C,C,C,C,C,C,C,C,C,C,C,T,C,C
12989,T,T,T,T,T,T,T,T,T,T,T,T,T,T,C,T,T
13004,G,G,G,G,G,G,G,A,G,G,G,G,G,A,A,A,G
13025,C,C,C,C,C,C,C,C,C,C,C,C,C,C,C,T,C
13046,G,G,G,G,G,G,G,A,G,G,G,G,G,G,A,A,G
13055,C,C,C,C,C,C,C,T,C,C,C,C,C,C,T,T,C
13076,A,A,A,A,A,A,A,A,A,A,A,A,A,A,A,G,A
13082,C,C,C,C,C,C,C,C,C,C,C,C,C,C,C,T,C
13100,A,A,A,A,A,A,A,G,A,A,A,A,A,A,A,A,A
13140,G,G,G,G,G,G,G,A,G,G,G,G,G,G,G,G,G
13151,T,T,T,T,T,T,T,T,T,T,T,T,T,T,T,C,T
13154,T,T,T,T,T,T,T,T,T,T,T,T,T,T,T,C,T
13157,T,T,T,T,T,T,T,T,T,T,T,T,T,T,T,C,T
13163,A,A,A,A,A,A,A,A,A,A,A,A,A,A,A,G,A
13168,G,G,G,G,G,G,G,A,G,G,G,G,G,G,A,A,G
13172,T,T,T,T,T,T,T,C,T,T,T,T,T,T,T,C,T
13175,A,A,A,A,A,A,A,T,A,A,A,A,A,A,A,A,A
13176,G,G,G,G,G,G,G,G,G,G,G,G,G,G,A,A,G
13181,C,C,C,C,C,C,C,C,C,C,C,C,C,C,C,T,C
13194,T,T,T,T,T,T,T,T,T,T,T,T,T,T,T,C,T
13205,C,C,C,C,C,C,C,C,C,C,C,C,C,C,T,C,C
13238,A,A,A,A,A,A,A,A,A,A,A,A,A,A,A,T,A
13241,C,C,C,C,C,C,C,C,C,C,C,C,C,C,T,T,C
13262,A,A,A,A,A,A,A,A,A,A,A,A,A,A,A,T,A
13282,A,A,A,A,A,A,A,A,A,A,A,A,A,A,G,G,A
13287,G,G,G,G,G,G,G,G,G,G,G,G,G,G,C,G,G
13292,T,T,T,T,T,T,T,C,T,T,T,T,T,T,C,C,T
13298,T,T,T,T,T,T,T,T,T,T,T,T,T,T,C,C,T
13304,C,C,C,C,C,C,C,T,C,C,C,C,C,C,T,T,C
13319,G,G,G,G,G,G,G,G,G,G,G,G,G,G,G,A,G
13322,G,G,G,G,G,G,G,A,G,G,G,G,G,G,G,T,G
13334,T,T,T,T,T,T,T,T,T,T,T,T,T,T,C,T,T
13337,T,T,T,T,T,T,T,C,T,T,T,T,T,T,C,T,T
13382,A,A,A,A,A,A,A,A,A,A,A,A,A,A,A,G,A
13391,A,A,A,A,A,A,A,A,A,A,A,A,A,A,A,G,A
13394,T,T,T,T,T,T,T,T,T,T,T,T,T,T,T,C,T
13406,G,G,G,G,G,G,G,A,G,G,G,G,G,G,A,G,G
13412,G,G,G,G,G,G,G,A,G,G,G,G,G,G,A,A,G
13413,T,T,T,T,T,T,T,C,T,T,T,T,T,T,C,C,T
13427,C,C,C,C,C,C,C,C,C,C,C,C,C,C,C,T,C
13436,C,C,C,C,C,C,C,C,C,C,C,C,C,C,C,T,C
13444,C,C,C,C,C,C,C,C,C,C,C,C,C,T,C,C,C
13448,T,T,T,T,T,T,T,T,T,T,T,T,T,T,T,C,T
13457,C,C,C,C,C,C,C,T,C,C,C,C,C,C,C,C,C
13467,T,T,T,T,T,T,T,T,T,T,T,T,T,T,T,C,T
13488,T,T,T,T,T,T,T,T,T,T,T,T,T,T,C,T,T
13490,A,A,A,A,A,A,A,A,A,A,A,A,A,A,A,G,A
13499,G,G,G,G,G,G,G,G,G,G,G,G,G,G,G,A,G
13506,A,A,A,A,A,A,A,A,A,A,A,A,A,A,A,T,A
13507,T,T,T,T,T,T,T,C,T,T,T,T,T,T,T,T,T
13508,A,A,A,A,A,A,A,G,A,A,A,A,A,A,A,A,A
13509,T,T,T,T,T,T,T,T,T,T,T,T,T,T,T,A,T
13528,T,T,T,T,T,T,T,T,T,T,T,T,T,T,T,C,T
13542,T,T,T,T,T,T,T,T,T,T,T,T,T,T,T,C,T
13550,A,A,A,A,A,A,A,A,A,A,A,A,A,A,G,T,A
13558,T,T,T,T,T,T,T,T,T,T,T,T,T,T,T,C,T
13570,G,G,G,G,G,G,G,G,G,G,G,G,G,G,A,A,G
13582,A,A,A,A,A,A,A,G,A,A,A,A,A,A,A,G,A
13612,T,T,T,T,T,T,T,C,T,T,T,T,T,C,C,C,T
13633,A,A,A,A,A,A,A,A,A,A,A,A,A,A,A,G,A
13642,T,T,T,T,T,T,T,T,T,T,T,T,T,T,T,C,T
13660,T,T,T,T,T,T,T,T,T,T,T,T,T,T,T,C,T
13663,T,T,T,T,T,T,T,T,T,T,T,T,T,T,C,T,T
13666,C,C,C,C,C,C,C,T,C,C,C,C,C,C,T,C,C
13668,A,A,A,A,A,A,A,A,A,A,A,A,A,A,A,G,A
13675,T,T,T,T,T,T,T,T,T,T,T,T,T,T,C,C,T
13684,A,A,A,A,A,A,A,A,A,A,A,A,A,A,A,G,A
13689,C,C,C,C,C,C,C,C,C,C,C,C,C,T,C,C,C
13696,C,C,C,C,C,C,C,C,C,C,C,C,C,C,C,T,C
13702,C,C,C,C,C,C,C,C,C,C,C,C,C,C,C,T,C
13708,T,T,T,T,T,T,T,C,T,T,T,T,T,T,C,C,T
13711,C,C,C,C,C,C,C,C,C,C,C,C,C,C,T,C,C
13713,A,A,A,A,A,A,A,G,A,A,A,A,A,A,A,A,A
13715,C,C,C,C,C,C,C,C,C,C,C,C,C,C,C,G,C
13728,T,T,T,T,T,T,T,T,T,T,T,T,T,T,T,C,T
13735,A,A,A,A,A,A,A,A,A,A,A,A,A,A,A,G,A
13737,C,C,C,C,C,C,C,C,C,C,C,C,C,C,C,T,C
13744,A,A,A,A,A,A,A,A,A,A,A,A,A,A,A,G,A
13747,A,A,A,A,A,A,A,A,A,A,A,A,A,A,A,G,A
13757,A,A,A,A,A,A,A,A,A,A,A,A,A,A,G,A,A
13760,C,C,C,C,C,C,C,T,C,C,C,C,C,C,T,T,C
13762,A,A,A,A,A,A,A,A,A,A,A,A,A,A,A,C,A
13764,T,T,T,T,T,T,T,T,T,T,T,T,T,T,T,C,T
13767,A,A,A,A,A,A,A,A,A,A,A,A,A,A,A,C,A
13770,A,A,A,A,A,A,A,A,A,A,A,A,A,A,A,C,A
13771,A,A,A,A,A,A,A,A,A,A,A,A,A,A,A,T,A
13781,A,A,A,A,A,A,A,A,A,A,A,A,A,G,A,A,A
13782,T,T,T,T,T,T,T,T,T,T,T,T,T,C,T,T,T
13783,C,C,C,C,C,C,C,C,C,C,C,C,C,C,C,T,C
13786,C,C,C,C,C,C,C,C,C,C,C,C,C,C,C,T,C
13789,C,C,C,C,C,C,C,C,C,C,C,C,C,C,C,T,C
13792,T,T,T,T,T,T,T,C,T,T,T,T,T,T,T,C,T
13795,T,T,T,T,T,T,T,T,T,T,T,T,T,T,T,C,T
13797,A,A,A,A,A,A,A,A,A,A,A,A,A,A,A,G,A
13813,T,T,T,T,T,T,T,C,T,T,T,T,T,T,C,C,T
13816,G,G,G,G,G,G,G,G,G,G,G,G,G,G,G,A,G
13837,A,A,A,A,A,A,A,A,A,A,A,A,A,G,G,G,A
13840,T,T,T,T,T,T,T,C,T,T,T,T,T,T,C,C,C
13849,A,A,A,A,A,A,A,A,A,A,A,A,A,A,G,A,A
13852,T,T,T,T,T,T,T,T,T,T,T,T,T,T,C,C,T
13864,A,A,A,A,A,A,A,A,A,A,A,A,A,A,A,G,A
13867,T,T,T,T,T,T,T,T,T,T,T,T,T,T,T,C,T
13909,T,T,T,T,T,T,T,T,T,T,T,T,T,T,T,C,T
13914,A,A,A,A,A,A,A,A,A,A,A,A,A,A,A,G,A
13927,T,T,T,T,T,T,T,T,T,T,T,T,T,T,T,C,T
13966,A,A,A,A,A,A,A,A,A,A,A,A,A,A,A,G,A
13972,A,A,A,A,A,A,A,A,A,A,A,A,A,A,A,G,A
13981,T,T,T,T,T,T,T,T,T,T,T,T,T,T,T,C,T
13983,A,A,A,A,A,A,A,A,A,A,A,A,A,G,A,A,A
13987,T,T,T,T,T,T,T,C,T,T,T,T,T,T,T,T,T
14014,T,T,T,T,T,T,T,C,T,T,T,T,T,T,C,C,T
14023,A,A,A,A,A,A,A,A,A,A,A,A,A,A,A,G,A
14047,T,T,T,T,T,T,T,T,T,T,T,T,T,T,T,C,T
14052,C,C,C,C,C,C,C,C,C,C,C,C,C,C,C,T,C
14077,T,T,T,T,T,T,T,T,T,T,T,T,T,T,T,C,T
14088,C,C,C,C,C,C,C,C,C,C,C,C,C,C,T,T,C
14141,C,C,C,C,C,C,C,C,C,C,C,C,C,C,C,T,C
14142,C,C,C,C,C,C,C,C,C,C,C,C,C,C,A,C,C
14156,A,A,A,A,A,A,A,A,A,A,A,A,A,A,A,G,A
14159,A,A,A,A,A,A,A,A,A,A,A,A,A,A,A,G,A
14168,C,C,C,C,C,C,C,T,C,C,C,C,C,C,C,C,C
14186,T,T,T,T,T,T,T,T,T,T,T,T,T,C,T,T,T
14189,C,C,C,C,C,C,C,C,C,C,C,C,C,C,C,T,C
14192,C,C,C,C,C,C,C,C,C,C,C,C,C,C,C,T,C
14205,C,C,C,C,C,C,C,C,C,C,C,C,C,C,C,T,C
14210,T,T,T,T,T,T,T,C,T,T,T,T,T,T,C,C,T
14211,G,G,G,G,G,G,G,G,G,G,G,G,G,A,G,A,G
14222,C,C,C,C,C,C,C,C,C,C,C,C,C,C,C,T,C
14225,T,T,T,T,T,T,T,T,T,T,T,T,T,T,C,C,T
14243,T,T,T,T,T,T,T,T,T,T,T,T,T,T,T,C,T
14246,G,G,G,G,G,G,G,A,G,G,G,G,G,G,G,A,G
14249,C,C,C,C,C,C,C,C,C,C,C,C,C,C,C,T,C
14252,T,T,T,T,T,T,T,T,T,T,T,T,T,T,T,C,T
14259,G,G,G,G,G,G,G,A,G,G,G,G,G,G,A,A,G
14264,C,C,C,C,C,C,C,C,C,C,C,C,C,C,C,T,C
14273,C,C,C,C,C,C,C,T,C,C,C,C,C,C,C,C,C
14282,T,T,T,T,T,T,T,C,T,T,T,T,T,T,C,T,T
14288,T,T,T,T,T,T,T,C,T,T,T,T,T,T,C,C,T
14291,T,T,T,T,T,T,T,T,T,T,T,T,T,T,T,A,T
14300,C,C,C,C,C,C,C,C,C,C,C,C,C,C,C,T,C
14309,C,C,C,C,C,C,C,T,C,C,C,C,C,C,T,T,C
14318,T,T,T,T,T,T,T,T,T,T,T,T,T,T,T,C,T
14324,A,A,A,A,A,A,A,A,A,A,A,A,A,A,A,G,A
14333,T,T,T,T,T,T,T,T,T,T,T,T,T,T,T,C,T
14345,A,A,A,A,A,A,A,A,A,A,A,A,A,A,A,T,A
14348,C,C,C,C,C,C,C,C,C,C,C,C,C,C,C,T,C
14351,T,T,T,T,T,T,T,T,T,T,T,T,T,T,T,C,T
14354,T,T,T,T,T,T,T,C,T,T,T,T,T,T,T,C,T
14363,A,A,A,A,A,A,A,A,A,A,A,A,A,G,A,G,A
14376,C,C,C,C,C,C,C,C,C,C,C,C,C,C,C,T,C
14387,T,T,T,T,T,T,T,C,T,T,T,T,T,T,T,T,T
14399,C,C,C,C,C,C,C,C,C,C,C,C,C,C,C,T,C
14417,T,T,T,T,T,T,T,T,T,T,T,T,T,T,T,C,T
14447,C,C,C,C,C,C,C,C,C,C,C,C,C,C,C,A,C
14448,T,T,T,T,T,T,T,T,T,T,T,T,T,T,T,A,T
14450,A,A,A,A,A,A,A,A,A,A,A,A,A,A,A,G,A
14453,T,T,T,T,T,T,T,T,T,T,T,T,T,T,T,C,T
14456,T,T,T,T,T,T,T,T,T,T,T,T,T,T,T,C,T
14462,A,A,A,A,A,A,A,A,A,A,A,A,A,A,A,C,A
14465,T,T,T,T,T,T,T,T,T,T,T,T,T,T,T,C,T
14471,T,T,T,T,T,T,T,T,T,T,T,T,T,T,T,C,T
14480,C,C,C,C,C,C,C,C,C,C,C,C,C,C,C,A,C
14486,C,C,C,C,C,C,C,C,C,C,C,C,C,C,C,T,C
14504,G,G,G,G,G,G,G,G,G,G,G,G,G,G,G,A,G
14513,C,C,C,C,C,C,C,C,C,C,C,C,C,C,C,A,C
14534,C,C,C,C,C,C,C,T,C,C,C,C,C,C,C,C,C
14537,C,C,C,C,C,C,C,T,C,C,C,C,C,C,C,T,C
14540,C,C,C,C,C,C,C,C,C,C,C,C,C,C,C,A,C
14543,T,T,T,T,T,T,T,T,T,T,T,T,T,T,T,C,T
14555,A,A,A,A,A,A,A,A,A,A,A,A,A,A,G,A,A
14570,T,T,T,T,T,T,T,C,T,T,T,T,T,T,C,A,T
14600,C,C,C,C,C,C,C,C,C,C,C,C,C,C,C,T,C
14618,A,A,A,A,A,A,A,A,A,A,A,A,A,A,G,A,A
14633,A,A,A,A,A,A,A,A,A,A,A,A,A,A,A,G,A
14639,A,A,A,A,A,A,A,G,A,A,A,A,A,A,A,A,A
14642,G,G,G,G,G,G,G,A,G,G,G,G,G,A,G,G,G
14663,C,C,C,C,C,C,C,C,C,C,C,C,C,C,A,T,C
14667,T,T,T,T,T,T,T,T,T,T,T,T,T,T,T,C,T
14669,G,G,G,G,G,G,G,G,G,G,G,G,G,G,G,A,G
14684,T,T,T,T,T,T,T,T,T,T,T,T,T,T,T,C,T
14699,A,A,A,A,A,A,A,A,A,A,A,A,A,A,A,G,A
14705,T,T,T,T,T,T,T,T,T,T,T,T,T,T,T,C,T
14708,T,T,T,T,T,T,T,C,T,T,T,T,T,T,C,C,T
14714,G,G,G,G,G,G,G,G,G,G,G,G,G,G,G,A,G
14729,T,T,T,T,T,T,T,T,T,T,T,T,T,T,T,A,T
14735,C,C,C,C,C,C,C,T,C,C,C,C,C,C,T,C,C
14738,C,C,C,C,C,C,C,T,C,C,C,C,C,T,T,C,C
14741,C,C,C,C,C,C,C,C,C,C,C,C,C,C,C,T,C
14744,C,C,C,C,C,C,C,T,C,C,C,C,C,C,C,C,C
14747,C,C,C,C,C,C,C,C,C,C,C,C,C,C,C,T,C
14774,A,A,A,A,A,A,A,A,A,A,A,A,A,A,G,A,A
14775,T,T,T,T,T,T,T,T,T,T,T,T,T,T,T,C,T
14786,T,T,T,T,T,T,T,T,T,T,T,T,T,T,T,C,T
14798,T,T,T,T,T,T,T,C,T,T,T,T,T,T,T,T,T
14804,T,T,T,T,T,T,T,T,T,T,T,T,T,T,T,C,T
14807,C,C,C,C,C,C,C,T,C,C,C,C,C,C,C,C,C
14816,T,T,T,T,T,T,T,T,T,T,T,T,T,T,T,C,T
14837,T,T,T,T,T,T,T,C,T,T,T,T,T,T,T,T,T
14846,C,C,C,C,C,C,C,T,C,C,C,C,C,C,T,T,C
14852,C,C,C,C,C,C,C,C,C,C,C,C,C,C,C,T,C
14853,T,T,T,T,T,T,T,T,T,T,T,T,T,T,T,C,T
14856,A,A,A,A,A,A,A,A,A,A,A,A,A,A,A,C,A
14873,A,A,A,A,A,A,A,G,A,A,A,A,A,A,A,A,A
14876,A,A,A,A,A,A,A,A,A,A,A,A,A,A,A,G,A
14879,T,T,T,T,T,T,T,C,T,T,T,T,T,T,C,C,T
14885,A,A,A,A,A,A,A,G,A,A,A,A,A,A,G,A,A
14888,C,C,C,C,C,C,C,C,C,C,C,C,C,C,T,C,C
14909,C,C,C,C,C,C,C,C,C,C,C,C,C,C,C,T,C
14921,T,T,T,T,T,T,T,T,T,T,T,T,T,T,T,C,T
14924,T,T,T,T,T,T,T,C,T,T,T,T,T,T,T,C,T
14942,C,C,C,C,C,C,C,C,C,C,C,C,C,C,C,A,C
14960,A,A,A,A,A,A,A,A,A,A,A,A,A,A,G,A,A
14972,T,T,T,T,T,T,T,T,T,T,T,T,T,T,T,C,T
14975,A,A,A,A,A,A,A,A,A,A,A,A,A,A,A,C,A
14981,C,C,C,C,C,C,C,T,C,C,C,C,C,C,T,C,C
14985,C,C,C,C,C,C,C,C,C,C,C,C,C,C,C,T,C
15002,T,T,T,T,T,T,T,T,T,T,T,T,T,T,T,C,T
15014,T,T,T,T,T,T,T,T,T,T,T,T,T,T,T,A,T
15017,C,C,C,C,C,C,C,T,C,C,C,C,C,C,C,C,C
15018,C,C,C,C,C,C,C,C,C,C,C,C,C,C,C,T,C
15027,A,A,A,A,A,A,A,A,A,A,A,A,A,A,G,A,A
15029,C,C,C,C,C,C,C,C,C,C,C,C,C,C,T,C,C
15038,C,C,C,C,C,C,C,C,C,C,C,C,C,C,C,T,C
15053,A,A,A,A,A,A,A,A,A,A,A,A,A,A,T,A,A
15062,C,C,C,C,C,C,C,C,C,C,C,C,C,C,C,T,C
15065,T,T,T,T,T,T,T,T,T,T,T,T,T,T,T,C,T
15068,T,T,T,T,T,T,T,T,T,T,T,T,T,T,T,C,T
15071,C,C,C,C,C,C,C,C,C,C,C,C,C,C,C,T,C
15077,G,G,G,G,G,G,G,G,G,G,G,G,G,G,G,A,G
15113,T,T,T,T,T,T,T,T,T,T,T,T,T,T,T,C,T
15116,G,G,G,G,G,G,G,G,G,G,G,G,G,G,A,G,G
15119,C,C,C,C,C,C,C,C,C,C,C,C,C,C,C,T,C
15122,A,A,A,A,A,A,A,G,A,A,A,A,A,A,A,A,A
15123,A,G,A,A,A,A,A,A,A,A,A,A,A,A,A,A,A
15125,C,C,C,C,C,C,C,T,C,C,C,C,C,C,C,C,C
15134,C,C,C,C,C,C,C,T,C,C,C,C,C,C,T,A,C
15137,C,C,C,C,C,C,C,T,C,C,C,C,C,C,C,C,C
15143,T,T,T,T,T,T,T,T,T,T,T,T,T,T,T,G,T
15147,T,T,T,T,T,T,T,C,T,T,T,T,T,T,T,T,T
15152,C,C,C,C,C,C,C,C,C,C,C,C,C,C,C,T,C
15161,G,G,G,G,G,G,G,G,G,G,G,G,G,G,A,A,G
15167,A,A,A,A,A,A,A,G,A,A,A,A,A,A,A,A,A
15179,C,C,C,C,C,C,C,C,C,C,C,C,C,C,C,T,C
15185,T,T,T,T,T,T,T,T,T,T,T,T,T,T,T,C,T
15191,C,C,C,C,C,C,C,C,C,C,C,C,C,C,C,T,C
15201,C,C,C,C,C,C,C,C,C,C,C,C,C,C,C,T,C
15206,C,C,C,C,C,C,C,C,C,C,C,C,C,C,C,T,C
15209,C,C,C,C,C,C,C,T,C,C,C,C,C,C,C,C,C
15224,A,A,A,A,A,A,A,A,A,A,A,A,A,A,A,G,A
15236,T,T,T,T,T,T,T,T,T,T,T,T,T,T,T,C,T
15239,T,T,T,T,T,T,T,C,T,T,T,T,T,T,C,C,T
15242,A,A,A,A,A,A,A,G,A,A,A,A,A,A,A,A,A
15260,C,C,C,C,C,C,C,T,C,C,C,C,C,C,C,T,C
15295,A,A,A,A,A,A,A,A,A,A,A,A,A,A,G,A,A
15304,A,A,A,A,A,A,A,A,A,A,A,A,A,A,G,A,A
15305,C,C,C,C,C,C,C,T,C,C,C,C,C,C,C,C,C
15311,T,T,T,T,T,T,T,T,T,T,T,T,T,T,C,C,T
15339,C,C,C,C,C,C,C,C,C,C,C,C,C,C,A,C,C
15369,G,G,G,G,G,G,G,A,G,G,G,G,G,G,A,A,G
15370,C,C,C,C,C,C,C,C,C,C,C,C,C,C,C,T,C
15400,T,T,T,T,T,T,T,T,T,T,T,T,T,T,C,T,T
15423,A,A,A,A,A,A,A,A,A,A,A,A,A,A,T,A,A
15437,C,C,C,C,C,C,C,T,C,C,C,C,C,C,C,C,C
15447,C,C,C,C,C,C,C,T,C,C,C,C,C,C,T,T,C
15455,T,T,T,T,T,T,T,C,T,T,T,T,T,T,T,T,T
15476,C,C,C,C,C,C,C,C,C,C,C,C,C,C,C,T,C
15480,T,T,T,T,T,T,T,T,T,T,T,T,T,T,T,A,T
15499,T,T,T,T,T,T,T,A,T,T,T,T,T,A,A,A,T
15504,C,C,C,C,C,C,C,C,C,C,C,C,C,C,C,A,C
15508,A,A,A,A,A,A,A,A,A,A,A,A,A,A,T,A,A
15509,A,A,A,A,A,A,A,A,A,A,A,A,A,A,A,T,A
15517,G,G,G,G,G,G,G,A,G,G,G,G,G,G,A,A,G
15519,T,T,T,T,T,T,T,A,T,T,T,T,T,T,A,C,T
15520,C,C,C,C,C,C,C,T,C,C,C,C,C,C,T,T,C
15523,G,G,G,G,G,G,G,G,G,G,G,G,G,G,G,C,G
15524,T,T,T,T,T,T,T,T,T,T,T,T,T,T,C,A,T
15530,A,A,A,A,A,A,A,G,A,A,A,A,A,A,A,A,A
15532,T,T,T,T,T,T,T,C,T,T,T,T,T,T,C,C,T
15533,A,A,A,A,A,A,A,A,A,A,A,A,A,A,A,C,A
15536,C,C,C,C,C,C,C,T,C,C,C,C,C,C,T,A,C
15537,A,A,A,A,A,A,A,A,A,A,A,A,A,A,A,C,A
15547,A,A,A,A,A,A,A,A,A,A,A,A,A,A,A,C,A
15548,T,T,T,T,T,T,T,C,T,T,T,T,T,T,C,A,T
15549,C,C,C,C,C,C,C,T,C,C,C,C,C,T,T,T,C
15550,A,A,A,A,A,A,A,G,A,A,A,A,A,A,G,A,A
15551,A,A,A,A,A,A,A,-,A,A,A,A,A,A,-,-,A
15552,T,T,T,T,T,T,T,-,T,T,T,T,T,T,-,-,T
15553,A,A,A,A,A,A,A,A,A,A,A,A,A,A,A,C,A
15554,T,T,T,T,T,T,T,T,T,T,T,T,T,T,T,A,T
15555,A,A,A,A,A,A,A,A,A,A,A,A,A,A,A,C,A
15556,T,T,T,T,T,T,T,T,T,T,T,T,T,T,C,C,T
15557,A,A,A,A,A,A,A,A,A,A,A,A,A,A,A,C,A
15558,T,T,T,T,T,T,T,C,T,T,T,T,T,T,A,A,T
15559,A,A,A,A,A,A,A,A,A,A,A,A,A,A,A,T,A
15560,C,C,C,C,C,C,C,C,C,C,C,C,C,C,C,A,C
15573,C,C,C,C,C,C,C,A,C,C,C,C,C,C,A,C,C
15574,T,T,T,T,T,T,T,C,T,T,T,T,T,T,C,A,T
15575,T,T,T,T,T,T,T,C,T,T,T,T,T,T,T,T,T
15576,A,A,A,A,A,A,A,A,A,A,A,A,A,A,-,-,A
15578,A,A,A,A,A,A,A,A,A,A,A,A,A,T,A,A,A
15579,C,C,C,C,C,C,C,T,C,C,C,C,C,C,T,T,C
15584,T,T,T,T,T,T,T,C,T,T,T,T,T,T,C,T,T
15588,C,C,C,C,C,C,C,T,C,C,C,C,C,T,T,T,C
15589,T,T,T,T,T,T,T,T,T,T,T,T,T,T,T,C,T
15594,T,T,T,T,T,T,T,T,T,T,T,T,T,T,C,T,T
15596,A,A,A,A,A,A,A,T,A,A,A,A,A,A,T,T,A
15598,A,A,A,A,A,A,A,A,A,A,A,A,A,A,A,T,A
15600,G,G,G,G,G,G,G,G,G,G,G,G,G,G,A,A,G
15603,C,C,C,C,C,C,C,C,C,C,C,C,C,T,C,C,C
15643,T,T,T,T,T,T,T,T,T,T,T,T,T,T,T,C,T
15657,T,T,T,T,T,T,T,T,T,T,T,T,T,C,T,T,T
15864,T,T,T,T,T,T,T,T,T,T,T,T,T,T,T,A,T
15917,C,C,C,C,C,C,C,T,C,C,C,C,C,T,T,C,C
15922,T,T,T,T,T,T,T,T,T,T,T,T,T,T,T,A,T
15923,A,A,A,A,A,A,A,A,A,A,A,A,A,A,A,T,A
15928,G,G,G,G,G,G,G,G,G,G,G,G,G,G,G,A,G
15975,C,C,C,C,C,C,C,C,C,C,C,C,C,C,C,T,C
16016,A,A,A,A,A,A,A,A,A,A,A,A,A,A,A,G,A
16017,A,A,A,A,A,A,A,A,A,A,A,A,A,C,A,A,A
16028,T,T,T,T,T,T,T,T,T,T,T,T,T,T,T,C,T
16049,G,G,G,G,G,G,G,T,G,G,G,G,G,G,G,G,G
16060,A,A,A,A,A,A,A,A,A,A,A,A,A,A,A,T,A
16062,G,G,G,G,G,G,G,G,G,G,G,G,G,G,G,T,G
16063,C,C,C,C,C,C,C,C,C,C,C,C,C,C,C,T,C
16065,A,A,A,A,A,A,A,A,A,A,A,A,A,A,A,T,A
16066,C,C,C,C,C,C,C,C,C,C,C,C,C,C,C,T,C
16068,C,C,C,C,C,C,C,C,C,C,C,C,C,C,C,T,C
16074,C,C,C,C,C,C,C,T,C,C,C,C,C,C,C,T,C
16076,A,A,A,A,A,A,A,A,A,A,A,A,A,A,A,G,A
16105,T,T,T,T,T,T,T,T,T,T,T,T,T,T,T,A,T
16113,A,A,A,A,A,A,A,G,A,A,A,A,A,A,A,A,A
16152,T,T,T,T,T,T,T,T,T,T,T,T,T,T,T,A,T
16154,A,A,A,A,A,A,A,T,A,A,A,A,A,A,T,T,A
16163,A,A,A,A,A,A,A,A,A,A,A,A,A,A,A,G,A
16164,T,T,T,T,T,T,T,T,T,T,T,T,T,T,T,C,T
16184,A,A,A,A,A,A,A,A,A,A,A,A,A,A,G,A,A
16198,C,C,C,C,C,C,C,C,C,C,C,C,C,C,C,T,C
16211,T,T,T,T,T,T,T,C,T,T,T,T,T,T,C,T,T
16232,A,A,A,A,A,A,A,A,A,A,A,A,A,A,A,T,A
16248,T,T,T,T,T,T,T,C,T,T,T,T,T,T,C,C,T
16249,T,T,T,T,T,T,T,T,T,T,T,T,T,T,T,C,T
16252,G,G,G,G,G,G,G,G,G,G,G,G,G,G,G,G,A
16254,G,G,G,G,G,G,G,G,G,G,G,G,G,G,G,T,G
16256,A,A,A,A,A,A,A,A,A,A,A,A,A,A,A,G,A
16257,C,C,C,C,C,C,C,C,C,C,C,C,C,C,C,T,C
16268,A,A,A,A,A,A,A,A,A,A,A,A,A,G,A,A,A
16269,T,T,T,T,T,T,T,T,T,T,T,T,T,T,T,A,T
16270,C,C,C,C,C,C,C,C,C,C,C,C,C,C,C,T,C
16272,T,T,T,T,T,T,T,C,T,T,T,T,T,C,C,C,T
16274,C,C,C,C,C,C,C,C,C,C,C,C,C,C,C,T,C
16275,T,T,T,T,T,T,T,T,T,T,T,T,T,T,T,C,T
16279,T,T,T,T,T,T,T,T,T,T,T,T,T,T,T,C,T
16291,C,C,C,C,C,C,C,C,C,C,C,C,C,C,T,C,C
16294,T,T,T,T,T,T,T,T,T,T,T,T,T,T,T,A,T
16297,C,C,C,C,C,C,C,C,C,C,C,C,C,C,C,T,C
16298,A,A,A,A,A,A,A,A,A,A,A,A,A,A,A,G,A
